solid OpenSCAD_Model
  facet normal 0.031410758181054904 -0.9995065603939233 0
    outer loop
      vertex 145.32921066135168 -33.95152824372053 0
      vertex 145.11419402062893 -33.95828541368246 35.333333333333336
      vertex 145.11419402062893 -33.95828541368246 0
    endloop
  endfacet
  facet normal 0.031410758181054904 -0.9995065603939233 0
    outer loop
      vertex 145.32921066135168 -33.95152824372053 0
      vertex 145.32921066135168 -33.95152824372053 35.333333333333336
      vertex 145.11419402062893 -33.95828541368246 35.333333333333336
    endloop
  endfacet
  facet normal 0.09410832560163962 -0.9955619634419828 0
    outer loop
      vertex 145.51051982492208 -33.93438947945833 0
      vertex 145.32921066135168 -33.95152824372053 35.333333333333336
      vertex 145.32921066135168 -33.95152824372053 0
    endloop
  endfacet
  facet normal 0.09410832560163962 -0.9955619634419828 0
    outer loop
      vertex 145.51051982492208 -33.93438947945833 0
      vertex 145.51051982492208 -33.93438947945833 35.333333333333336
      vertex 145.32921066135168 -33.95152824372053 35.333333333333336
    endloop
  endfacet
  facet normal 0.15643447583688785 -0.9876883388851152 0
    outer loop
      vertex 145.6903948262334 -33.905900076031685 0
      vertex 145.51051982492208 -33.93438947945833 35.333333333333336
      vertex 145.51051982492208 -33.93438947945833 0
    endloop
  endfacet
  facet normal 0.15643447583688785 -0.9876883388851152 0
    outer loop
      vertex 145.6903948262334 -33.905900076031685 0
      vertex 145.6903948262334 -33.905900076031685 35.333333333333336
      vertex 145.51051982492208 -33.93438947945833 35.333333333333336
    endloop
  endfacet
  facet normal 0.21814324218445488 -0.9759167617626281 0
    outer loop
      vertex 145.86812625080347 -33.86617239564657 0
      vertex 145.6903948262334 -33.905900076031685 35.333333333333336
      vertex 145.6903948262334 -33.905900076031685 0
    endloop
  endfacet
  facet normal 0.21814324218445488 -0.9759167617626281 0
    outer loop
      vertex 145.86812625080347 -33.86617239564657 0
      vertex 145.86812625080347 -33.86617239564657 35.333333333333336
      vertex 145.6903948262334 -33.905900076031685 35.333333333333336
    endloop
  endfacet
  facet normal 0.278991120869494 -0.9602936813683528 0
    outer loop
      vertex 146.04301215708256 -33.815363340079784 0
      vertex 145.86812625080347 -33.86617239564657 35.333333333333336
      vertex 145.86812625080347 -33.86617239564657 0
    endloop
  endfacet
  facet normal 0.278991120869494 -0.9602936813683528 0
    outer loop
      vertex 146.04301215708256 -33.815363340079784 0
      vertex 146.04301215708256 -33.815363340079784 35.333333333333336
      vertex 145.86812625080347 -33.86617239564657 35.333333333333336
    endloop
  endfacet
  facet normal 0.3387379012731382 -0.9408807757846206 0
    outer loop
      vertex 146.21436294913292 -33.753673262894154 0
      vertex 146.04301215708256 -33.815363340079784 35.333333333333336
      vertex 146.04301215708256 -33.815363340079784 0
    endloop
  endfacet
  facet normal 0.3387379012731382 -0.9408807757846206 0
    outer loop
      vertex 146.21436294913292 -33.753673262894154 0
      vertex 146.21436294913292 -33.753673262894154 35.333333333333336
      vertex 146.04301215708256 -33.815363340079784 35.333333333333336
    endloop
  endfacet
  facet normal 0.3971478760436176 -0.9177546319981411 0
    outer loop
      vertex 146.38150188326836 -33.68134579062462 0
      vertex 146.21436294913292 -33.753673262894154 35.333333333333336
      vertex 146.21436294913292 -33.753673262894154 0
    endloop
  endfacet
  facet normal 0.3971478760436176 -0.9177546319981411 0
    outer loop
      vertex 146.38150188326836 -33.68134579062462 0
      vertex 146.38150188326836 -33.68134579062462 35.333333333333336
      vertex 146.21436294913292 -33.753673262894154 35.333333333333336
    endloop
  endfacet
  facet normal 0.4539905141821332 -0.8910065168295024 0
    outer loop
      vertex 146.5437694787979 -33.598666317760944 0
      vertex 146.38150188326836 -33.68134579062462 35.333333333333336
      vertex 146.38150188326836 -33.68134579062462 0
    endloop
  endfacet
  facet normal 0.4539905141821332 -0.8910065168295024 0
    outer loop
      vertex 146.5437694787979 -33.598666317760944 0
      vertex 146.5437694787979 -33.598666317760944 35.333333333333336
      vertex 146.38150188326836 -33.68134579062462 35.333333333333336
    endloop
  endfacet
  facet normal 0.509041424183609 -0.8607420220165407 0
    outer loop
      vertex 146.70052552968264 -33.505961045622826 0
      vertex 146.5437694787979 -33.598666317760944 35.333333333333336
      vertex 146.5437694787979 -33.598666317760944 0
    endloop
  endfacet
  facet normal 0.509041424183609 -0.8607420220165407 0
    outer loop
      vertex 146.70052552968264 -33.505961045622826 0
      vertex 146.70052552968264 -33.505961045622826 35.333333333333336
      vertex 146.5437694787979 -33.598666317760944 35.333333333333336
    endloop
  endfacet
  facet normal 0.5620833599956209 -0.827080586409833 0
    outer loop
      vertex 146.8511512055993 -33.40359594672918 0
      vertex 146.70052552968264 -33.505961045622826 35.333333333333336
      vertex 146.70052552968264 -33.505961045622826 0
    endloop
  endfacet
  facet normal 0.5620833599956209 -0.827080586409833 0
    outer loop
      vertex 146.8511512055993 -33.40359594672918 0
      vertex 146.8511512055993 -33.40359594672918 35.333333333333336
      vertex 146.70052552968264 -33.505961045622826 35.333333333333336
    endloop
  endfacet
  facet normal 0.6129070541129915 -0.7901550120188662 0
    outer loop
      vertex 146.99505205452442 -33.29197500646114 0
      vertex 146.8511512055993 -33.40359594672918 35.333333333333336
      vertex 146.8511512055993 -33.40359594672918 0
    endloop
  endfacet
  facet normal 0.6129070541129915 -0.7901550120188662 0
    outer loop
      vertex 146.99505205452442 -33.29197500646114 0
      vertex 146.99505205452442 -33.29197500646114 35.333333333333336
      vertex 146.8511512055993 -33.40359594672918 35.333333333333336
    endloop
  endfacet
  facet normal 0.661311874581451 -0.7501110614686116 0
    outer loop
      vertex 147.13166023045778 -33.171538695693016 0
      vertex 146.99505205452442 -33.29197500646114 35.333333333333336
      vertex 146.99505205452442 -33.29197500646114 0
    endloop
  endfacet
  facet normal 0.661311874581451 -0.7501110614686116 0
    outer loop
      vertex 147.13166023045778 -33.171538695693016 0
      vertex 147.13166023045778 -33.171538695693016 35.333333333333336
      vertex 146.99505205452442 -33.29197500646114 35.333333333333336
    endloop
  endfacet
  facet normal 0.7071067811865476 -0.7071067811865476 0
    outer loop
      vertex 147.26043661683798 -33.04276230931282 0
      vertex 147.13166023045778 -33.171538695693016 35.333333333333336
      vertex 147.13166023045778 -33.171538695693016 0
    endloop
  endfacet
  facet normal 0.7071067811865476 -0.7071067811865476 0
    outer loop
      vertex 147.26043661683798 -33.04276230931282 0
      vertex 147.26043661683798 -33.04276230931282 35.333333333333336
      vertex 147.13166023045778 -33.171538695693016 35.333333333333336
    endloop
  endfacet
  facet normal 0.7501110614686116 -0.661311874581451 0
    outer loop
      vertex 147.3808729276061 -32.90615413337946 0
      vertex 147.26043661683798 -33.04276230931282 35.333333333333336
      vertex 147.26043661683798 -33.04276230931282 0
    endloop
  endfacet
  facet normal 0.7501110614686116 -0.661311874581451 0
    outer loop
      vertex 147.3808729276061 -32.90615413337946 0
      vertex 147.3808729276061 -32.90615413337946 35.333333333333336
      vertex 147.26043661683798 -33.04276230931282 35.333333333333336
    endloop
  endfacet
  facet normal 0.7901550120188662 -0.6129070541129915 0
    outer loop
      vertex 147.49249386787415 -32.762253284454346 0
      vertex 147.3808729276061 -32.90615413337946 35.333333333333336
      vertex 147.3808729276061 -32.90615413337946 0
    endloop
  endfacet
  facet normal 0.7901550120188662 -0.6129070541129915 0
    outer loop
      vertex 147.49249386787415 -32.762253284454346 0
      vertex 147.49249386787415 -32.762253284454346 35.333333333333336
      vertex 147.3808729276061 -32.90615413337946 35.333333333333336
    endloop
  endfacet
  facet normal 0.827080586409833 -0.5620833599956209 0
    outer loop
      vertex 147.5948589667678 -32.611627608537674 0
      vertex 147.49249386787415 -32.762253284454346 35.333333333333336
      vertex 147.49249386787415 -32.762253284454346 0
    endloop
  endfacet
  facet normal 0.827080586409833 -0.5620833599956209 0
    outer loop
      vertex 147.5948589667678 -32.611627608537674 0
      vertex 147.5948589667678 -32.611627608537674 35.333333333333336
      vertex 147.49249386787415 -32.762253284454346 35.333333333333336
    endloop
  endfacet
  facet normal 0.8607420220165407 -0.509041424183609 0
    outer loop
      vertex 147.6875642389059 -32.45487155765295 0
      vertex 147.5948589667678 -32.611627608537674 35.333333333333336
      vertex 147.5948589667678 -32.611627608537674 0
    endloop
  endfacet
  facet normal 0.8607420220165407 -0.509041424183609 0
    outer loop
      vertex 147.6875642389059 -32.45487155765295 0
      vertex 147.6875642389059 -32.45487155765295 35.333333333333336
      vertex 147.5948589667678 -32.611627608537674 35.333333333333336
    endloop
  endfacet
  facet normal 0.8910065168295024 -0.4539905141821332 0
    outer loop
      vertex 147.77024371176958 -32.292603962123394 0
      vertex 147.6875642389059 -32.45487155765295 35.333333333333336
      vertex 147.6875642389059 -32.45487155765295 0
    endloop
  endfacet
  facet normal 0.8910065168295024 -0.4539905141821332 0
    outer loop
      vertex 147.77024371176958 -32.292603962123394 0
      vertex 147.77024371176958 -32.292603962123394 35.333333333333336
      vertex 147.6875642389059 -32.45487155765295 35.333333333333336
    endloop
  endfacet
  facet normal 0.9177546319981411 -0.3971478760436176 0
    outer loop
      vertex 147.84257118403912 -32.12546502798796 0
      vertex 147.77024371176958 -32.292603962123394 35.333333333333336
      vertex 147.77024371176958 -32.292603962123394 0
    endloop
  endfacet
  facet normal 0.9177546319981411 -0.3971478760436176 0
    outer loop
      vertex 147.84257118403912 -32.12546502798796 0
      vertex 147.84257118403912 -32.12546502798796 35.333333333333336
      vertex 147.77024371176958 -32.292603962123394 35.333333333333336
    endloop
  endfacet
  facet normal 0.9408807757846206 -0.3387379012731382 0
    outer loop
      vertex 147.90426126122475 -31.954114235937595 0
      vertex 147.84257118403912 -32.12546502798796 35.333333333333336
      vertex 147.84257118403912 -32.12546502798796 0
    endloop
  endfacet
  facet normal 0.9408807757846206 -0.3387379012731382 0
    outer loop
      vertex 147.90426126122475 -31.954114235937595 0
      vertex 147.90426126122475 -31.954114235937595 35.333333333333336
      vertex 147.84257118403912 -32.12546502798796 35.333333333333336
    endloop
  endfacet
  facet normal 0.9602936827131173 -0.278991116240784 0
    outer loop
      vertex 147.9596753269434 -31.763377778232098 0
      vertex 147.90426126122475 -31.954114235937595 35.333333333333336
      vertex 147.90426126122475 -31.954114235937595 0
    endloop
  endfacet
  facet normal 0.9602936827131173 -0.278991116240784 0
    outer loop
      vertex 147.9596753269434 -31.763377778232098 0
      vertex 147.9596753269434 -31.763377778232098 35.333333333333336
      vertex 147.90426126122475 -31.954114235937595 35.333333333333336
    endloop
  endfacet
  facet normal 0.9723699066597055 -0.23344542107866584 0
    outer loop
      vertex 147.9809399843216 -31.674804128706455 0
      vertex 147.9596753269434 -31.763377778232098 35.333333333333336
      vertex 147.9596753269434 -31.763377778232098 0
    endloop
  endfacet
  facet normal 0.9723699066597055 -0.23344542107866584 0
    outer loop
      vertex 147.9809399843216 -31.674804128706455 0
      vertex 147.9809399843216 -31.674804128706455 35.333333333333336
      vertex 147.9596753269434 -31.763377778232098 35.333333333333336
    endloop
  endfacet
  facet normal 0.9759167621171889 -0.2181432405982412 0
    outer loop
      vertex 148.6926189288497 -28.490935541689396 0
      vertex 147.9809399843216 -31.674804128706455 35.333333333333336
      vertex 147.9809399843216 -31.674804128706455 0
    endloop
  endfacet
  facet normal 0.9759167621171889 -0.2181432405982412 0
    outer loop
      vertex 148.6926189288497 -28.490935541689396 0
      vertex 148.6926189288497 -28.490935541689396 35.333333333333336
      vertex 147.9809399843216 -31.674804128706455 35.333333333333336
    endloop
  endfacet
  facet normal 0.9822872542811708 -0.18738129596296 0
    outer loop
      vertex 148.73911356925964 -28.247202076017857 0
      vertex 148.6926189288497 -28.490935541689396 35.333333333333336
      vertex 148.6926189288497 -28.490935541689396 0
    endloop
  endfacet
  facet normal 0.9822872542811708 -0.18738129596296 0
    outer loop
      vertex 148.73911356925964 -28.247202076017857 0
      vertex 148.73911356925964 -28.247202076017857 35.333333333333336
      vertex 148.6926189288497 -28.490935541689396 35.333333333333336
    endloop
  endfacet
  facet normal 0.9876883407132151 -0.15643446429471977 0
    outer loop
      vertex 150.18816865235567 -19.098228305578232 0
      vertex 148.73911356925964 -28.247202076017857 35.333333333333336
      vertex 148.73911356925964 -28.247202076017857 0
    endloop
  endfacet
  facet normal 0.9876883407132151 -0.15643446429471977 0
    outer loop
      vertex 150.18816865235567 -19.098228305578232 0
      vertex 150.18816865235567 -19.098228305578232 35.333333333333336
      vertex 148.73911356925964 -28.247202076017857 35.333333333333336
    endloop
  endfacet
  facet normal 0.9921146987178392 -0.12533325411881327 0
    outer loop
      vertex 150.21926743537188 -18.85205613076687 0
      vertex 150.18816865235567 -19.098228305578232 35.333333333333336
      vertex 150.18816865235567 -19.098228305578232 0
    endloop
  endfacet
  facet normal 0.9921146987178392 -0.12533325411881327 0
    outer loop
      vertex 150.21926743537188 -18.85205613076687 0
      vertex 150.21926743537188 -18.85205613076687 35.333333333333336
      vertex 150.18816865235567 -19.098228305578232 35.333333333333336
    endloop
  endfacet
  facet normal 0.9955619645734052 -0.09410831363244149 0
    outer loop
      vertex 151.09099428355694 -9.630149371922016 0
      vertex 150.21926743537188 -18.85205613076687 35.333333333333336
      vertex 150.21926743537188 -18.85205613076687 0
    endloop
  endfacet
  facet normal 0.9955619645734052 -0.09410831363244149 0
    outer loop
      vertex 151.09099428355694 -9.630149371922016 0
      vertex 151.09099428355694 -9.630149371922016 35.333333333333336
      vertex 150.21926743537188 -18.85205613076687 35.333333333333336
    endloop
  endfacet
  facet normal 0.9980267297826861 -0.06279049800150764 0
    outer loop
      vertex 151.10657441616058 -9.382510170340538 0
      vertex 151.09099428355694 -9.630149371922016 35.333333333333336
      vertex 151.09099428355694 -9.630149371922016 0
    endloop
  endfacet
  facet normal 0.9980267297826861 -0.06279049800150764 0
    outer loop
      vertex 151.10657441616058 -9.382510170340538 0
      vertex 151.10657441616058 -9.382510170340538 35.333333333333336
      vertex 151.09099428355694 -9.630149371922016 35.333333333333336
    endloop
  endfacet
  facet normal 0.9995065603508361 -0.03141075955210625 0
    outer loop
      vertex 151.39753279834986 -0.12406446784734726 0
      vertex 151.10657441616058 -9.382510170340538 35.333333333333336
      vertex 151.10657441616058 -9.382510170340538 0
    endloop
  endfacet
  facet normal 0.9995065603508361 -0.03141075955210625 0
    outer loop
      vertex 151.39753279834986 -0.12406446784734726 0
      vertex 151.39753279834986 -0.12406446784734726 35.333333333333336
      vertex 151.10657441616058 -9.382510170340538 35.333333333333336
    endloop
  endfacet
  facet normal 1 0 0
    outer loop
      vertex 151.39753279834986 0.12406446784734726 0
      vertex 151.39753279834986 -0.12406446784734726 35.333333333333336
      vertex 151.39753279834986 -0.12406446784734726 0
    endloop
  endfacet
  facet normal 1 0 0
    outer loop
      vertex 151.39753279834986 0.12406446784734726 0
      vertex 151.39753279834986 0.12406446784734726 35.333333333333336
      vertex 151.39753279834986 -0.12406446784734726 35.333333333333336
    endloop
  endfacet
  facet normal 0.9995065603508361 0.03141075955210625 0
    outer loop
      vertex 151.10657441616058 9.382510170340538 0
      vertex 151.39753279834986 0.12406446784734726 35.333333333333336
      vertex 151.39753279834986 0.12406446784734726 0
    endloop
  endfacet
  facet normal 0.9995065603508361 0.03141075955210625 0
    outer loop
      vertex 151.10657441616058 9.382510170340538 0
      vertex 151.10657441616058 9.382510170340538 35.333333333333336
      vertex 151.39753279834986 0.12406446784734726 35.333333333333336
    endloop
  endfacet
  facet normal 0.9980267297826861 0.06279049800150764 0
    outer loop
      vertex 151.09099428355694 9.630149371922016 0
      vertex 151.10657441616058 9.382510170340538 35.333333333333336
      vertex 151.10657441616058 9.382510170340538 0
    endloop
  endfacet
  facet normal 0.9980267297826861 0.06279049800150764 0
    outer loop
      vertex 151.09099428355694 9.630149371922016 0
      vertex 151.09099428355694 9.630149371922016 35.333333333333336
      vertex 151.10657441616058 9.382510170340538 35.333333333333336
    endloop
  endfacet
  facet normal 0.9955619645734052 0.09410831363244149 0
    outer loop
      vertex 150.21926743537188 18.85205613076687 0
      vertex 151.09099428355694 9.630149371922016 35.333333333333336
      vertex 151.09099428355694 9.630149371922016 0
    endloop
  endfacet
  facet normal 0.9955619645734052 0.09410831363244149 0
    outer loop
      vertex 150.21926743537188 18.85205613076687 0
      vertex 150.21926743537188 18.85205613076687 35.333333333333336
      vertex 151.09099428355694 9.630149371922016 35.333333333333336
    endloop
  endfacet
  facet normal 0.9921146987178392 0.12533325411881327 0
    outer loop
      vertex 150.18816865235567 19.098228305578232 0
      vertex 150.21926743537188 18.85205613076687 35.333333333333336
      vertex 150.21926743537188 18.85205613076687 0
    endloop
  endfacet
  facet normal 0.9921146987178392 0.12533325411881327 0
    outer loop
      vertex 150.18816865235567 19.098228305578232 0
      vertex 150.18816865235567 19.098228305578232 35.333333333333336
      vertex 150.21926743537188 18.85205613076687 35.333333333333336
    endloop
  endfacet
  facet normal 0.9876883407132151 0.15643446429471977 0
    outer loop
      vertex 148.73911356925964 28.247202076017857 0
      vertex 150.18816865235567 19.098228305578232 35.333333333333336
      vertex 150.18816865235567 19.098228305578232 0
    endloop
  endfacet
  facet normal 0.9876883407132151 0.15643446429471977 0
    outer loop
      vertex 148.73911356925964 28.247202076017857 0
      vertex 148.73911356925964 28.247202076017857 35.333333333333336
      vertex 150.18816865235567 19.098228305578232 35.333333333333336
    endloop
  endfacet
  facet normal 0.9822872542811708 0.18738129596296 0
    outer loop
      vertex 148.6926189288497 28.490935541689396 0
      vertex 148.73911356925964 28.247202076017857 35.333333333333336
      vertex 148.73911356925964 28.247202076017857 0
    endloop
  endfacet
  facet normal 0.9822872542811708 0.18738129596296 0
    outer loop
      vertex 148.6926189288497 28.490935541689396 0
      vertex 148.6926189288497 28.490935541689396 35.333333333333336
      vertex 148.73911356925964 28.247202076017857 35.333333333333336
    endloop
  endfacet
  facet normal 0.975916762134807 0.21814324051942188 0
    outer loop
      vertex 147.98453836888075 31.6587058827281 0
      vertex 148.6926189288497 28.490935541689396 35.333333333333336
      vertex 148.6926189288497 28.490935541689396 0
    endloop
  endfacet
  facet normal 0.975916762134807 0.21814324051942188 0
    outer loop
      vertex 147.98453836888075 31.6587058827281 0
      vertex 147.98453836888075 31.6587058827281 35.333333333333336
      vertex 148.6926189288497 28.490935541689396 35.333333333333336
    endloop
  endfacet
  facet normal 0.9685831530874486 0.24868991848319105 0
    outer loop
      vertex 147.9310394525528 31.867070376873016 0
      vertex 147.98453836888075 31.6587058827281 35.333333333333336
      vertex 147.98453836888075 31.6587058827281 0
    endloop
  endfacet
  facet normal 0.9685831530874486 0.24868991848319105 0
    outer loop
      vertex 147.9310394525528 31.867070376873016 0
      vertex 147.9310394525528 31.867070376873016 35.333333333333336
      vertex 147.98453836888075 31.6587058827281 35.333333333333336
    endloop
  endfacet
  facet normal 0.9510565160113901 0.3090169952482817 0
    outer loop
      vertex 147.8747621178627 32.04027420282364 0
      vertex 147.9310394525528 31.867070376873016 35.333333333333336
      vertex 147.9310394525528 31.867070376873016 0
    endloop
  endfacet
  facet normal 0.9510565160113901 0.3090169952482817 0
    outer loop
      vertex 147.8747621178627 32.04027420282364 0
      vertex 147.8747621178627 32.04027420282364 35.333333333333336
      vertex 147.9310394525528 31.867070376873016 35.333333333333336
    endloop
  endfacet
  facet normal 0.9297764976829215 0.3681245228947404 0
    outer loop
      vertex 147.80772031843662 32.20960247516632 0
      vertex 147.8747621178627 32.04027420282364 35.333333333333336
      vertex 147.8747621178627 32.04027420282364 0
    endloop
  endfacet
  facet normal 0.9297764976829215 0.3681245228947404 0
    outer loop
      vertex 147.80772031843662 32.20960247516632 0
      vertex 147.80772031843662 32.20960247516632 35.333333333333336
      vertex 147.8747621178627 32.04027420282364 35.333333333333336
    endloop
  endfacet
  facet normal 0.9048270483081035 0.425779300401094 0
    outer loop
      vertex 147.73017850518227 32.374387212097645 0
      vertex 147.80772031843662 32.20960247516632 35.333333333333336
      vertex 147.80772031843662 32.20960247516632 0
    endloop
  endfacet
  facet normal 0.9048270483081035 0.425779300401094 0
    outer loop
      vertex 147.73017850518227 32.374387212097645 0
      vertex 147.73017850518227 32.374387212097645 35.333333333333336
      vertex 147.80772031843662 32.20960247516632 35.333333333333336
    endloop
  endfacet
  facet normal 0.8763066770425152 0.48175367956114756 0
    outer loop
      vertex 147.6424428075552 32.53397785127163 0
      vertex 147.73017850518227 32.374387212097645 35.333333333333336
      vertex 147.73017850518227 32.374387212097645 0
    endloop
  endfacet
  facet normal 0.8763066770425152 0.48175367956114756 0
    outer loop
      vertex 147.6424428075552 32.53397785127163 0
      vertex 147.6424428075552 32.53397785127163 35.333333333333336
      vertex 147.73017850518227 32.374387212097645 35.333333333333336
    endloop
  endfacet
  facet normal 0.8443279337957174 0.5358267819102128 0
    outer loop
      vertex 147.5448595955968 32.68774439394474 0
      vertex 147.6424428075552 32.53397785127163 35.333333333333336
      vertex 147.6424428075552 32.53397785127163 0
    endloop
  endfacet
  facet normal 0.8443279337957174 0.5358267819102128 0
    outer loop
      vertex 147.5448595955968 32.68774439394474 0
      vertex 147.5448595955968 32.68774439394474 35.333333333333336
      vertex 147.6424428075552 32.53397785127163 35.333333333333336
    endloop
  endfacet
  facet normal 0.8090169970504281 0.5877852486099899 0
    outer loop
      vertex 147.4378136843443 32.835080452263355 0
      vertex 147.5448595955968 32.68774439394474 35.333333333333336
      vertex 147.5448595955968 32.68774439394474 0
    endloop
  endfacet
  facet normal 0.8090169970504281 0.5877852486099899 0
    outer loop
      vertex 147.4378136843443 32.835080452263355 0
      vertex 147.4378136843443 32.835080452263355 35.333333333333336
      vertex 147.5448595955968 32.68774439394474 35.333333333333336
    endloop
  endfacet
  facet normal 0.7705132397351523 0.6374239934241882 0
    outer loop
      vertex 147.32172773778439 32.975404255092144 0
      vertex 147.4378136843443 32.835080452263355 35.333333333333336
      vertex 147.4378136843443 32.835080452263355 0
    endloop
  endfacet
  facet normal 0.7705132397351523 0.6374239934241882 0
    outer loop
      vertex 147.32172773778439 32.975404255092144 0
      vertex 147.32172773778439 32.975404255092144 35.333333333333336
      vertex 147.4378136843443 32.835080452263355 35.333333333333336
    endloop
  endfacet
  facet normal 0.7289686232216939 0.6845471104009337 0
    outer loop
      vertex 147.1970599219203 33.10816199332476 0
      vertex 147.32172773778439 32.975404255092144 35.333333333333336
      vertex 147.32172773778439 32.975404255092144 0
    endloop
  endfacet
  facet normal 0.7289686232216939 0.6845471104009337 0
    outer loop
      vertex 147.1970599219203 33.10816199332476 0
      vertex 147.1970599219203 33.10816199332476 35.333333333333336
      vertex 147.32172773778439 32.975404255092144 35.333333333333336
    endloop
  endfacet
  facet normal 0.6845471104009337 0.7289686232216939 0
    outer loop
      vertex 147.0643021836877 33.23282980918884 0
      vertex 147.1970599219203 33.10816199332476 35.333333333333336
      vertex 147.1970599219203 33.10816199332476 0
    endloop
  endfacet
  facet normal 0.6845471104009337 0.7289686232216939 0
    outer loop
      vertex 147.0643021836877 33.23282980918884 0
      vertex 147.0643021836877 33.23282980918884 35.333333333333336
      vertex 147.1970599219203 33.10816199332476 35.333333333333336
    endloop
  endfacet
  facet normal 0.6374239934241882 0.7705132397351523 0
    outer loop
      vertex 146.9239783808589 33.34891575574875 0
      vertex 147.0643021836877 33.23282980918884 35.333333333333336
      vertex 147.0643021836877 33.23282980918884 0
    endloop
  endfacet
  facet normal 0.6374239934241882 0.7705132397351523 0
    outer loop
      vertex 146.9239783808589 33.34891575574875 0
      vertex 146.9239783808589 33.34891575574875 35.333333333333336
      vertex 147.0643021836877 33.23282980918884 35.333333333333336
    endloop
  endfacet
  facet normal 0.5877852486099899 0.8090169970504281 0
    outer loop
      vertex 146.77664232254028 33.45596166700125 0
      vertex 146.9239783808589 33.34891575574875 35.333333333333336
      vertex 146.9239783808589 33.34891575574875 0
    endloop
  endfacet
  facet normal 0.5877852486099899 0.8090169970504281 0
    outer loop
      vertex 146.77664232254028 33.45596166700125 0
      vertex 146.77664232254028 33.45596166700125 35.333333333333336
      vertex 146.9239783808589 33.34891575574875 35.333333333333336
    endloop
  endfacet
  facet normal 0.5358267819102128 0.8443279337957174 0
    outer loop
      vertex 146.62287577986717 33.553544878959656 0
      vertex 146.77664232254028 33.45596166700125 35.333333333333336
      vertex 146.77664232254028 33.45596166700125 0
    endloop
  endfacet
  facet normal 0.5358267819102128 0.8443279337957174 0
    outer loop
      vertex 146.62287577986717 33.553544878959656 0
      vertex 146.62287577986717 33.553544878959656 35.333333333333336
      vertex 146.77664232254028 33.45596166700125 35.333333333333336
    endloop
  endfacet
  facet normal 0.48175367956114756 0.8763066770425152 0
    outer loop
      vertex 146.4632851406932 33.64128057658672 0
      vertex 146.62287577986717 33.553544878959656 35.333333333333336
      vertex 146.62287577986717 33.553544878959656 0
    endloop
  endfacet
  facet normal 0.48175367956114756 0.8763066770425152 0
    outer loop
      vertex 146.4632851406932 33.64128057658672 0
      vertex 146.4632851406932 33.64128057658672 35.333333333333336
      vertex 146.62287577986717 33.553544878959656 35.333333333333336
    endloop
  endfacet
  facet normal 0.425779300401094 0.9048270483081035 0
    outer loop
      vertex 146.29850040376186 33.71882238984108 0
      vertex 146.4632851406932 33.64128057658672 35.333333333333336
      vertex 146.4632851406932 33.64128057658672 0
    endloop
  endfacet
  facet normal 0.425779300401094 0.9048270483081035 0
    outer loop
      vertex 146.29850040376186 33.71882238984108 0
      vertex 146.29850040376186 33.71882238984108 35.333333333333336
      vertex 146.4632851406932 33.64128057658672 35.333333333333336
    endloop
  endfacet
  facet normal 0.3681245228947404 0.9297764976829215 0
    outer loop
      vertex 146.12917213141918 33.78586418926716 0
      vertex 146.29850040376186 33.71882238984108 35.333333333333336
      vertex 146.29850040376186 33.71882238984108 0
    endloop
  endfacet
  facet normal 0.3681245228947404 0.9297764976829215 0
    outer loop
      vertex 146.12917213141918 33.78586418926716 0
      vertex 146.12917213141918 33.78586418926716 35.333333333333336
      vertex 146.29850040376186 33.71882238984108 35.333333333333336
    endloop
  endfacet
  facet normal 0.3090169952482817 0.9510565160113901 0
    outer loop
      vertex 145.95596830546856 33.84214152395725 0
      vertex 146.12917213141918 33.78586418926716 35.333333333333336
      vertex 146.12917213141918 33.78586418926716 0
    endloop
  endfacet
  facet normal 0.3090169952482817 0.9510565160113901 0
    outer loop
      vertex 145.95596830546856 33.84214152395725 0
      vertex 145.95596830546856 33.84214152395725 35.333333333333336
      vertex 146.12917213141918 33.78586418926716 35.333333333333336
    endloop
  endfacet
  facet normal 0.24868990659710674 0.9685831561392766 0
    outer loop
      vertex 145.77957259863615 33.887432247400284 0
      vertex 145.95596830546856 33.84214152395725 35.333333333333336
      vertex 145.95596830546856 33.84214152395725 0
    endloop
  endfacet
  facet normal 0.24868990659710674 0.9685831561392766 0
    outer loop
      vertex 145.77957259863615 33.887432247400284 0
      vertex 145.77957259863615 33.887432247400284 35.333333333333336
      vertex 145.95596830546856 33.84214152395725 35.333333333333336
    endloop
  endfacet
  facet normal 0.18738131267235533 0.9822872510936834 0
    outer loop
      vertex 145.6006810888648 33.92155762761831 0
      vertex 145.77957259863615 33.887432247400284 35.333333333333336
      vertex 145.77957259863615 33.887432247400284 0
    endloop
  endfacet
  facet normal 0.18738131267235533 0.9822872510936834 0
    outer loop
      vertex 145.6006810888648 33.92155762761831 0
      vertex 145.6006810888648 33.92155762761831 35.333333333333336
      vertex 145.77957259863615 33.887432247400284 35.333333333333336
    endloop
  endfacet
  facet normal 0.12533326857670588 0.9921146968913821 0
    outer loop
      vertex 145.4199998676777 33.94438298046589 0
      vertex 145.6006810888648 33.92155762761831 35.333333333333336
      vertex 145.6006810888648 33.92155762761831 0
    endloop
  endfacet
  facet normal 0.12533326857670588 0.9921146968913821 0
    outer loop
      vertex 145.4199998676777 33.94438298046589 0
      vertex 145.4199998676777 33.94438298046589 35.333333333333336
      vertex 145.6006810888648 33.92155762761831 35.333333333333336
    endloop
  endfacet
  facet normal 0.0627905052532128 0.9980267293264476 0
    outer loop
      vertex 145.22176868468523 33.95685462653637 0
      vertex 145.4199998676777 33.94438298046589 35.333333333333336
      vertex 145.4199998676777 33.94438298046589 0
    endloop
  endfacet
  facet normal 0.0627905052532128 0.9980267293264476 0
    outer loop
      vertex 145.22176868468523 33.95685462653637 0
      vertex 145.22176868468523 33.95685462653637 35.333333333333336
      vertex 145.4199998676777 33.94438298046589 35.333333333333336
    endloop
  endfacet
  facet normal 0.0157073424933444 0.9998766320860775 0
    outer loop
      vertex 145.13068958371878 33.95828541368246 0
      vertex 145.22176868468523 33.95685462653637 35.333333333333336
      vertex 145.22176868468523 33.95685462653637 0
    endloop
  endfacet
  facet normal 0.0157073424933444 0.9998766320860775 0
    outer loop
      vertex 145.13068958371878 33.95828541368246 0
      vertex 145.13068958371878 33.95828541368246 35.333333333333336
      vertex 145.22176868468523 33.95685462653637 35.333333333333336
    endloop
  endfacet
  facet normal 0 1 0
    outer loop
      vertex 134.93845327943563 33.95828541368246 0
      vertex 145.13068958371878 33.95828541368246 35.333333333333336
      vertex 145.13068958371878 33.95828541368246 0
    endloop
  endfacet
  facet normal 0 1 0
    outer loop
      vertex 134.93845327943563 33.95828541368246 0
      vertex 134.93845327943563 33.95828541368246 35.333333333333336
      vertex 145.13068958371878 33.95828541368246 35.333333333333336
    endloop
  endfacet
  facet normal -0.031410757093708934 0.9995065604280945 0
    outer loop
      vertex 134.7234366312623 33.95152824372053 0
      vertex 134.93845327943563 33.95828541368246 35.333333333333336
      vertex 134.93845327943563 33.95828541368246 0
    endloop
  endfacet
  facet normal -0.031410757093708934 0.9995065604280945 0
    outer loop
      vertex 134.7234366312623 33.95152824372053 0
      vertex 134.7234366312623 33.95152824372053 35.333333333333336
      vertex 134.93845327943563 33.95828541368246 35.333333333333336
    endloop
  endfacet
  facet normal -0.09410832560163962 0.9955619634419828 0
    outer loop
      vertex 134.5421274676919 33.93438947945833 0
      vertex 134.7234366312623 33.95152824372053 35.333333333333336
      vertex 134.7234366312623 33.95152824372053 0
    endloop
  endfacet
  facet normal -0.09410832560163962 0.9955619634419828 0
    outer loop
      vertex 134.5421274676919 33.93438947945833 0
      vertex 134.5421274676919 33.93438947945833 35.333333333333336
      vertex 134.7234366312623 33.95152824372053 35.333333333333336
    endloop
  endfacet
  facet normal -0.15643447583688785 0.9876883388851152 0
    outer loop
      vertex 134.3622524663806 33.905900076031685 0
      vertex 134.5421274676919 33.93438947945833 35.333333333333336
      vertex 134.5421274676919 33.93438947945833 0
    endloop
  endfacet
  facet normal -0.15643447583688785 0.9876883388851152 0
    outer loop
      vertex 134.3622524663806 33.905900076031685 0
      vertex 134.3622524663806 33.905900076031685 35.333333333333336
      vertex 134.5421274676919 33.93438947945833 35.333333333333336
    endloop
  endfacet
  facet normal -0.21814324218445488 0.9759167617626281 0
    outer loop
      vertex 134.1845210418105 33.86617239564657 0
      vertex 134.3622524663806 33.905900076031685 35.333333333333336
      vertex 134.3622524663806 33.905900076031685 0
    endloop
  endfacet
  facet normal -0.21814324218445488 0.9759167617626281 0
    outer loop
      vertex 134.1845210418105 33.86617239564657 0
      vertex 134.1845210418105 33.86617239564657 35.333333333333336
      vertex 134.3622524663806 33.905900076031685 35.333333333333336
    endloop
  endfacet
  facet normal -0.278991120869494 0.9602936813683528 0
    outer loop
      vertex 134.00963513553143 33.815363340079784 0
      vertex 134.1845210418105 33.86617239564657 35.333333333333336
      vertex 134.1845210418105 33.86617239564657 0
    endloop
  endfacet
  facet normal -0.278991120869494 0.9602936813683528 0
    outer loop
      vertex 134.00963513553143 33.815363340079784 0
      vertex 134.00963513553143 33.815363340079784 35.333333333333336
      vertex 134.1845210418105 33.86617239564657 35.333333333333336
    endloop
  endfacet
  facet normal -0.3387379012731382 0.9408807757846206 0
    outer loop
      vertex 133.83828434348106 33.753673262894154 0
      vertex 134.00963513553143 33.815363340079784 35.333333333333336
      vertex 134.00963513553143 33.815363340079784 0
    endloop
  endfacet
  facet normal -0.3387379012731382 0.9408807757846206 0
    outer loop
      vertex 133.83828434348106 33.753673262894154 0
      vertex 133.83828434348106 33.753673262894154 35.333333333333336
      vertex 134.00963513553143 33.815363340079784 35.333333333333336
    endloop
  endfacet
  facet normal -0.3971478760436176 0.9177546319981411 0
    outer loop
      vertex 133.67114540934563 33.68134579062462 0
      vertex 133.83828434348106 33.753673262894154 35.333333333333336
      vertex 133.83828434348106 33.753673262894154 0
    endloop
  endfacet
  facet normal -0.3971478760436176 0.9177546319981411 0
    outer loop
      vertex 133.67114540934563 33.68134579062462 0
      vertex 133.67114540934563 33.68134579062462 35.333333333333336
      vertex 133.83828434348106 33.753673262894154 35.333333333333336
    endloop
  endfacet
  facet normal -0.4539905141821332 0.8910065168295024 0
    outer loop
      vertex 133.50887781381607 33.598666317760944 0
      vertex 133.67114540934563 33.68134579062462 35.333333333333336
      vertex 133.67114540934563 33.68134579062462 0
    endloop
  endfacet
  facet normal -0.4539905141821332 0.8910065168295024 0
    outer loop
      vertex 133.50887781381607 33.598666317760944 0
      vertex 133.50887781381607 33.598666317760944 35.333333333333336
      vertex 133.67114540934563 33.68134579062462 35.333333333333336
    endloop
  endfacet
  facet normal -0.509041424183609 0.8607420220165407 0
    outer loop
      vertex 133.35212176293135 33.505961045622826 0
      vertex 133.50887781381607 33.598666317760944 35.333333333333336
      vertex 133.50887781381607 33.598666317760944 0
    endloop
  endfacet
  facet normal -0.509041424183609 0.8607420220165407 0
    outer loop
      vertex 133.35212176293135 33.505961045622826 0
      vertex 133.35212176293135 33.505961045622826 35.333333333333336
      vertex 133.50887781381607 33.598666317760944 35.333333333333336
    endloop
  endfacet
  facet normal -0.5620833599956209 0.827080586409833 0
    outer loop
      vertex 133.20149608701468 33.40359594672918 0
      vertex 133.35212176293135 33.505961045622826 35.333333333333336
      vertex 133.35212176293135 33.505961045622826 0
    endloop
  endfacet
  facet normal -0.5620833599956209 0.827080586409833 0
    outer loop
      vertex 133.20149608701468 33.40359594672918 0
      vertex 133.20149608701468 33.40359594672918 35.333333333333336
      vertex 133.35212176293135 33.505961045622826 35.333333333333336
    endloop
  endfacet
  facet normal -0.6129070541129915 0.7901550120188662 0
    outer loop
      vertex 133.05759523808956 33.29197500646114 0
      vertex 133.20149608701468 33.40359594672918 35.333333333333336
      vertex 133.20149608701468 33.40359594672918 0
    endloop
  endfacet
  facet normal -0.6129070541129915 0.7901550120188662 0
    outer loop
      vertex 133.05759523808956 33.29197500646114 0
      vertex 133.05759523808956 33.29197500646114 35.333333333333336
      vertex 133.20149608701468 33.40359594672918 35.333333333333336
    endloop
  endfacet
  facet normal -0.661311874581451 0.7501110614686116 0
    outer loop
      vertex 132.9209870621562 33.171538695693016 0
      vertex 133.05759523808956 33.29197500646114 35.333333333333336
      vertex 133.05759523808956 33.29197500646114 0
    endloop
  endfacet
  facet normal -0.661311874581451 0.7501110614686116 0
    outer loop
      vertex 132.9209870621562 33.171538695693016 0
      vertex 132.9209870621562 33.171538695693016 35.333333333333336
      vertex 133.05759523808956 33.29197500646114 35.333333333333336
    endloop
  endfacet
  facet normal -0.7071067811865476 0.7071067811865476 0
    outer loop
      vertex 132.792210675776 33.04276230931282 0
      vertex 132.9209870621562 33.171538695693016 35.333333333333336
      vertex 132.9209870621562 33.171538695693016 0
    endloop
  endfacet
  facet normal -0.7071067811865476 0.7071067811865476 0
    outer loop
      vertex 132.792210675776 33.04276230931282 0
      vertex 132.792210675776 33.04276230931282 35.333333333333336
      vertex 132.9209870621562 33.171538695693016 35.333333333333336
    endloop
  endfacet
  facet normal -0.7501110614686116 0.661311874581451 0
    outer loop
      vertex 132.67177436500788 32.90615413337946 0
      vertex 132.792210675776 33.04276230931282 35.333333333333336
      vertex 132.792210675776 33.04276230931282 0
    endloop
  endfacet
  facet normal -0.7501110614686116 0.661311874581451 0
    outer loop
      vertex 132.67177436500788 32.90615413337946 0
      vertex 132.67177436500788 32.90615413337946 35.333333333333336
      vertex 132.792210675776 33.04276230931282 35.333333333333336
    endloop
  endfacet
  facet normal -0.7901550120188662 0.6129070541129915 0
    outer loop
      vertex 132.56015342473984 32.762253284454346 0
      vertex 132.67177436500788 32.90615413337946 35.333333333333336
      vertex 132.67177436500788 32.90615413337946 0
    endloop
  endfacet
  facet normal -0.7901550120188662 0.6129070541129915 0
    outer loop
      vertex 132.56015342473984 32.762253284454346 0
      vertex 132.56015342473984 32.762253284454346 35.333333333333336
      vertex 132.67177436500788 32.90615413337946 35.333333333333336
    endloop
  endfacet
  facet normal -0.827080586409833 0.5620833599956209 0
    outer loop
      vertex 132.4577883258462 32.611627608537674 0
      vertex 132.56015342473984 32.762253284454346 35.333333333333336
      vertex 132.56015342473984 32.762253284454346 0
    endloop
  endfacet
  facet normal -0.827080586409833 0.5620833599956209 0
    outer loop
      vertex 132.4577883258462 32.611627608537674 0
      vertex 132.4577883258462 32.611627608537674 35.333333333333336
      vertex 132.56015342473984 32.762253284454346 35.333333333333336
    endloop
  endfacet
  facet normal -0.8607420220165407 0.509041424183609 0
    outer loop
      vertex 132.36508305370808 32.45487155765295 0
      vertex 132.4577883258462 32.611627608537674 35.333333333333336
      vertex 132.4577883258462 32.611627608537674 0
    endloop
  endfacet
  facet normal -0.8607420220165407 0.509041424183609 0
    outer loop
      vertex 132.36508305370808 32.45487155765295 0
      vertex 132.36508305370808 32.45487155765295 35.333333333333336
      vertex 132.4577883258462 32.611627608537674 35.333333333333336
    endloop
  endfacet
  facet normal -0.8910065168295024 0.4539905141821332 0
    outer loop
      vertex 132.2824035808444 32.292603962123394 0
      vertex 132.36508305370808 32.45487155765295 35.333333333333336
      vertex 132.36508305370808 32.45487155765295 0
    endloop
  endfacet
  facet normal -0.8910065168295024 0.4539905141821332 0
    outer loop
      vertex 132.2824035808444 32.292603962123394 0
      vertex 132.2824035808444 32.292603962123394 35.333333333333336
      vertex 132.36508305370808 32.45487155765295 35.333333333333336
    endloop
  endfacet
  facet normal -0.9177546319981411 0.3971478760436176 0
    outer loop
      vertex 132.21007610857487 32.12546502798796 0
      vertex 132.2824035808444 32.292603962123394 35.333333333333336
      vertex 132.2824035808444 32.292603962123394 0
    endloop
  endfacet
  facet normal -0.9177546319981411 0.3971478760436176 0
    outer loop
      vertex 132.21007610857487 32.12546502798796 0
      vertex 132.21007610857487 32.12546502798796 35.333333333333336
      vertex 132.2824035808444 32.292603962123394 35.333333333333336
    endloop
  endfacet
  facet normal -0.9408807757846206 0.3387379012731382 0
    outer loop
      vertex 132.14838603138924 31.954114235937595 0
      vertex 132.21007610857487 32.12546502798796 35.333333333333336
      vertex 132.21007610857487 32.12546502798796 0
    endloop
  endfacet
  facet normal -0.9408807757846206 0.3387379012731382 0
    outer loop
      vertex 132.14838603138924 31.954114235937595 0
      vertex 132.14838603138924 31.954114235937595 35.333333333333336
      vertex 132.21007610857487 32.12546502798796 35.333333333333336
    endloop
  endfacet
  facet normal -0.9602936813683528 0.278991120869494 0
    outer loop
      vertex 132.09757697582245 31.77922832965851 0
      vertex 132.14838603138924 31.954114235937595 35.333333333333336
      vertex 132.14838603138924 31.954114235937595 0
    endloop
  endfacet
  facet normal -0.9602936813683528 0.278991120869494 0
    outer loop
      vertex 132.09757697582245 31.77922832965851 0
      vertex 132.09757697582245 31.77922832965851 35.333333333333336
      vertex 132.14838603138924 31.954114235937595 35.333333333333336
    endloop
  endfacet
  facet normal -0.9759167617626281 0.21814324218445488 0
    outer loop
      vertex 132.05784929543734 31.601496905088425 0
      vertex 132.09757697582245 31.77922832965851 35.333333333333336
      vertex 132.09757697582245 31.77922832965851 0
    endloop
  endfacet
  facet normal -0.9759167617626281 0.21814324218445488 0
    outer loop
      vertex 132.05784929543734 31.601496905088425 0
      vertex 132.05784929543734 31.601496905088425 35.333333333333336
      vertex 132.09757697582245 31.77922832965851 35.333333333333336
    endloop
  endfacet
  facet normal -0.9876883388851152 0.15643447583688785 0
    outer loop
      vertex 132.0293598920107 31.421621903777122 0
      vertex 132.05784929543734 31.601496905088425 35.333333333333336
      vertex 132.05784929543734 31.601496905088425 0
    endloop
  endfacet
  facet normal -0.9876883388851152 0.15643447583688785 0
    outer loop
      vertex 132.0293598920107 31.421621903777122 0
      vertex 132.0293598920107 31.421621903777122 35.333333333333336
      vertex 132.05784929543734 31.601496905088425 35.333333333333336
    endloop
  endfacet
  facet normal -0.9955619634419828 0.09410832560163962 0
    outer loop
      vertex 132.0122211277485 31.24031274020672 0
      vertex 132.0293598920107 31.421621903777122 35.333333333333336
      vertex 132.0293598920107 31.421621903777122 0
    endloop
  endfacet
  facet normal -0.9955619634419828 0.09410832560163962 0
    outer loop
      vertex 132.0122211277485 31.24031274020672 0
      vertex 132.0122211277485 31.24031274020672 35.333333333333336
      vertex 132.0293598920107 31.421621903777122 35.333333333333336
    endloop
  endfacet
  facet normal -0.9995065608088877 0.03141074497667176 0
    outer loop
      vertex 132.00650069117546 31.058285415172577 0
      vertex 132.0122211277485 31.24031274020672 35.333333333333336
      vertex 132.0122211277485 31.24031274020672 0
    endloop
  endfacet
  facet normal -0.9995065608088877 0.03141074497667176 0
    outer loop
      vertex 132.00650069117546 31.058285415172577 0
      vertex 132.00650069117546 31.058285415172577 35.333333333333336
      vertex 132.0122211277485 31.24031274020672 35.333333333333336
    endloop
  endfacet
  facet normal -0.9995065589749101 -0.031410803334753094 0
    outer loop
      vertex 132.00917329639196 30.973241858184338 0
      vertex 132.00650069117546 31.058285415172577 35.333333333333336
      vertex 132.00650069117546 31.058285415172577 0
    endloop
  endfacet
  facet normal -0.9995065589749101 -0.031410803334753094 0
    outer loop
      vertex 132.00917329639196 30.973241858184338 0
      vertex 132.00917329639196 30.973241858184338 35.333333333333336
      vertex 132.00650069117546 31.058285415172577 35.333333333333336
    endloop
  endfacet
  facet normal -0.9759167616224099 -0.21814324281175534 0
    outer loop
      vertex 133.03243205696344 26.395445346832275 0
      vertex 132.00917329639196 30.973241858184338 35.333333333333336
      vertex 132.00917329639196 30.973241858184338 0
    endloop
  endfacet
  facet normal -0.9759167616224099 -0.21814324281175534 0
    outer loop
      vertex 133.03243205696344 26.395445346832275 0
      vertex 133.03243205696344 26.395445346832275 35.333333333333336
      vertex 132.00917329639196 30.973241858184338 35.333333333333336
    endloop
  endfacet
  facet normal -0.9775999172348173 -0.21047185517897285 0
    outer loop
      vertex 133.03937475383282 26.363197900354862 0
      vertex 133.03243205696344 26.395445346832275 35.333333333333336
      vertex 133.03243205696344 26.395445346832275 0
    endloop
  endfacet
  facet normal -0.9775999172348173 -0.21047185517897285 0
    outer loop
      vertex 133.03937475383282 26.363197900354862 0
      vertex 133.03937475383282 26.363197900354862 35.333333333333336
      vertex 133.03243205696344 26.395445346832275 35.333333333333336
    endloop
  endfacet
  facet normal -0.9792228061785724 -0.2027873168118803 0
    outer loop
      vertex 133.0712272003293 26.20938827097416 0
      vertex 133.03937475383282 26.363197900354862 35.333333333333336
      vertex 133.03937475383282 26.363197900354862 0
    endloop
  endfacet
  facet normal -0.9792228061785724 -0.2027873168118803 0
    outer loop
      vertex 133.0712272003293 26.20938827097416 0
      vertex 133.0712272003293 26.20938827097416 35.333333333333336
      vertex 133.03937475383282 26.363197900354862 35.333333333333336
    endloop
  endfacet
  facet normal -0.9837286330978797 -0.1796607258790217 0
    outer loop
      vertex 133.0890048146248 26.11204730719328 0
      vertex 133.0712272003293 26.20938827097416 35.333333333333336
      vertex 133.0712272003293 26.20938827097416 0
    endloop
  endfacet
  facet normal -0.9837286330978797 -0.1796607258790217 0
    outer loop
      vertex 133.0890048146248 26.11204730719328 0
      vertex 133.0890048146248 26.11204730719328 35.333333333333336
      vertex 133.0712272003293 26.20938827097416 35.333333333333336
    endloop
  endfacet
  facet normal -0.9876883389752495 -0.15643447526780155 0
    outer loop
      vertex 133.13814207166433 25.801806896924973 0
      vertex 133.0890048146248 26.11204730719328 35.333333333333336
      vertex 133.0890048146248 26.11204730719328 0
    endloop
  endfacet
  facet normal -0.9876883389752495 -0.15643447526780155 0
    outer loop
      vertex 133.13814207166433 25.801806896924973 0
      vertex 133.13814207166433 25.801806896924973 35.333333333333336
      vertex 133.0890048146248 26.11204730719328 35.333333333333336
    endloop
  endfacet
  facet normal -0.9921147007423207 -0.12533323809339403 0
    outer loop
      vertex 133.1546766832471 25.670921973884106 0
      vertex 133.13814207166433 25.801806896924973 35.333333333333336
      vertex 133.13814207166433 25.801806896924973 0
    endloop
  endfacet
  facet normal -0.9921147007423207 -0.12533323809339403 0
    outer loop
      vertex 133.1546766832471 25.670921973884106 0
      vertex 133.1546766832471 25.670921973884106 35.333333333333336
      vertex 133.13814207166433 25.801806896924973 35.333333333333336
    endloop
  endfacet
  facet normal -0.9955619685811953 -0.09410827123444164 0
    outer loop
      vertex 133.16681096702814 25.54255460202694 0
      vertex 133.1546766832471 25.670921973884106 35.333333333333336
      vertex 133.1546766832471 25.670921973884106 0
    endloop
  endfacet
  facet normal -0.9955619685811953 -0.09410827123444164 0
    outer loop
      vertex 133.16681096702814 25.54255460202694 0
      vertex 133.16681096702814 25.54255460202694 35.333333333333336
      vertex 133.1546766832471 25.670921973884106 35.333333333333336
    endloop
  endfacet
  facet normal -0.9759167539134044 -0.21814327729986044 0
    outer loop
      vertex 133.18234845995903 25.473043866455555 0
      vertex 133.16681096702814 25.54255460202694 35.333333333333336
      vertex 133.16681096702814 25.54255460202694 0
    endloop
  endfacet
  facet normal -0.9759167539134044 -0.21814327729986044 0
    outer loop
      vertex 133.18234845995903 25.473043866455555 0
      vertex 133.18234845995903 25.473043866455555 35.333333333333336
      vertex 133.16681096702814 25.54255460202694 35.333333333333336
    endloop
  endfacet
  facet normal -0.9822872435918824 -0.1873813519981696 0
    outer loop
      vertex 133.20706879347563 25.343455366790295 0
      vertex 133.18234845995903 25.473043866455555 35.333333333333336
      vertex 133.18234845995903 25.473043866455555 0
    endloop
  endfacet
  facet normal -0.9822872435918824 -0.1873813519981696 0
    outer loop
      vertex 133.20706879347563 25.343455366790295 0
      vertex 133.20706879347563 25.343455366790295 35.333333333333336
      vertex 133.18234845995903 25.473043866455555 35.333333333333336
    endloop
  endfacet
  facet normal -0.9876883403027197 -0.15643446688648588 0
    outer loop
      vertex 133.23372721672058 25.17514070868492 0
      vertex 133.20706879347563 25.343455366790295 35.333333333333336
      vertex 133.20706879347563 25.343455366790295 0
    endloop
  endfacet
  facet normal -0.9876883403027197 -0.15643446688648588 0
    outer loop
      vertex 133.23372721672058 25.17514070868492 0
      vertex 133.23372721672058 25.17514070868492 35.333333333333336
      vertex 133.20706879347563 25.343455366790295 35.333333333333336
    endloop
  endfacet
  facet normal -0.9921147068776545 -0.12533318952721817 0
    outer loop
      vertex 133.25026182085276 25.044255793094635 0
      vertex 133.23372721672058 25.17514070868492 35.333333333333336
      vertex 133.23372721672058 25.17514070868492 0
    endloop
  endfacet
  facet normal -0.9921147068776545 -0.12533318952721817 0
    outer loop
      vertex 133.25026182085276 25.044255793094635 0
      vertex 133.25026182085276 25.044255793094635 35.333333333333336
      vertex 133.23372721672058 25.17514070868492 35.333333333333336
    endloop
  endfacet
  facet normal -0.998026727852352 -0.06279052868329106 0
    outer loop
      vertex 133.25854547321796 24.91259092837572 0
      vertex 133.25026182085276 25.044255793094635 35.333333333333336
      vertex 133.25026182085276 25.044255793094635 0
    endloop
  endfacet
  facet normal -0.998026727852352 -0.06279052868329106 0
    outer loop
      vertex 133.25854547321796 24.91259092837572 0
      vertex 133.25854547321796 24.91259092837572 35.333333333333336
      vertex 133.25026182085276 25.044255793094635 35.333333333333336
    endloop
  endfacet
  facet normal -1 0 0
    outer loop
      vertex 133.25854547321796 24.78066574037075 0
      vertex 133.25854547321796 24.91259092837572 35.333333333333336
      vertex 133.25854547321796 24.91259092837572 0
    endloop
  endfacet
  facet normal -1 0 0
    outer loop
      vertex 133.25854547321796 24.78066574037075 0
      vertex 133.25854547321796 24.78066574037075 35.333333333333336
      vertex 133.25854547321796 24.91259092837572 35.333333333333336
    endloop
  endfacet
  facet normal -0.998026727852352 0.06279052868329106 0
    outer loop
      vertex 133.25026182085276 24.649000875651836 0
      vertex 133.25854547321796 24.78066574037075 35.333333333333336
      vertex 133.25854547321796 24.78066574037075 0
    endloop
  endfacet
  facet normal -0.998026727852352 0.06279052868329106 0
    outer loop
      vertex 133.25026182085276 24.649000875651836 0
      vertex 133.25026182085276 24.649000875651836 35.333333333333336
      vertex 133.25854547321796 24.78066574037075 35.333333333333336
    endloop
  endfacet
  facet normal -0.9921147068776545 0.12533318952721817 0
    outer loop
      vertex 133.23372721672058 24.51811596006155 0
      vertex 133.25026182085276 24.649000875651836 35.333333333333336
      vertex 133.25026182085276 24.649000875651836 0
    endloop
  endfacet
  facet normal -0.9921147068776545 0.12533318952721817 0
    outer loop
      vertex 133.23372721672058 24.51811596006155 0
      vertex 133.23372721672058 24.51811596006155 35.333333333333336
      vertex 133.25026182085276 24.649000875651836 35.333333333333336
    endloop
  endfacet
  facet normal -0.9822872465353265 0.18738133656809727 0
    outer loop
      vertex 133.20900689810514 24.388527527451515 0
      vertex 133.23372721672058 24.51811596006155 35.333333333333336
      vertex 133.23372721672058 24.51811596006155 0
    endloop
  endfacet
  facet normal -0.9822872465353265 0.18738133656809727 0
    outer loop
      vertex 133.20900689810514 24.388527527451515 0
      vertex 133.20900689810514 24.388527527451515 35.333333333333336
      vertex 133.23372721672058 24.51811596006155 35.333333333333336
    endloop
  endfacet
  facet normal -0.9685831622031793 0.24868988297976571 0
    outer loop
      vertex 133.17780461907387 24.267002671957016 0
      vertex 133.20900689810514 24.388527527451515 35.333333333333336
      vertex 133.20900689810514 24.388527527451515 0
    endloop
  endfacet
  facet normal -0.9685831622031793 0.24868988297976571 0
    outer loop
      vertex 133.17780461907387 24.267002671957016 0
      vertex 133.17780461907387 24.267002671957016 35.333333333333336
      vertex 133.20900689810514 24.388527527451515 35.333333333333336
    endloop
  endfacet
  facet normal -0.9955619656494507 0.09410830224906915 0
    outer loop
      vertex 133.15467669069767 24.022334717214108 0
      vertex 133.17780461907387 24.267002671957016 35.333333333333336
      vertex 133.17780461907387 24.267002671957016 0
    endloop
  endfacet
  facet normal -0.9955619656494507 0.09410830224906915 0
    outer loop
      vertex 133.15467669069767 24.022334717214108 0
      vertex 133.15467669069767 24.022334717214108 35.333333333333336
      vertex 133.17780461907387 24.267002671957016 35.333333333333336
    endloop
  endfacet
  facet normal -0.992114699855175 0.12533324511587465 0
    outer loop
      vertex 133.1381420791149 23.89144980162382 0
      vertex 133.15467669069767 24.022334717214108 35.333333333333336
      vertex 133.15467669069767 24.022334717214108 0
    endloop
  endfacet
  facet normal -0.992114699855175 0.12533324511587465 0
    outer loop
      vertex 133.1381420791149 23.89144980162382 0
      vertex 133.1381420791149 23.89144980162382 35.333333333333336
      vertex 133.15467669069767 24.022334717214108 35.333333333333336
    endloop
  endfacet
  facet normal -0.9876883382126622 0.15643448008258892 0
    outer loop
      vertex 133.0890048146248 23.58120935410261 0
      vertex 133.1381420791149 23.89144980162382 35.333333333333336
      vertex 133.1381420791149 23.89144980162382 0
    endloop
  endfacet
  facet normal -0.9876883382126622 0.15643448008258892 0
    outer loop
      vertex 133.0890048146248 23.58120935410261 0
      vertex 133.0890048146248 23.58120935410261 35.333333333333336
      vertex 133.1381420791149 23.89144980162382 35.333333333333336
    endloop
  endfacet
  facet normal -0.9822872529644621 0.1873813028653895 0
    outer loop
      vertex 133.06428450345993 23.451620936393738 0
      vertex 133.0890048146248 23.58120935410261 35.333333333333336
      vertex 133.0890048146248 23.58120935410261 0
    endloop
  endfacet
  facet normal -0.9822872529644621 0.1873813028653895 0
    outer loop
      vertex 133.06428450345993 23.451620936393738 0
      vertex 133.06428450345993 23.451620936393738 35.333333333333336
      vertex 133.0890048146248 23.58120935410261 35.333333333333336
    endloop
  endfacet
  facet normal -0.9759167605233553 0.2181432477286431 0
    outer loop
      vertex 132.995764054358 23.14507807791233 0
      vertex 133.06428450345993 23.451620936393738 35.333333333333336
      vertex 133.06428450345993 23.451620936393738 0
    endloop
  endfacet
  facet normal -0.9759167605233553 0.2181432477286431 0
    outer loop
      vertex 132.995764054358 23.14507807791233 0
      vertex 132.995764054358 23.14507807791233 35.333333333333336
      vertex 133.06428450345993 23.451620936393738 35.333333333333336
    endloop
  endfacet
  facet normal -0.9685831521080288 0.24868992229777895 0
    outer loop
      vertex 132.9629555940628 23.017297580838203 0
      vertex 132.995764054358 23.14507807791233 35.333333333333336
      vertex 132.995764054358 23.14507807791233 0
    endloop
  endfacet
  facet normal -0.9685831521080288 0.24868992229777895 0
    outer loop
      vertex 132.9629555940628 23.017297580838203 0
      vertex 132.9629555940628 23.017297580838203 35.333333333333336
      vertex 132.995764054358 23.14507807791233 35.333333333333336
    endloop
  endfacet
  facet normal -0.9602936866199229 0.27899110279347167 0
    outer loop
      vertex 132.87532237172127 22.71566204726696 0
      vertex 132.9629555940628 23.017297580838203 35.333333333333336
      vertex 132.9629555940628 23.017297580838203 0
    endloop
  endfacet
  facet normal -0.9602936866199229 0.27899110279347167 0
    outer loop
      vertex 132.87532237172127 22.71566204726696 0
      vertex 132.87532237172127 22.71566204726696 35.333333333333336
      vertex 132.9629555940628 23.017297580838203 35.333333333333336
    endloop
  endfacet
  facet normal -0.9510565283886502 0.3090169571549896 0
    outer loop
      vertex 132.83455524593592 22.5901937186718 0
      vertex 132.87532237172127 22.71566204726696 35.333333333333336
      vertex 132.87532237172127 22.71566204726696 0
    endloop
  endfacet
  facet normal -0.9510565283886502 0.3090169571549896 0
    outer loop
      vertex 132.83455524593592 22.5901937186718 0
      vertex 132.83455524593592 22.5901937186718 35.333333333333336
      vertex 132.87532237172127 22.71566204726696 35.333333333333336
    endloop
  endfacet
  facet normal -0.9408807666394249 0.3387379266748971 0
    outer loop
      vertex 132.72815509140491 22.294655926525593 0
      vertex 132.83455524593592 22.5901937186718 35.333333333333336
      vertex 132.83455524593592 22.5901937186718 0
    endloop
  endfacet
  facet normal -0.9408807666394249 0.3387379266748971 0
    outer loop
      vertex 132.72815509140491 22.294655926525593 0
      vertex 132.72815509140491 22.294655926525593 35.333333333333336
      vertex 132.83455524593592 22.5901937186718 35.333333333333336
    endloop
  endfacet
  facet normal -0.929776476640988 0.36812457604059845 0
    outer loop
      vertex 132.67959020286798 22.171995028853416 0
      vertex 132.72815509140491 22.294655926525593 35.333333333333336
      vertex 132.72815509140491 22.294655926525593 0
    endloop
  endfacet
  facet normal -0.929776476640988 0.36812457604059845 0
    outer loop
      vertex 132.67959020286798 22.171995028853416 0
      vertex 132.67959020286798 22.171995028853416 35.333333333333336
      vertex 132.72815509140491 22.294655926525593 35.333333333333336
    endloop
  endfacet
  facet normal -0.9177546312597838 0.3971478777498607 0
    outer loop
      vertex 132.55484303832054 21.883721329271793 0
      vertex 132.67959020286798 22.171995028853416 35.333333333333336
      vertex 132.67959020286798 22.171995028853416 0
    endloop
  endfacet
  facet normal -0.9177546312597838 0.3971478777498607 0
    outer loop
      vertex 132.55484303832054 21.883721329271793 0
      vertex 132.55484303832054 21.883721329271793 35.333333333333336
      vertex 132.67959020286798 22.171995028853416 35.333333333333336
    endloop
  endfacet
  facet normal -0.9048270764431153 0.4257792406111469 0
    outer loop
      vertex 132.49867203086615 21.764351844787598 0
      vertex 132.55484303832054 21.883721329271793 35.333333333333336
      vertex 132.55484303832054 21.883721329271793 0
    endloop
  endfacet
  facet normal -0.9048270764431153 0.4257792406111469 0
    outer loop
      vertex 132.49867203086615 21.764351844787598 0
      vertex 132.49867203086615 21.764351844787598 35.333333333333336
      vertex 132.55484303832054 21.883721329271793 35.333333333333336
    endloop
  endfacet
  facet normal -0.8910065131648938 0.45399052137433227 0
    outer loop
      vertex 132.35607014596462 21.484479904174805 0
      vertex 132.49867203086615 21.764351844787598 35.333333333333336
      vertex 132.49867203086615 21.764351844787598 0
    endloop
  endfacet
  facet normal -0.8910065131648938 0.45399052137433227 0
    outer loop
      vertex 132.35607014596462 21.484479904174805 0
      vertex 132.35607014596462 21.484479904174805 35.333333333333336
      vertex 132.49867203086615 21.764351844787598 35.333333333333336
    endloop
  endfacet
  facet normal -0.8763066922270176 0.4817536519406398 0
    outer loop
      vertex 132.29251470416784 21.368872977793217 0
      vertex 132.35607014596462 21.484479904174805 35.333333333333336
      vertex 132.35607014596462 21.484479904174805 0
    endloop
  endfacet
  facet normal -0.8763066922270176 0.4817536519406398 0
    outer loop
      vertex 132.29251470416784 21.368872977793217 0
      vertex 132.29251470416784 21.368872977793217 35.333333333333336
      vertex 132.35607014596462 21.484479904174805 35.333333333333336
    endloop
  endfacet
  facet normal -0.8607420249837642 0.509041419166308 0
    outer loop
      vertex 132.1326209306717 21.09850737452507 0
      vertex 132.29251470416784 21.368872977793217 35.333333333333336
      vertex 132.29251470416784 21.368872977793217 0
    endloop
  endfacet
  facet normal -0.8607420249837642 0.509041419166308 0
    outer loop
      vertex 132.1326209306717 21.09850737452507 0
      vertex 132.1326209306717 21.09850737452507 35.333333333333336
      vertex 132.29251470416784 21.368872977793217 35.333333333333336
    endloop
  endfacet
  facet normal -0.8443279220446112 0.5358268004269936 0
    outer loop
      vertex 132.0619318857789 20.987119264900684 0
      vertex 132.1326209306717 21.09850737452507 35.333333333333336
      vertex 132.1326209306717 21.09850737452507 0
    endloop
  endfacet
  facet normal -0.8443279220446112 0.5358268004269936 0
    outer loop
      vertex 132.0619318857789 20.987119264900684 0
      vertex 132.0619318857789 20.987119264900684 35.333333333333336
      vertex 132.1326209306717 21.09850737452507 35.333333333333336
    endloop
  endfacet
  facet normal -0.8270805755711229 0.5620833759442991 0
    outer loop
      vertex 131.88537722826004 20.727326974272728 0
      vertex 132.0619318857789 20.987119264900684 35.333333333333336
      vertex 132.0619318857789 20.987119264900684 0
    endloop
  endfacet
  facet normal -0.8270805755711229 0.5620833759442991 0
    outer loop
      vertex 131.88537722826004 20.727326974272728 0
      vertex 131.88537722826004 20.727326974272728 35.333333333333336
      vertex 132.0619318857789 20.987119264900684 35.333333333333336
    endloop
  endfacet
  facet normal -0.8090170009419348 0.5877852432537902 0
    outer loop
      vertex 131.80783355236053 20.620597258210182 0
      vertex 131.88537722826004 20.727326974272728 35.333333333333336
      vertex 131.88537722826004 20.727326974272728 0
    endloop
  endfacet
  facet normal -0.8090170009419348 0.5877852432537902 0
    outer loop
      vertex 131.80783355236053 20.620597258210182 0
      vertex 131.80783355236053 20.620597258210182 35.333333333333336
      vertex 131.88537722826004 20.727326974272728 35.333333333333336
    endloop
  endfacet
  facet normal -0.7901550033926966 0.6129070652337821 0
    outer loop
      vertex 131.6153147816658 20.37240356206894 0
      vertex 131.80783355236053 20.620597258210182 35.333333333333336
      vertex 131.80783355236053 20.620597258210182 0
    endloop
  endfacet
  facet normal -0.7901550033926966 0.6129070652337821 0
    outer loop
      vertex 131.6153147816658 20.37240356206894 0
      vertex 131.6153147816658 20.37240356206894 35.333333333333336
      vertex 131.80783355236053 20.620597258210182 35.333333333333336
    endloop
  endfacet
  facet normal -0.7705132479346019 0.6374239835127564 0
    outer loop
      vertex 131.53122252225876 20.270753480494022 0
      vertex 131.6153147816658 20.37240356206894 35.333333333333336
      vertex 131.6153147816658 20.37240356206894 0
    endloop
  endfacet
  facet normal -0.7705132479346019 0.6374239835127564 0
    outer loop
      vertex 131.53122252225876 20.270753480494022 0
      vertex 131.53122252225876 20.270753480494022 35.333333333333336
      vertex 131.6153147816658 20.37240356206894 35.333333333333336
    endloop
  endfacet
  facet normal -0.7501110750636169 0.6613118591609446 0
    outer loop
      vertex 131.32349944859743 20.03513789921999 0
      vertex 131.53122252225876 20.270753480494022 35.333333333333336
      vertex 131.53122252225876 20.270753480494022 0
    endloop
  endfacet
  facet normal -0.7501110750636169 0.6613118591609446 0
    outer loop
      vertex 131.32349944859743 20.03513789921999 0
      vertex 131.32349944859743 20.03513789921999 35.333333333333336
      vertex 131.53122252225876 20.270753480494022 35.333333333333336
    endloop
  endfacet
  facet normal -0.7289686379041955 0.6845470947656576 0
    outer loop
      vertex 131.2331904321909 19.938968561589718 0
      vertex 131.32349944859743 20.03513789921999 35.333333333333336
      vertex 131.32349944859743 20.03513789921999 0
    endloop
  endfacet
  facet normal -0.7289686379041955 0.6845470947656576 0
    outer loop
      vertex 131.2331904321909 19.938968561589718 0
      vertex 131.2331904321909 19.938968561589718 35.333333333333336
      vertex 131.32349944859743 20.03513789921999 35.333333333333336
    endloop
  endfacet
  facet normal -0.7071067811865476 0.7071067811865476 0
    outer loop
      vertex 131.0110828205943 19.716860949993134 0
      vertex 131.2331904321909 19.938968561589718 35.333333333333336
      vertex 131.2331904321909 19.938968561589718 0
    endloop
  endfacet
  facet normal -0.7071067811865476 0.7071067811865476 0
    outer loop
      vertex 131.0110828205943 19.716860949993134 0
      vertex 131.0110828205943 19.716860949993134 35.333333333333336
      vertex 131.2331904321909 19.938968561589718 35.333333333333336
    endloop
  endfacet
  facet normal -0.6845470947656576 0.7289686379041955 0
    outer loop
      vertex 130.91491348296404 19.626551933586597 0
      vertex 131.0110828205943 19.716860949993134 35.333333333333336
      vertex 131.0110828205943 19.716860949993134 0
    endloop
  endfacet
  facet normal -0.6845470947656576 0.7289686379041955 0
    outer loop
      vertex 130.91491348296404 19.626551933586597 0
      vertex 130.91491348296404 19.626551933586597 35.333333333333336
      vertex 131.0110828205943 19.716860949993134 35.333333333333336
    endloop
  endfacet
  facet normal -0.6613118591609446 0.7501110750636169 0
    outer loop
      vertex 130.67929790169 19.41882885992527 0
      vertex 130.91491348296404 19.626551933586597 35.333333333333336
      vertex 130.91491348296404 19.626551933586597 0
    endloop
  endfacet
  facet normal -0.6613118591609446 0.7501110750636169 0
    outer loop
      vertex 130.67929790169 19.41882885992527 0
      vertex 130.67929790169 19.41882885992527 35.333333333333336
      vertex 130.91491348296404 19.626551933586597 35.333333333333336
    endloop
  endfacet
  facet normal -0.6374239835127564 0.7705132479346019 0
    outer loop
      vertex 130.5776478201151 19.334736600518227 0
      vertex 130.67929790169 19.41882885992527 35.333333333333336
      vertex 130.67929790169 19.41882885992527 0
    endloop
  endfacet
  facet normal -0.6374239835127564 0.7705132479346019 0
    outer loop
      vertex 130.5776478201151 19.334736600518227 0
      vertex 130.5776478201151 19.334736600518227 35.333333333333336
      vertex 130.67929790169 19.41882885992527 35.333333333333336
    endloop
  endfacet
  facet normal -0.6129070585896971 0.7901550085463774 0
    outer loop
      vertex 130.329454138875 19.142217844724655 0
      vertex 130.5776478201151 19.334736600518227 35.333333333333336
      vertex 130.5776478201151 19.334736600518227 0
    endloop
  endfacet
  facet normal -0.6129070585896971 0.7901550085463774 0
    outer loop
      vertex 130.329454138875 19.142217844724655 0
      vertex 130.329454138875 19.142217844724655 35.333333333333336
      vertex 130.5776478201151 19.334736600518227 35.333333333333336
    endloop
  endfacet
  facet normal -0.5877852802176816 0.8090169740860951 0
    outer loop
      vertex 130.22272442281246 19.06467416137457 0
      vertex 130.329454138875 19.142217844724655 35.333333333333336
      vertex 130.329454138875 19.142217844724655 0
    endloop
  endfacet
  facet normal -0.5877852802176816 0.8090169740860951 0
    outer loop
      vertex 130.22272442281246 19.06467416137457 0
      vertex 130.22272442281246 19.06467416137457 35.333333333333336
      vertex 130.329454138875 19.142217844724655 35.333333333333336
    endloop
  endfacet
  facet normal -0.5620833701159987 0.8270805795320315 0
    outer loop
      vertex 129.96293211728334 18.888119496405125 0
      vertex 130.22272442281246 19.06467416137457 35.333333333333336
      vertex 130.22272442281246 19.06467416137457 0
    endloop
  endfacet
  facet normal -0.5620833701159987 0.8270805795320315 0
    outer loop
      vertex 129.96293211728334 18.888119496405125 0
      vertex 129.96293211728334 18.888119496405125 35.333333333333336
      vertex 130.22272442281246 19.06467416137457 35.333333333333336
    endloop
  endfacet
  facet normal -0.5358268004269936 0.8443279220446112 0
    outer loop
      vertex 129.85154400765896 18.817430451512337 0
      vertex 129.96293211728334 18.888119496405125 35.333333333333336
      vertex 129.96293211728334 18.888119496405125 0
    endloop
  endfacet
  facet normal -0.5358268004269936 0.8443279220446112 0
    outer loop
      vertex 129.85154400765896 18.817430451512337 0
      vertex 129.85154400765896 18.817430451512337 35.333333333333336
      vertex 129.96293211728334 18.888119496405125 35.333333333333336
    endloop
  endfacet
  facet normal -0.509041419166308 0.8607420249837642 0
    outer loop
      vertex 129.5811784043908 18.657536678016186 0
      vertex 129.85154400765896 18.817430451512337 35.333333333333336
      vertex 129.85154400765896 18.817430451512337 0
    endloop
  endfacet
  facet normal -0.509041419166308 0.8607420249837642 0
    outer loop
      vertex 129.5811784043908 18.657536678016186 0
      vertex 129.5811784043908 18.657536678016186 35.333333333333336
      vertex 129.85154400765896 18.817430451512337 35.333333333333336
    endloop
  endfacet
  facet normal -0.4817536519406398 0.8763066922270176 0
    outer loop
      vertex 129.46557147800922 18.593981236219406 0
      vertex 129.5811784043908 18.657536678016186 35.333333333333336
      vertex 129.5811784043908 18.657536678016186 0
    endloop
  endfacet
  facet normal -0.4817536519406398 0.8763066922270176 0
    outer loop
      vertex 129.46557147800922 18.593981236219406 0
      vertex 129.46557147800922 18.593981236219406 35.333333333333336
      vertex 129.5811784043908 18.657536678016186 35.333333333333336
    endloop
  endfacet
  facet normal -0.4539905032608268 0.8910065223941859 0
    outer loop
      vertex 129.18569956719875 18.451379373669624 0
      vertex 129.46557147800922 18.593981236219406 35.333333333333336
      vertex 129.46557147800922 18.593981236219406 0
    endloop
  endfacet
  facet normal -0.4539905032608268 0.8910065223941859 0
    outer loop
      vertex 129.18569956719875 18.451379373669624 0
      vertex 129.18569956719875 18.451379373669624 35.333333333333336
      vertex 129.46557147800922 18.593981236219406 35.333333333333336
    endloop
  endfacet
  facet normal -0.425779308606238 0.9048270444470556 0
    outer loop
      vertex 129.06633009016514 18.39520835876465 0
      vertex 129.18569956719875 18.451379373669624 35.333333333333336
      vertex 129.18569956719875 18.451379373669624 0
    endloop
  endfacet
  facet normal -0.425779308606238 0.9048270444470556 0
    outer loop
      vertex 129.06633009016514 18.39520835876465 0
      vertex 129.06633009016514 18.39520835876465 35.333333333333336
      vertex 129.18569956719875 18.451379373669624 35.333333333333336
    endloop
  endfacet
  facet normal -0.397147874479503 0.9177546326749939 0
    outer loop
      vertex 128.7780563533306 18.270461179316044 0
      vertex 129.06633009016514 18.39520835876465 35.333333333333336
      vertex 129.06633009016514 18.39520835876465 0
    endloop
  endfacet
  facet normal -0.397147874479503 0.9177546326749939 0
    outer loop
      vertex 128.7780563533306 18.270461179316044 0
      vertex 128.7780563533306 18.270461179316044 35.333333333333336
      vertex 129.06633009016514 18.39520835876465 35.333333333333336
    endloop
  endfacet
  facet normal -0.36812457604059845 0.929776476640988 0
    outer loop
      vertex 128.65539545565844 18.221896290779114 0
      vertex 128.7780563533306 18.270461179316044 35.333333333333336
      vertex 128.7780563533306 18.270461179316044 0
    endloop
  endfacet
  facet normal -0.36812457604059845 0.929776476640988 0
    outer loop
      vertex 128.65539545565844 18.221896290779114 0
      vertex 128.65539545565844 18.221896290779114 35.333333333333336
      vertex 128.7780563533306 18.270461179316044 35.333333333333336
    endloop
  endfacet
  facet normal -0.3387379266748971 0.9408807666394249 0
    outer loop
      vertex 128.35985766351223 18.11549613624811 0
      vertex 128.65539545565844 18.221896290779114 35.333333333333336
      vertex 128.65539545565844 18.221896290779114 0
    endloop
  endfacet
  facet normal -0.3387379266748971 0.9408807666394249 0
    outer loop
      vertex 128.35985766351223 18.11549613624811 0
      vertex 128.35985766351223 18.11549613624811 35.333333333333336
      vertex 128.65539545565844 18.221896290779114 35.333333333333336
    endloop
  endfacet
  facet normal -0.30901700694844897 0.9510565122097753 0
    outer loop
      vertex 128.2343893572688 18.07472901046276 0
      vertex 128.35985766351223 18.11549613624811 35.333333333333336
      vertex 128.35985766351223 18.11549613624811 0
    endloop
  endfacet
  facet normal -0.30901700694844897 0.9510565122097753 0
    outer loop
      vertex 128.2343893572688 18.07472901046276 0
      vertex 128.2343893572688 18.07472901046276 35.333333333333336
      vertex 128.35985766351223 18.11549613624811 35.333333333333336
    endloop
  endfacet
  facet normal -0.2789911058659534 0.9602936857272845 0
    outer loop
      vertex 128.10000000149012 18.035685293376446 0
      vertex 128.2343893572688 18.07472901046276 35.333333333333336
      vertex 128.2343893572688 18.07472901046276 0
    endloop
  endfacet
  facet normal -0.2789911058659534 0.9602936857272845 0
    outer loop
      vertex 128.10000000149012 18.035685293376446 0
      vertex 128.10000000149012 18.035685293376446 35.333333333333336
      vertex 128.2343893572688 18.07472901046276 35.333333333333336
    endloop
  endfacet
  facet normal -1 0 0
    outer loop
      vertex 128.10000000149012 -18.03419514745474 0
      vertex 128.10000000149012 18.035685293376446 35.333333333333336
      vertex 128.10000000149012 18.035685293376446 0
    endloop
  endfacet
  facet normal -1 0 0
    outer loop
      vertex 128.10000000149012 -18.03419514745474 0
      vertex 128.10000000149012 -18.03419514745474 35.333333333333336
      vertex 128.10000000149012 18.035685293376446 35.333333333333336
    endloop
  endfacet
  facet normal -0.27899119448625964 -0.9602936599807009 0
    outer loop
      vertex 128.14731423556805 -18.047941207885742 0
      vertex 128.10000000149012 -18.03419514745474 35.333333333333336
      vertex 128.10000000149012 -18.03419514745474 0
    endloop
  endfacet
  facet normal -0.27899119448625964 -0.9602936599807009 0
    outer loop
      vertex 128.14731423556805 -18.047941207885742 0
      vertex 128.14731423556805 -18.047941207885742 35.333333333333336
      vertex 128.10000000149012 -18.03419514745474 35.333333333333336
    endloop
  endfacet
  facet normal -0.3090169774751257 -0.9510565217862383 0
    outer loop
      vertex 128.4460483044386 -18.1450057849288 0
      vertex 128.14731423556805 -18.047941207885742 35.333333333333336
      vertex 128.14731423556805 -18.047941207885742 0
    endloop
  endfacet
  facet normal -0.3090169774751257 -0.9510565217862383 0
    outer loop
      vertex 128.4460483044386 -18.1450057849288 0
      vertex 128.4460483044386 -18.1450057849288 35.333333333333336
      vertex 128.14731423556805 -18.047941207885742 35.333333333333336
    endloop
  endfacet
  facet normal -0.3387378928374705 -0.9408807788216478 0
    outer loop
      vertex 128.57017417997122 -18.189693845808506 0
      vertex 128.4460483044386 -18.1450057849288 35.333333333333336
      vertex 128.4460483044386 -18.1450057849288 0
    endloop
  endfacet
  facet normal -0.3387378928374705 -0.9408807788216478 0
    outer loop
      vertex 128.57017417997122 -18.189693845808506 0
      vertex 128.57017417997122 -18.189693845808506 35.333333333333336
      vertex 128.4460483044386 -18.1450057849288 35.333333333333336
    endloop
  endfacet
  facet normal -0.3681245652884711 -0.9297764808980566 0
    outer loop
      vertex 128.86222405731678 -18.3053245767951 0
      vertex 128.57017417997122 -18.189693845808506 35.333333333333336
      vertex 128.57017417997122 -18.189693845808506 0
    endloop
  endfacet
  facet normal -0.3681245652884711 -0.9297764808980566 0
    outer loop
      vertex 128.86222405731678 -18.3053245767951 0
      vertex 128.86222405731678 -18.3053245767951 35.333333333333336
      vertex 128.57017417997122 -18.189693845808506 35.333333333333336
    endloop
  endfacet
  facet normal -0.3971478799395189 -0.9177546303122341 0
    outer loop
      vertex 128.983299061656 -18.357718408107758 0
      vertex 128.86222405731678 -18.3053245767951 35.333333333333336
      vertex 128.86222405731678 -18.3053245767951 0
    endloop
  endfacet
  facet normal -0.3971478799395189 -0.9177546303122341 0
    outer loop
      vertex 128.983299061656 -18.357718408107758 0
      vertex 128.983299061656 -18.357718408107758 35.333333333333336
      vertex 128.86222405731678 -18.3053245767951 35.333333333333336
    endloop
  endfacet
  facet normal -0.4257793120878424 -0.9048270428087368 0
    outer loop
      vertex 129.26751210540533 -18.491458922624588 0
      vertex 128.983299061656 -18.357718408107758 35.333333333333336
      vertex 128.983299061656 -18.357718408107758 0
    endloop
  endfacet
  facet normal -0.4257793120878424 -0.9048270428087368 0
    outer loop
      vertex 129.26751210540533 -18.491458922624588 0
      vertex 129.26751210540533 -18.491458922624588 35.333333333333336
      vertex 128.983299061656 -18.357718408107758 35.333333333333336
    endloop
  endfacet
  facet normal -0.4539905278314977 -0.8910065098748035 0
    outer loop
      vertex 129.38505823910236 -18.55135167390108 0
      vertex 129.26751210540533 -18.491458922624588 35.333333333333336
      vertex 129.26751210540533 -18.491458922624588 0
    endloop
  endfacet
  facet normal -0.4539905278314977 -0.8910065098748035 0
    outer loop
      vertex 129.38505823910236 -18.55135167390108 0
      vertex 129.38505823910236 -18.55135167390108 35.333333333333336
      vertex 129.26751210540533 -18.491458922624588 35.333333333333336
    endloop
  endfacet
  facet normal -0.48175366299854927 -0.8763066861478807 0
    outer loop
      vertex 129.66031282395124 -18.7026741579175 0
      vertex 129.38505823910236 -18.55135167390108 35.333333333333336
      vertex 129.38505823910236 -18.55135167390108 0
    endloop
  endfacet
  facet normal -0.48175366299854927 -0.8763066861478807 0
    outer loop
      vertex 129.66031282395124 -18.7026741579175 0
      vertex 129.66031282395124 -18.7026741579175 35.333333333333336
      vertex 129.38505823910236 -18.55135167390108 35.333333333333336
    endloop
  endfacet
  facet normal -0.5090413854050546 -0.8607420449501132 0
    outer loop
      vertex 129.77386638522148 -18.76982954144478 0
      vertex 129.66031282395124 -18.7026741579175 35.333333333333336
      vertex 129.66031282395124 -18.7026741579175 0
    endloop
  endfacet
  facet normal -0.5090413854050546 -0.8607420449501132 0
    outer loop
      vertex 129.77386638522148 -18.76982954144478 0
      vertex 129.77386638522148 -18.76982954144478 35.333333333333336
      vertex 129.66031282395124 -18.7026741579175 35.333333333333336
    endloop
  endfacet
  facet normal -0.5358267944030456 -0.8443279258675247 0
    outer loop
      vertex 130.03907620161772 -18.9381368085742 0
      vertex 129.77386638522148 -18.76982954144478 35.333333333333336
      vertex 129.77386638522148 -18.76982954144478 0
    endloop
  endfacet
  facet normal -0.5358267944030456 -0.8443279258675247 0
    outer loop
      vertex 130.03907620161772 -18.9381368085742 0
      vertex 130.03907620161772 -18.9381368085742 35.333333333333336
      vertex 129.77386638522148 -18.76982954144478 35.333333333333336
    endloop
  endfacet
  facet normal -0.5620833648795084 -0.8270805830907467 0
    outer loop
      vertex 130.14818896353245 -19.01228976249695 0
      vertex 130.03907620161772 -18.9381368085742 35.333333333333336
      vertex 130.03907620161772 -18.9381368085742 0
    endloop
  endfacet
  facet normal -0.5620833648795084 -0.8270805830907467 0
    outer loop
      vertex 130.14818896353245 -19.01228976249695 0
      vertex 130.14818896353245 -19.01228976249695 35.333333333333336
      vertex 130.03907620161772 -18.9381368085742 35.333333333333336
    endloop
  endfacet
  facet normal -0.5877852700202871 -0.8090169814949363 0
    outer loop
      vertex 130.4023073911667 -19.1969176158309 0
      vertex 130.14818896353245 -19.01228976249695 35.333333333333336
      vertex 130.14818896353245 -19.01228976249695 0
    endloop
  endfacet
  facet normal -0.5877852700202871 -0.8090169814949363 0
    outer loop
      vertex 130.4023073911667 -19.1969176158309 0
      vertex 130.4023073911667 -19.1969176158309 35.333333333333336
      vertex 130.14818896353245 -19.01228976249695 35.333333333333336
    endloop
  endfacet
  facet normal -0.6129070585598307 -0.7901550085695441 0
    outer loop
      vertex 130.50654870271683 -19.277775466442108 0
      vertex 130.4023073911667 -19.1969176158309 35.333333333333336
      vertex 130.4023073911667 -19.1969176158309 0
    endloop
  endfacet
  facet normal -0.6129070585598307 -0.7901550085695441 0
    outer loop
      vertex 130.50654870271683 -19.277775466442108 0
      vertex 130.50654870271683 -19.277775466442108 35.333333333333336
      vertex 130.4023073911667 -19.1969176158309 35.333333333333336
    endloop
  endfacet
  facet normal -0.6374239913830431 -0.7705132414237345 0
    outer loop
      vertex 130.74857275933027 -19.477995179593563 0
      vertex 130.50654870271683 -19.277775466442108 35.333333333333336
      vertex 130.50654870271683 -19.277775466442108 0
    endloop
  endfacet
  facet normal -0.6374239913830431 -0.7705132414237345 0
    outer loop
      vertex 130.74857275933027 -19.477995179593563 0
      vertex 130.74857275933027 -19.477995179593563 35.333333333333336
      vertex 130.50654870271683 -19.277775466442108 35.333333333333336
    endloop
  endfacet
  facet normal -0.6613118791674916 -0.7501110574254729 0
    outer loop
      vertex 130.84753128141165 -19.56523885577917 0
      vertex 130.74857275933027 -19.477995179593563 35.333333333333336
      vertex 130.74857275933027 -19.477995179593563 0
    endloop
  endfacet
  facet normal -0.6613118791674916 -0.7501110574254729 0
    outer loop
      vertex 130.84753128141165 -19.56523885577917 0
      vertex 130.84753128141165 -19.56523885577917 35.333333333333336
      vertex 130.74857275933027 -19.477995179593563 35.333333333333336
    endloop
  endfacet
  facet normal -0.6845470980030899 -0.7289686348640441 0
    outer loop
      vertex 131.07650586217642 -19.780260294675827 0
      vertex 130.84753128141165 -19.56523885577917 35.333333333333336
      vertex 130.84753128141165 -19.56523885577917 0
    endloop
  endfacet
  facet normal -0.6845470980030899 -0.7289686348640441 0
    outer loop
      vertex 131.07650586217642 -19.780260294675827 0
      vertex 131.07650586217642 -19.780260294675827 35.333333333333336
      vertex 130.84753128141165 -19.56523885577917 35.333333333333336
    endloop
  endfacet
  facet normal -0.7071067529486479 -0.7071068094244459 0
    outer loop
      vertex 131.16979106515646 -19.873545490205288 0
      vertex 131.07650586217642 -19.780260294675827 35.333333333333336
      vertex 131.07650586217642 -19.780260294675827 0
    endloop
  endfacet
  facet normal -0.7071067529486479 -0.7071068094244459 0
    outer loop
      vertex 131.16979106515646 -19.873545490205288 0
      vertex 131.16979106515646 -19.873545490205288 35.333333333333336
      vertex 131.07650586217642 -19.780260294675827 35.333333333333336
    endloop
  endfacet
  facet normal -0.7289686230275289 -0.6845471106076985 0
    outer loop
      vertex 131.3848125115037 -20.10252007097006 0
      vertex 131.16979106515646 -19.873545490205288 35.333333333333336
      vertex 131.16979106515646 -19.873545490205288 0
    endloop
  endfacet
  facet normal -0.7289686230275289 -0.6845471106076985 0
    outer loop
      vertex 131.3848125115037 -20.10252007097006 0
      vertex 131.3848125115037 -20.10252007097006 35.333333333333336
      vertex 131.16979106515646 -19.873545490205288 35.333333333333336
    endloop
  endfacet
  facet normal -0.750111072174779 -0.661311862437688 0
    outer loop
      vertex 131.47205621004105 -20.201478622853756 0
      vertex 131.3848125115037 -20.10252007097006 35.333333333333336
      vertex 131.3848125115037 -20.10252007097006 0
    endloop
  endfacet
  facet normal -0.750111072174779 -0.661311862437688 0
    outer loop
      vertex 131.47205621004105 -20.201478622853756 0
      vertex 131.47205621004105 -20.201478622853756 35.333333333333336
      vertex 131.3848125115037 -20.10252007097006 35.333333333333336
    endloop
  endfacet
  facet normal -0.7705132414237345 -0.6374239913830431 0
    outer loop
      vertex 131.6722759231925 -20.4435026794672 0
      vertex 131.47205621004105 -20.201478622853756 35.333333333333336
      vertex 131.47205621004105 -20.201478622853756 0
    endloop
  endfacet
  facet normal -0.7705132414237345 -0.6374239913830431 0
    outer loop
      vertex 131.6722759231925 -20.4435026794672 0
      vertex 131.6722759231925 -20.4435026794672 35.333333333333336
      vertex 131.47205621004105 -20.201478622853756 35.333333333333336
    endloop
  endfacet
  facet normal -0.7901550052436268 -0.6129070628475773 0
    outer loop
      vertex 131.75313380360603 -20.547744028270245 0
      vertex 131.6722759231925 -20.4435026794672 35.333333333333336
      vertex 131.6722759231925 -20.4435026794672 0
    endloop
  endfacet
  facet normal -0.7901550052436268 -0.6129070628475773 0
    outer loop
      vertex 131.75313380360603 -20.547744028270245 0
      vertex 131.75313380360603 -20.547744028270245 35.333333333333336
      vertex 131.6722759231925 -20.4435026794672 35.333333333333336
    endloop
  endfacet
  facet normal -0.8090170020277371 -0.5877852417593117 0
    outer loop
      vertex 131.93776162713766 -20.801862433552742 0
      vertex 131.75313380360603 -20.547744028270245 35.333333333333336
      vertex 131.75313380360603 -20.547744028270245 0
    endloop
  endfacet
  facet normal -0.8090170020277371 -0.5877852417593117 0
    outer loop
      vertex 131.93776162713766 -20.801862433552742 0
      vertex 131.93776162713766 -20.801862433552742 35.333333333333336
      vertex 131.75313380360603 -20.547744028270245 35.333333333333336
    endloop
  endfacet
  facet normal -0.8270805915028475 -0.5620833525014772 0
    outer loop
      vertex 132.01191457360983 -20.91097518801689 0
      vertex 131.93776162713766 -20.801862433552742 35.333333333333336
      vertex 131.93776162713766 -20.801862433552742 0
    endloop
  endfacet
  facet normal -0.8270805915028475 -0.5620833525014772 0
    outer loop
      vertex 132.01191457360983 -20.91097518801689 0
      vertex 132.01191457360983 -20.91097518801689 35.333333333333336
      vertex 131.93776162713766 -20.801862433552742 35.333333333333336
    endloop
  endfacet
  facet normal -0.8443279297884889 -0.5358267882245946 0
    outer loop
      vertex 132.18022183328867 -21.176184996962547 0
      vertex 132.01191457360983 -20.91097518801689 35.333333333333336
      vertex 132.01191457360983 -20.91097518801689 0
    endloop
  endfacet
  facet normal -0.8443279297884889 -0.5358267882245946 0
    outer loop
      vertex 132.18022183328867 -21.176184996962547 0
      vertex 132.18022183328867 -21.176184996962547 35.333333333333336
      vertex 132.01191457360983 -20.91097518801689 35.333333333333336
    endloop
  endfacet
  facet normal -0.8607420167459758 -0.5090414330956471 0
    outer loop
      vertex 132.2473771944642 -21.28973850607872 0
      vertex 132.18022183328867 -21.176184996962547 35.333333333333336
      vertex 132.18022183328867 -21.176184996962547 0
    endloop
  endfacet
  facet normal -0.8607420167459758 -0.5090414330956471 0
    outer loop
      vertex 132.2473771944642 -21.28973850607872 0
      vertex 132.2473771944642 -21.28973850607872 35.333333333333336
      vertex 132.18022183328867 -21.176184996962547 35.333333333333336
    endloop
  endfacet
  facet normal -0.8763066706291643 -0.48175369122698913 0
    outer loop
      vertex 132.3986996859312 -21.56499308347702 0
      vertex 132.2473771944642 -21.28973850607872 35.333333333333336
      vertex 132.2473771944642 -21.28973850607872 0
    endloop
  endfacet
  facet normal -0.8763066706291643 -0.48175369122698913 0
    outer loop
      vertex 132.3986996859312 -21.56499308347702 0
      vertex 132.3986996859312 -21.56499308347702 35.333333333333336
      vertex 132.2473771944642 -21.28973850607872 35.333333333333336
    endloop
  endfacet
  facet normal -0.891006524126191 -0.4539904998615757 0
    outer loop
      vertex 132.45859248191118 -21.6825393140316 0
      vertex 132.3986996859312 -21.56499308347702 35.333333333333336
      vertex 132.3986996859312 -21.56499308347702 0
    endloop
  endfacet
  facet normal -0.891006524126191 -0.4539904998615757 0
    outer loop
      vertex 132.45859248191118 -21.6825393140316 0
      vertex 132.45859248191118 -21.6825393140316 35.333333333333336
      vertex 132.3986996859312 -21.56499308347702 35.333333333333336
    endloop
  endfacet
  facet normal -0.9048270519469609 -0.4257792926681282 0
    outer loop
      vertex 132.59233298897743 -21.966752357780933 0
      vertex 132.45859248191118 -21.6825393140316 35.333333333333336
      vertex 132.45859248191118 -21.6825393140316 0
    endloop
  endfacet
  facet normal -0.9048270519469609 -0.4257792926681282 0
    outer loop
      vertex 132.59233298897743 -21.966752357780933 0
      vertex 132.59233298897743 -21.966752357780933 35.333333333333336
      vertex 132.45859248191118 -21.6825393140316 35.333333333333336
    endloop
  endfacet
  facet normal -0.9177546091272312 -0.3971479288951705 0
    outer loop
      vertex 132.64472680538893 -22.087827309966087 0
      vertex 132.59233298897743 -21.966752357780933 35.333333333333336
      vertex 132.59233298897743 -21.966752357780933 0
    endloop
  endfacet
  facet normal -0.9177546091272312 -0.3971479288951705 0
    outer loop
      vertex 132.64472680538893 -22.087827309966087 0
      vertex 132.64472680538893 -22.087827309966087 35.333333333333336
      vertex 132.59233298897743 -21.966752357780933 35.333333333333336
    endloop
  endfacet
  facet normal -0.9297764939209908 -0.36812453239629334 0
    outer loop
      vertex 132.76035752147436 -22.37987717986107 0
      vertex 132.64472680538893 -22.087827309966087 35.333333333333336
      vertex 132.64472680538893 -22.087827309966087 0
    endloop
  endfacet
  facet normal -0.9297764939209908 -0.36812453239629334 0
    outer loop
      vertex 132.76035752147436 -22.37987717986107 0
      vertex 132.76035752147436 -22.37987717986107 35.333333333333336
      vertex 132.64472680538893 -22.087827309966087 35.333333333333336
    endloop
  endfacet
  facet normal -0.940880759380974 -0.33873794683601904 0
    outer loop
      vertex 132.80504558235407 -22.504003033041954 0
      vertex 132.76035752147436 -22.37987717986107 35.333333333333336
      vertex 132.76035752147436 -22.37987717986107 0
    endloop
  endfacet
  facet normal -0.940880759380974 -0.33873794683601904 0
    outer loop
      vertex 132.80504558235407 -22.504003033041954 0
      vertex 132.80504558235407 -22.504003033041954 35.333333333333336
      vertex 132.76035752147436 -22.37987717986107 35.333333333333336
    endloop
  endfacet
  facet normal -0.9510565148151534 -0.30901699892991935 0
    outer loop
      vertex 132.9021101668477 -22.8027371019125 0
      vertex 132.80504558235407 -22.504003033041954 35.333333333333336
      vertex 132.80504558235407 -22.504003033041954 0
    endloop
  endfacet
  facet normal -0.9510565148151534 -0.30901699892991935 0
    outer loop
      vertex 132.9021101668477 -22.8027371019125 0
      vertex 132.9021101668477 -22.8027371019125 35.333333333333336
      vertex 132.80504558235407 -22.504003033041954 35.333333333333336
    endloop
  endfacet
  facet normal -0.9602936864109762 -0.2789911035126705 0
    outer loop
      vertex 132.93891612440348 -22.929424040019512 0
      vertex 132.9021101668477 -22.8027371019125 35.333333333333336
      vertex 132.9021101668477 -22.8027371019125 0
    endloop
  endfacet
  facet normal -0.9602936864109762 -0.2789911035126705 0
    outer loop
      vertex 132.93891612440348 -22.929424040019512 0
      vertex 132.93891612440348 -22.929424040019512 35.333333333333336
      vertex 132.9021101668477 -22.8027371019125 35.333333333333336
    endloop
  endfacet
  facet normal -0.9685831615313446 -0.24868988559638916 0
    outer loop
      vertex 133.01703150570393 -23.233663365244865 0
      vertex 132.93891612440348 -22.929424040019512 35.333333333333336
      vertex 132.93891612440348 -22.929424040019512 0
    endloop
  endfacet
  facet normal -0.9685831615313446 -0.24868988559638916 0
    outer loop
      vertex 133.01703150570393 -23.233663365244865 0
      vertex 133.01703150570393 -23.233663365244865 35.333333333333336
      vertex 132.93891612440348 -22.929424040019512 35.333333333333336
    endloop
  endfacet
  facet normal -0.975916769578885 -0.2181432072165288 0
    outer loop
      vertex 133.04581008851528 -23.362411364912987 0
      vertex 133.01703150570393 -23.233663365244865 35.333333333333336
      vertex 133.01703150570393 -23.233663365244865 0
    endloop
  endfacet
  facet normal -0.975916769578885 -0.2181432072165288 0
    outer loop
      vertex 133.04581008851528 -23.362411364912987 0
      vertex 133.04581008851528 -23.362411364912987 35.333333333333336
      vertex 133.01703150570393 -23.233663365244865 35.333333333333336
    endloop
  endfacet
  facet normal -0.9822872537976215 -0.18738129849781449 0
    outer loop
      vertex 133.10466798394918 -23.670955285429955 0
      vertex 133.04581008851528 -23.362411364912987 35.333333333333336
      vertex 133.04581008851528 -23.362411364912987 0
    endloop
  endfacet
  facet normal -0.9822872537976215 -0.18738129849781449 0
    outer loop
      vertex 133.10466798394918 -23.670955285429955 0
      vertex 133.10466798394918 -23.670955285429955 35.333333333333336
      vertex 133.04581008851528 -23.362411364912987 35.333333333333336
    endloop
  endfacet
  facet normal -0.9876883379287195 -0.156434481875332 0
    outer loop
      vertex 133.1253056228161 -23.80125619471073 0
      vertex 133.10466798394918 -23.670955285429955 35.333333333333336
      vertex 133.10466798394918 -23.670955285429955 0
    endloop
  endfacet
  facet normal -0.9876883379287195 -0.156434481875332 0
    outer loop
      vertex 133.1253056228161 -23.80125619471073 0
      vertex 133.1253056228161 -23.80125619471073 35.333333333333336
      vertex 133.10466798394918 -23.670955285429955 35.333333333333336
    endloop
  endfacet
  facet normal -0.99211470006809 -0.12533324343047925 0
    outer loop
      vertex 133.16467374563217 -24.11288695037365 0
      vertex 133.1253056228161 -23.80125619471073 35.333333333333336
      vertex 133.1253056228161 -23.80125619471073 0
    endloop
  endfacet
  facet normal -0.99211470006809 -0.12533324343047925 0
    outer loop
      vertex 133.16467374563217 -24.11288695037365 0
      vertex 133.16467374563217 -24.11288695037365 35.333333333333336
      vertex 133.1253056228161 -23.80125619471073 35.333333333333336
    endloop
  endfacet
  facet normal -0.9955619623450727 -0.09410833720573356 0
    outer loop
      vertex 133.1770890057087 -24.244226649403572 0
      vertex 133.16467374563217 -24.11288695037365 35.333333333333336
      vertex 133.16467374563217 -24.11288695037365 0
    endloop
  endfacet
  facet normal -0.9955619623450727 -0.09410833720573356 0
    outer loop
      vertex 133.1770890057087 -24.244226649403572 0
      vertex 133.1770890057087 -24.244226649403572 35.333333333333336
      vertex 133.16467374563217 -24.11288695037365 35.333333333333336
    endloop
  endfacet
  facet normal -0.9980267493952996 -0.06279018626705986 0
    outer loop
      vertex 133.17896009236574 -24.273966878652573 0
      vertex 133.1770890057087 -24.244226649403572 35.333333333333336
      vertex 133.1770890057087 -24.244226649403572 0
    endloop
  endfacet
  facet normal -0.9980267493952996 -0.06279018626705986 0
    outer loop
      vertex 133.17896009236574 -24.273966878652573 0
      vertex 133.17896009236574 -24.273966878652573 35.333333333333336
      vertex 133.1770890057087 -24.244226649403572 35.333333333333336
    endloop
  endfacet
  facet normal -0.9602936548244322 -0.27899121223424656 0
    outer loop
      vertex 133.19360633939505 -24.324379570782185 0
      vertex 133.17896009236574 -24.273966878652573 35.333333333333336
      vertex 133.17896009236574 -24.273966878652573 0
    endloop
  endfacet
  facet normal -0.9602936548244322 -0.27899121223424656 0
    outer loop
      vertex 133.19360633939505 -24.324379570782185 0
      vertex 133.19360633939505 -24.324379570782185 35.333333333333336
      vertex 133.17896009236574 -24.273966878652573 35.333333333333336
    endloop
  endfacet
  facet normal -0.975916769578885 -0.2181432072165288 0
    outer loop
      vertex 133.2223849222064 -24.453127570450306 0
      vertex 133.19360633939505 -24.324379570782185 35.333333333333336
      vertex 133.19360633939505 -24.324379570782185 0
    endloop
  endfacet
  facet normal -0.975916769578885 -0.2181432072165288 0
    outer loop
      vertex 133.2223849222064 -24.453127570450306 0
      vertex 133.2223849222064 -24.453127570450306 35.333333333333336
      vertex 133.19360633939505 -24.324379570782185 35.333333333333336
    endloop
  endfacet
  facet normal -0.9876883402592195 -0.156434467161135 0
    outer loop
      vertex 133.24302256852388 -24.583428539335728 0
      vertex 133.2223849222064 -24.453127570450306 35.333333333333336
      vertex 133.2223849222064 -24.453127570450306 0
    endloop
  endfacet
  facet normal -0.9876883402592195 -0.156434467161135 0
    outer loop
      vertex 133.24302256852388 -24.583428539335728 0
      vertex 133.24302256852388 -24.583428539335728 35.333333333333336
      vertex 133.2223849222064 -24.453127570450306 35.333333333333336
    endloop
  endfacet
  facet normal -0.9955619623450727 -0.09410833720573356 0
    outer loop
      vertex 133.2554378286004 -24.71476823836565 0
      vertex 133.24302256852388 -24.583428539335728 35.333333333333336
      vertex 133.24302256852388 -24.583428539335728 0
    endloop
  endfacet
  facet normal -0.9955619623450727 -0.09410833720573356 0
    outer loop
      vertex 133.2554378286004 -24.71476823836565 0
      vertex 133.2554378286004 -24.71476823836565 35.333333333333336
      vertex 133.24302256852388 -24.583428539335728 35.333333333333336
    endloop
  endfacet
  facet normal -0.9995065601214679 -0.031410766850720896 0
    outer loop
      vertex 133.25958169996738 -24.846628330647945 0
      vertex 133.2554378286004 -24.71476823836565 35.333333333333336
      vertex 133.2554378286004 -24.71476823836565 0
    endloop
  endfacet
  facet normal -0.9995065601214679 -0.031410766850720896 0
    outer loop
      vertex 133.25958169996738 -24.846628330647945 0
      vertex 133.25958169996738 -24.846628330647945 35.333333333333336
      vertex 133.2554378286004 -24.71476823836565 35.333333333333336
    endloop
  endfacet
  facet normal -0.9995065601214679 0.031410766850720896 0
    outer loop
      vertex 133.2554378286004 -24.97848842293024 0
      vertex 133.25958169996738 -24.846628330647945 35.333333333333336
      vertex 133.25958169996738 -24.846628330647945 0
    endloop
  endfacet
  facet normal -0.9995065601214679 0.031410766850720896 0
    outer loop
      vertex 133.2554378286004 -24.97848842293024 0
      vertex 133.2554378286004 -24.97848842293024 35.333333333333336
      vertex 133.25958169996738 -24.846628330647945 35.333333333333336
    endloop
  endfacet
  facet normal -0.9955619623450727 0.09410833720573356 0
    outer loop
      vertex 133.24302256852388 -25.109828121960163 0
      vertex 133.2554378286004 -24.97848842293024 35.333333333333336
      vertex 133.2554378286004 -24.97848842293024 0
    endloop
  endfacet
  facet normal -0.9955619623450727 0.09410833720573356 0
    outer loop
      vertex 133.24302256852388 -25.109828121960163 0
      vertex 133.24302256852388 -25.109828121960163 35.333333333333336
      vertex 133.2554378286004 -24.97848842293024 35.333333333333336
    endloop
  endfacet
  facet normal -0.9900236699728827 0.14090114582012728 0
    outer loop
      vertex 133.23372721672058 -25.17514070868492 0
      vertex 133.24302256852388 -25.109828121960163 35.333333333333336
      vertex 133.24302256852388 -25.109828121960163 0
    endloop
  endfacet
  facet normal -0.9900236699728827 0.14090114582012728 0
    outer loop
      vertex 133.23372721672058 -25.17514070868492 0
      vertex 133.23372721672058 -25.17514070868492 35.333333333333336
      vertex 133.24302256852388 -25.109828121960163 35.333333333333336
    endloop
  endfacet
  facet normal -0.9876883403027197 0.15643446688648588 0
    outer loop
      vertex 133.20706879347563 -25.343455366790295 0
      vertex 133.23372721672058 -25.17514070868492 35.333333333333336
      vertex 133.23372721672058 -25.17514070868492 0
    endloop
  endfacet
  facet normal -0.9876883403027197 0.15643446688648588 0
    outer loop
      vertex 133.20706879347563 -25.343455366790295 0
      vertex 133.20706879347563 -25.343455366790295 35.333333333333336
      vertex 133.23372721672058 -25.17514070868492 35.333333333333336
    endloop
  endfacet
  facet normal -0.9822872460550863 0.18738133908560406 0
    outer loop
      vertex 133.1823484674096 -25.473043836653233 0
      vertex 133.20706879347563 -25.343455366790295 35.333333333333336
      vertex 133.20706879347563 -25.343455366790295 0
    endloop
  endfacet
  facet normal -0.9822872460550863 0.18738133908560406 0
    outer loop
      vertex 133.1823484674096 -25.473043836653233 0
      vertex 133.1823484674096 -25.473043836653233 35.333333333333336
      vertex 133.20706879347563 -25.343455366790295 35.333333333333336
    endloop
  endfacet
  facet normal -0.9759167412465752 0.21814333396797847 0
    outer loop
      vertex 133.16930159181356 -25.531412176787853 0
      vertex 133.1823484674096 -25.473043836653233 35.333333333333336
      vertex 133.1823484674096 -25.473043836653233 0
    endloop
  endfacet
  facet normal -0.9759167412465752 0.21814333396797847 0
    outer loop
      vertex 133.16930159181356 -25.531412176787853 0
      vertex 133.16930159181356 -25.531412176787853 35.333333333333336
      vertex 133.1823484674096 -25.473043836653233 35.333333333333336
    endloop
  endfacet
  facet normal -0.9955619752041408 0.09410820117093772 0
    outer loop
      vertex 133.16467376053333 -25.58036957681179 0
      vertex 133.16930159181356 -25.531412176787853 35.333333333333336
      vertex 133.16930159181356 -25.531412176787853 0
    endloop
  endfacet
  facet normal -0.9955619752041408 0.09410820117093772 0
    outer loop
      vertex 133.16467376053333 -25.58036957681179 0
      vertex 133.16467376053333 -25.58036957681179 35.333333333333336
      vertex 133.16930159181356 -25.531412176787853 35.333333333333336
    endloop
  endfacet
  facet normal -0.9921147008760273 0.12533323703499735 0
    outer loop
      vertex 133.1253056228161 -25.89200046658516 0
      vertex 133.16467376053333 -25.58036957681179 35.333333333333336
      vertex 133.16467376053333 -25.58036957681179 0
    endloop
  endfacet
  facet normal -0.9921147008760273 0.12533323703499735 0
    outer loop
      vertex 133.1253056228161 -25.89200046658516 0
      vertex 133.1253056228161 -25.89200046658516 35.333333333333336
      vertex 133.16467376053333 -25.58036957681179 35.333333333333336
    endloop
  endfacet
  facet normal -0.9876883416412806 0.15643445843514425 0
    outer loop
      vertex 133.1046679764986 -26.02230144292116 0
      vertex 133.1253056228161 -25.89200046658516 35.333333333333336
      vertex 133.1253056228161 -25.89200046658516 0
    endloop
  endfacet
  facet normal -0.9876883416412806 0.15643445843514425 0
    outer loop
      vertex 133.1046679764986 -26.02230144292116 0
      vertex 133.1046679764986 -26.02230144292116 35.333333333333336
      vertex 133.1253056228161 -25.89200046658516 35.333333333333336
    endloop
  endfacet
  facet normal -0.9822872488005512 0.18738132469337496 0
    outer loop
      vertex 133.0458100810647 -26.330845318734646 0
      vertex 133.1046679764986 -26.02230144292116 35.333333333333336
      vertex 133.1046679764986 -26.02230144292116 0
    endloop
  endfacet
  facet normal -0.9822872488005512 0.18738132469337496 0
    outer loop
      vertex 133.0458100810647 -26.330845318734646 0
      vertex 133.0458100810647 -26.330845318734646 35.333333333333336
      vertex 133.1046679764986 -26.02230144292116 35.333333333333336
    endloop
  endfacet
  facet normal -0.9792228063701767 0.2027873158866591 0
    outer loop
      vertex 133.03243205696344 -26.395445346832275 0
      vertex 133.0458100810647 -26.330845318734646 35.333333333333336
      vertex 133.0458100810647 -26.330845318734646 0
    endloop
  endfacet
  facet normal -0.9792228063701767 0.2027873158866591 0
    outer loop
      vertex 133.03243205696344 -26.395445346832275 0
      vertex 133.03243205696344 -26.395445346832275 35.333333333333336
      vertex 133.0458100810647 -26.330845318734646 35.333333333333336
    endloop
  endfacet
  facet normal -0.9759167615088365 0.21814324331985313 0
    outer loop
      vertex 132.00793116539717 -30.97879882156849 0
      vertex 133.03243205696344 -26.395445346832275 35.333333333333336
      vertex 133.03243205696344 -26.395445346832275 0
    endloop
  endfacet
  facet normal -0.9759167615088365 0.21814324331985313 0
    outer loop
      vertex 132.00793116539717 -30.97879882156849 0
      vertex 132.00793116539717 -30.97879882156849 35.333333333333336
      vertex 133.03243205696344 -26.395445346832275 35.333333333333336
    endloop
  endfacet
  facet normal -1 0 0
    outer loop
      vertex 132.00793116539717 -31.149344094097614 0
      vertex 132.00793116539717 -30.97879882156849 35.333333333333336
      vertex 132.00793116539717 -30.97879882156849 0
    endloop
  endfacet
  facet normal -1 0 0
    outer loop
      vertex 132.00793116539717 -31.149344094097614 0
      vertex 132.00793116539717 -31.149344094097614 35.333333333333336
      vertex 132.00793116539717 -30.97879882156849 35.333333333333336
    endloop
  endfacet
  facet normal -0.998026731432948 -0.06279047177133147 0
    outer loop
      vertex 132.01936639100313 -31.331101939082146 0
      vertex 132.00793116539717 -31.149344094097614 35.333333333333336
      vertex 132.00793116539717 -31.149344094097614 0
    endloop
  endfacet
  facet normal -0.998026731432948 -0.06279047177133147 0
    outer loop
      vertex 132.01936639100313 -31.331101939082146 0
      vertex 132.01936639100313 -31.331101939082146 35.333333333333336
      vertex 132.00793116539717 -31.149344094097614 35.333333333333336
    endloop
  endfacet
  facet normal -0.9921146975881303 -0.1253332630613781 0
    outer loop
      vertex 132.0421917513013 -31.511783227324486 0
      vertex 132.01936639100313 -31.331101939082146 35.333333333333336
      vertex 132.01936639100313 -31.331101939082146 0
    endloop
  endfacet
  facet normal -0.9921146975881303 -0.1253332630613781 0
    outer loop
      vertex 132.0421917513013 -31.511783227324486 0
      vertex 132.0421917513013 -31.511783227324486 35.333333333333336
      vertex 132.01936639100313 -31.331101939082146 35.333333333333336
    endloop
  endfacet
  facet normal -0.9822872567945881 -0.18738128278716387 0
    outer loop
      vertex 132.076317101717 -31.690674610435963 0
      vertex 132.0421917513013 -31.511783227324486 35.333333333333336
      vertex 132.0421917513013 -31.511783227324486 0
    endloop
  endfacet
  facet normal -0.9822872567945881 -0.18738128278716387 0
    outer loop
      vertex 132.076317101717 -31.690674610435963 0
      vertex 132.076317101717 -31.690674610435963 35.333333333333336
      vertex 132.0421917513013 -31.511783227324486 35.333333333333336
    endloop
  endfacet
  facet normal -0.9685831541417198 -0.2486899143770759 0
    outer loop
      vertex 132.1216078400612 -31.867070369422436 0
      vertex 132.076317101717 -31.690674610435963 35.333333333333336
      vertex 132.076317101717 -31.690674610435963 0
    endloop
  endfacet
  facet normal -0.9685831541417198 -0.2486899143770759 0
    outer loop
      vertex 132.1216078400612 -31.867070369422436 0
      vertex 132.1216078400612 -31.867070369422436 35.333333333333336
      vertex 132.076317101717 -31.690674610435963 35.333333333333336
    endloop
  endfacet
  facet normal -0.9510565232177093 -0.3090169730695111 0
    outer loop
      vertex 132.17788518965244 -32.0402742549777 0
      vertex 132.1216078400612 -31.867070369422436 35.333333333333336
      vertex 132.1216078400612 -31.867070369422436 0
    endloop
  endfacet
  facet normal -0.9510565232177093 -0.3090169730695111 0
    outer loop
      vertex 132.17788518965244 -32.0402742549777 0
      vertex 132.17788518965244 -32.0402742549777 35.333333333333336
      vertex 132.1216078400612 -31.867070369422436 35.333333333333336
    endloop
  endfacet
  facet normal -0.929776477851033 -0.36812457298437373 0
    outer loop
      vertex 132.24492701143026 -32.20960255712271 0
      vertex 132.17788518965244 -32.0402742549777 35.333333333333336
      vertex 132.17788518965244 -32.0402742549777 0
    endloop
  endfacet
  facet normal -0.929776477851033 -0.36812457298437373 0
    outer loop
      vertex 132.24492701143026 -32.20960255712271 0
      vertex 132.24492701143026 -32.20960255712271 35.333333333333336
      vertex 132.17788518965244 -32.0402742549777 35.333333333333336
    endloop
  endfacet
  facet normal -0.9048270492424025 -0.42577929841560763 0
    outer loop
      vertex 132.3224687576294 -32.374387152493 0
      vertex 132.24492701143026 -32.20960255712271 35.333333333333336
      vertex 132.24492701143026 -32.20960255712271 0
    endloop
  endfacet
  facet normal -0.9048270492424025 -0.42577929841560763 0
    outer loop
      vertex 132.3224687576294 -32.374387152493 0
      vertex 132.3224687576294 -32.374387152493 35.333333333333336
      vertex 132.24492701143026 -32.20960255712271 35.333333333333336
    endloop
  endfacet
  facet normal -0.8763066770425152 -0.48175367956114756 0
    outer loop
      vertex 132.41020445525646 -32.533977791666985 0
      vertex 132.3224687576294 -32.374387152493 35.333333333333336
      vertex 132.3224687576294 -32.374387152493 0
    endloop
  endfacet
  facet normal -0.8763066770425152 -0.48175367956114756 0
    outer loop
      vertex 132.41020445525646 -32.533977791666985 0
      vertex 132.41020445525646 -32.533977791666985 35.333333333333336
      vertex 132.3224687576294 -32.374387152493 35.333333333333336
    endloop
  endfacet
  facet normal -0.8443279248984095 -0.5358267959301269 0
    outer loop
      vertex 132.50778774172068 -32.687744446098804 0
      vertex 132.41020445525646 -32.533977791666985 35.333333333333336
      vertex 132.41020445525646 -32.533977791666985 0
    endloop
  endfacet
  facet normal -0.8443279248984095 -0.5358267959301269 0
    outer loop
      vertex 132.50778774172068 -32.687744446098804 0
      vertex 132.50778774172068 -32.687744446098804 35.333333333333336
      vertex 132.41020445525646 -32.533977791666985 35.333333333333336
    endloop
  endfacet
  facet normal -0.8090170148355781 -0.58778522413083 0
    outer loop
      vertex 132.6148336082697 -32.835080452263355 0
      vertex 132.50778774172068 -32.687744446098804 35.333333333333336
      vertex 132.50778774172068 -32.687744446098804 0
    endloop
  endfacet
  facet normal -0.8090170148355781 -0.58778522413083 0
    outer loop
      vertex 132.6148336082697 -32.835080452263355 0
      vertex 132.6148336082697 -32.835080452263355 35.333333333333336
      vertex 132.50778774172068 -32.687744446098804 35.333333333333336
    endloop
  endfacet
  facet normal -0.7705132307847161 -0.637424004243407 0
    outer loop
      vertex 132.73091950267553 -32.97540418803692 0
      vertex 132.6148336082697 -32.835080452263355 35.333333333333336
      vertex 132.6148336082697 -32.835080452263355 0
    endloop
  endfacet
  facet normal -0.7705132307847161 -0.637424004243407 0
    outer loop
      vertex 132.73091950267553 -32.97540418803692 0
      vertex 132.73091950267553 -32.97540418803692 35.333333333333336
      vertex 132.6148336082697 -32.835080452263355 35.333333333333336
    endloop
  endfacet
  facet normal -0.7289686466352363 -0.6845470854680429 0
    outer loop
      vertex 132.8555874079466 -33.10816203057766 0
      vertex 132.73091950267553 -32.97540418803692 35.333333333333336
      vertex 132.73091950267553 -32.97540418803692 0
    endloop
  endfacet
  facet normal -0.7289686466352363 -0.6845470854680429 0
    outer loop
      vertex 132.8555874079466 -33.10816203057766 0
      vertex 132.8555874079466 -33.10816203057766 35.333333333333336
      vertex 132.73091950267553 -32.97540418803692 35.333333333333336
    endloop
  endfacet
  facet normal -0.6845470820372002 -0.7289686498570118 0
    outer loop
      vertex 132.9883451089263 -33.23282980173826 0
      vertex 132.8555874079466 -33.10816203057766 35.333333333333336
      vertex 132.8555874079466 -33.10816203057766 0
    endloop
  endfacet
  facet normal -0.6845470820372002 -0.7289686498570118 0
    outer loop
      vertex 132.9883451089263 -33.23282980173826 0
      vertex 132.9883451089263 -33.23282980173826 35.333333333333336
      vertex 132.8555874079466 -33.10816203057766 35.333333333333336
    endloop
  endfacet
  facet normal -0.6374239876835968 -0.7705132444841827 0
    outer loop
      vertex 133.12866903096437 -33.348915845155716 0
      vertex 132.9883451089263 -33.23282980173826 35.333333333333336
      vertex 132.9883451089263 -33.23282980173826 0
    endloop
  endfacet
  facet normal -0.6374239876835968 -0.7705132444841827 0
    outer loop
      vertex 133.12866903096437 -33.348915845155716 0
      vertex 133.12866903096437 -33.348915845155716 35.333333333333336
      vertex 132.9883451089263 -33.23282980173826 35.333333333333336
    endloop
  endfacet
  facet normal -0.5877852893858105 -0.8090169674250589 0
    outer loop
      vertex 133.276004858315 -33.45596159994602 0
      vertex 133.12866903096437 -33.348915845155716 35.333333333333336
      vertex 133.12866903096437 -33.348915845155716 0
    endloop
  endfacet
  facet normal -0.5877852893858105 -0.8090169674250589 0
    outer loop
      vertex 133.276004858315 -33.45596159994602 0
      vertex 133.276004858315 -33.45596159994602 35.333333333333336
      vertex 133.12866903096437 -33.348915845155716 35.333333333333336
    endloop
  endfacet
  facet normal -0.5358267751771161 -0.8443279380686703 0
    outer loop
      vertex 133.42977157980204 -33.55354492366314 0
      vertex 133.276004858315 -33.45596159994602 35.333333333333336
      vertex 133.276004858315 -33.45596159994602 0
    endloop
  endfacet
  facet normal -0.5358267751771161 -0.8443279380686703 0
    outer loop
      vertex 133.42977157980204 -33.55354492366314 0
      vertex 133.42977157980204 -33.55354492366314 35.333333333333336
      vertex 133.276004858315 -33.45596159994602 35.333333333333336
    endloop
  endfacet
  facet normal -0.48175364963113565 -0.8763066934966781 0
    outer loop
      vertex 133.58936213701963 -33.64128056913614 0
      vertex 133.42977157980204 -33.55354492366314 35.333333333333336
      vertex 133.42977157980204 -33.55354492366314 0
    endloop
  endfacet
  facet normal -0.48175364963113565 -0.8763066934966781 0
    outer loop
      vertex 133.58936213701963 -33.64128056913614 0
      vertex 133.58936213701963 -33.64128056913614 35.333333333333336
      vertex 133.42977157980204 -33.55354492366314 35.333333333333336
    endloop
  endfacet
  facet normal -0.425779300401094 -0.9048270483081035 0
    outer loop
      vertex 133.75414687395096 -33.7188223823905 0
      vertex 133.58936213701963 -33.64128056913614 35.333333333333336
      vertex 133.58936213701963 -33.64128056913614 0
    endloop
  endfacet
  facet normal -0.425779300401094 -0.9048270483081035 0
    outer loop
      vertex 133.75414687395096 -33.7188223823905 0
      vertex 133.75414687395096 -33.7188223823905 35.333333333333336
      vertex 133.58936213701963 -33.64128056913614 35.333333333333336
    endloop
  endfacet
  facet normal -0.36812455018012163 -0.9297764868798755 0
    outer loop
      vertex 133.92347509413958 -33.78586416691542 0
      vertex 133.75414687395096 -33.7188223823905 35.333333333333336
      vertex 133.75414687395096 -33.7188223823905 0
    endloop
  endfacet
  facet normal -0.36812455018012163 -0.9297764868798755 0
    outer loop
      vertex 133.92347509413958 -33.78586416691542 0
      vertex 133.92347509413958 -33.78586416691542 35.333333333333336
      vertex 133.75414687395096 -33.7188223823905 35.333333333333336
    endloop
  endfacet
  facet normal -0.3090169980503433 -0.9510565151009451 0
    outer loop
      vertex 134.09667898714542 -33.84214152395725 0
      vertex 133.92347509413958 -33.78586416691542 35.333333333333336
      vertex 133.92347509413958 -33.78586416691542 0
    endloop
  endfacet
  facet normal -0.3090169980503433 -0.9510565151009451 0
    outer loop
      vertex 134.09667898714542 -33.84214152395725 0
      vertex 134.09667898714542 -33.84214152395725 35.333333333333336
      vertex 133.92347509413958 -33.78586416691542 35.333333333333336
    endloop
  endfacet
  facet normal -0.2486898957053619 -0.9685831589358016 0
    outer loop
      vertex 134.27307473123074 -33.887432254850864 0
      vertex 134.09667898714542 -33.84214152395725 35.333333333333336
      vertex 134.09667898714542 -33.84214152395725 0
    endloop
  endfacet
  facet normal -0.2486898957053619 -0.9685831589358016 0
    outer loop
      vertex 134.27307473123074 -33.887432254850864 0
      vertex 134.27307473123074 -33.887432254850864 35.333333333333336
      vertex 134.09667898714542 -33.84214152395725 35.333333333333336
    endloop
  endfacet
  facet normal -0.18738131267235533 -0.9822872510936834 0
    outer loop
      vertex 134.45196624100208 -33.92155763506889 0
      vertex 134.27307473123074 -33.887432254850864 35.333333333333336
      vertex 134.27307473123074 -33.887432254850864 0
    endloop
  endfacet
  facet normal -0.18738131267235533 -0.9822872510936834 0
    outer loop
      vertex 134.45196624100208 -33.92155763506889 0
      vertex 134.45196624100208 -33.92155763506889 35.333333333333336
      vertex 134.27307473123074 -33.887432254850864 35.333333333333336
    endloop
  endfacet
  facet normal -0.12533321856258045 -0.9921147032096361 0
    outer loop
      vertex 134.6326474174857 -33.94438297301531 0
      vertex 134.45196624100208 -33.92155763506889 35.333333333333336
      vertex 134.45196624100208 -33.92155763506889 0
    endloop
  endfacet
  facet normal -0.12533321856258045 -0.9921147032096361 0
    outer loop
      vertex 134.6326474174857 -33.94438297301531 0
      vertex 134.6326474174857 -33.94438297301531 35.333333333333336
      vertex 134.45196624100208 -33.92155763506889 35.333333333333336
    endloop
  endfacet
  facet normal -0.06279054026576682 -0.9980267271236443 0
    outer loop
      vertex 134.83087860792875 -33.95685462653637 0
      vertex 134.6326474174857 -33.94438297301531 35.333333333333336
      vertex 134.6326474174857 -33.94438297301531 0
    endloop
  endfacet
  facet normal -0.06279054026576682 -0.9980267271236443 0
    outer loop
      vertex 134.83087860792875 -33.95685462653637 0
      vertex 134.83087860792875 -33.95685462653637 35.333333333333336
      vertex 134.6326474174857 -33.94438297301531 35.333333333333336
    endloop
  endfacet
  facet normal -0.015707341208747415 -0.9998766321062574 0
    outer loop
      vertex 134.9219577163458 -33.95828541368246 0
      vertex 134.83087860792875 -33.95685462653637 35.333333333333336
      vertex 134.83087860792875 -33.95685462653637 0
    endloop
  endfacet
  facet normal -0.015707341208747415 -0.9998766321062574 0
    outer loop
      vertex 134.9219577163458 -33.95828541368246 0
      vertex 134.9219577163458 -33.95828541368246 35.333333333333336
      vertex 134.83087860792875 -33.95685462653637 35.333333333333336
    endloop
  endfacet
  facet normal 0 -1 0
    outer loop
      vertex 145.11419402062893 -33.95828541368246 0
      vertex 134.9219577163458 -33.95828541368246 35.333333333333336
      vertex 134.9219577163458 -33.95828541368246 0
    endloop
  endfacet
  facet normal 0 -1 0
    outer loop
      vertex 145.11419402062893 -33.95828541368246 0
      vertex 145.11419402062893 -33.95828541368246 35.333333333333336
      vertex 134.9219577163458 -33.95828541368246 35.333333333333336
    endloop
  endfacet
  facet normal 0 0 1
    outer loop
      vertex 128.2343893572688 18.07472901046276 35.333333333333336
      vertex 128.10000000149012 18.035685293376446 35.333333333333336
      vertex 128.10000000149012 -18.03419514745474 35.333333333333336
    endloop
  endfacet
  facet normal 0 0 1
    outer loop
      vertex 128.2343893572688 18.07472901046276 35.333333333333336
      vertex 128.10000000149012 -18.03419514745474 35.333333333333336
      vertex 128.14731423556805 -18.047941207885742 35.333333333333336
    endloop
  endfacet
  facet normal 0 0 1
    outer loop
      vertex 128.2343893572688 18.07472901046276 35.333333333333336
      vertex 128.14731423556805 -18.047941207885742 35.333333333333336
      vertex 128.4460483044386 -18.1450057849288 35.333333333333336
    endloop
  endfacet
  facet normal 0 0 1
    outer loop
      vertex 128.35985766351223 18.11549613624811 35.333333333333336
      vertex 128.2343893572688 18.07472901046276 35.333333333333336
      vertex 128.4460483044386 -18.1450057849288 35.333333333333336
    endloop
  endfacet
  facet normal 0 0 1
    outer loop
      vertex 128.65539545565844 18.221896290779114 35.333333333333336
      vertex 128.35985766351223 18.11549613624811 35.333333333333336
      vertex 128.4460483044386 -18.1450057849288 35.333333333333336
    endloop
  endfacet
  facet normal 0 0 1
    outer loop
      vertex 128.65539545565844 18.221896290779114 35.333333333333336
      vertex 128.4460483044386 -18.1450057849288 35.333333333333336
      vertex 128.57017417997122 -18.189693845808506 35.333333333333336
    endloop
  endfacet
  facet normal 0 0 1
    outer loop
      vertex 128.65539545565844 18.221896290779114 35.333333333333336
      vertex 128.57017417997122 -18.189693845808506 35.333333333333336
      vertex 128.86222405731678 -18.3053245767951 35.333333333333336
    endloop
  endfacet
  facet normal 0 0 1
    outer loop
      vertex 128.7780563533306 18.270461179316044 35.333333333333336
      vertex 128.65539545565844 18.221896290779114 35.333333333333336
      vertex 128.86222405731678 -18.3053245767951 35.333333333333336
    endloop
  endfacet
  facet normal 0 0 1
    outer loop
      vertex 129.06633009016514 18.39520835876465 35.333333333333336
      vertex 128.7780563533306 18.270461179316044 35.333333333333336
      vertex 128.86222405731678 -18.3053245767951 35.333333333333336
    endloop
  endfacet
  facet normal 0 0 1
    outer loop
      vertex 129.06633009016514 18.39520835876465 35.333333333333336
      vertex 128.86222405731678 -18.3053245767951 35.333333333333336
      vertex 128.983299061656 -18.357718408107758 35.333333333333336
    endloop
  endfacet
  facet normal 0 0 1
    outer loop
      vertex 129.06633009016514 18.39520835876465 35.333333333333336
      vertex 128.983299061656 -18.357718408107758 35.333333333333336
      vertex 129.26751210540533 -18.491458922624588 35.333333333333336
    endloop
  endfacet
  facet normal 0 0 1
    outer loop
      vertex 129.18569956719875 18.451379373669624 35.333333333333336
      vertex 129.06633009016514 18.39520835876465 35.333333333333336
      vertex 129.26751210540533 -18.491458922624588 35.333333333333336
    endloop
  endfacet
  facet normal 0 0 1
    outer loop
      vertex 129.46557147800922 18.593981236219406 35.333333333333336
      vertex 129.18569956719875 18.451379373669624 35.333333333333336
      vertex 129.26751210540533 -18.491458922624588 35.333333333333336
    endloop
  endfacet
  facet normal 0 0 1
    outer loop
      vertex 129.46557147800922 18.593981236219406 35.333333333333336
      vertex 129.26751210540533 -18.491458922624588 35.333333333333336
      vertex 129.38505823910236 -18.55135167390108 35.333333333333336
    endloop
  endfacet
  facet normal 0 0 1
    outer loop
      vertex 129.46557147800922 18.593981236219406 35.333333333333336
      vertex 129.38505823910236 -18.55135167390108 35.333333333333336
      vertex 129.66031282395124 -18.7026741579175 35.333333333333336
    endloop
  endfacet
  facet normal 0 0 1
    outer loop
      vertex 129.5811784043908 18.657536678016186 35.333333333333336
      vertex 129.46557147800922 18.593981236219406 35.333333333333336
      vertex 129.66031282395124 -18.7026741579175 35.333333333333336
    endloop
  endfacet
  facet normal 0 0 1
    outer loop
      vertex 129.85154400765896 18.817430451512337 35.333333333333336
      vertex 129.5811784043908 18.657536678016186 35.333333333333336
      vertex 129.66031282395124 -18.7026741579175 35.333333333333336
    endloop
  endfacet
  facet normal 0 0 1
    outer loop
      vertex 129.85154400765896 18.817430451512337 35.333333333333336
      vertex 129.66031282395124 -18.7026741579175 35.333333333333336
      vertex 129.77386638522148 -18.76982954144478 35.333333333333336
    endloop
  endfacet
  facet normal 0 0 1
    outer loop
      vertex 129.85154400765896 18.817430451512337 35.333333333333336
      vertex 129.77386638522148 -18.76982954144478 35.333333333333336
      vertex 130.03907620161772 -18.9381368085742 35.333333333333336
    endloop
  endfacet
  facet normal 0 0 1
    outer loop
      vertex 129.96293211728334 18.888119496405125 35.333333333333336
      vertex 129.85154400765896 18.817430451512337 35.333333333333336
      vertex 130.03907620161772 -18.9381368085742 35.333333333333336
    endloop
  endfacet
  facet normal 0 0 1
    outer loop
      vertex 130.22272442281246 19.06467416137457 35.333333333333336
      vertex 129.96293211728334 18.888119496405125 35.333333333333336
      vertex 130.03907620161772 -18.9381368085742 35.333333333333336
    endloop
  endfacet
  facet normal 0 0 1
    outer loop
      vertex 130.22272442281246 19.06467416137457 35.333333333333336
      vertex 130.03907620161772 -18.9381368085742 35.333333333333336
      vertex 130.14818896353245 -19.01228976249695 35.333333333333336
    endloop
  endfacet
  facet normal 0 0 1
    outer loop
      vertex 130.22272442281246 19.06467416137457 35.333333333333336
      vertex 130.14818896353245 -19.01228976249695 35.333333333333336
      vertex 130.4023073911667 -19.1969176158309 35.333333333333336
    endloop
  endfacet
  facet normal 0 0 1
    outer loop
      vertex 130.329454138875 19.142217844724655 35.333333333333336
      vertex 130.22272442281246 19.06467416137457 35.333333333333336
      vertex 130.4023073911667 -19.1969176158309 35.333333333333336
    endloop
  endfacet
  facet normal 0 0 1
    outer loop
      vertex 130.5776478201151 19.334736600518227 35.333333333333336
      vertex 130.329454138875 19.142217844724655 35.333333333333336
      vertex 130.4023073911667 -19.1969176158309 35.333333333333336
    endloop
  endfacet
  facet normal 0 0 1
    outer loop
      vertex 130.5776478201151 19.334736600518227 35.333333333333336
      vertex 130.4023073911667 -19.1969176158309 35.333333333333336
      vertex 130.50654870271683 -19.277775466442108 35.333333333333336
    endloop
  endfacet
  facet normal 0 0 1
    outer loop
      vertex 130.5776478201151 19.334736600518227 35.333333333333336
      vertex 130.50654870271683 -19.277775466442108 35.333333333333336
      vertex 130.74857275933027 -19.477995179593563 35.333333333333336
    endloop
  endfacet
  facet normal 0 0 1
    outer loop
      vertex 130.67929790169 19.41882885992527 35.333333333333336
      vertex 130.5776478201151 19.334736600518227 35.333333333333336
      vertex 130.74857275933027 -19.477995179593563 35.333333333333336
    endloop
  endfacet
  facet normal 0 0 1
    outer loop
      vertex 130.91491348296404 19.626551933586597 35.333333333333336
      vertex 130.67929790169 19.41882885992527 35.333333333333336
      vertex 130.74857275933027 -19.477995179593563 35.333333333333336
    endloop
  endfacet
  facet normal 0 0 1
    outer loop
      vertex 130.91491348296404 19.626551933586597 35.333333333333336
      vertex 130.74857275933027 -19.477995179593563 35.333333333333336
      vertex 130.84753128141165 -19.56523885577917 35.333333333333336
    endloop
  endfacet
  facet normal 0 0 1
    outer loop
      vertex 130.91491348296404 19.626551933586597 35.333333333333336
      vertex 130.84753128141165 -19.56523885577917 35.333333333333336
      vertex 131.07650586217642 -19.780260294675827 35.333333333333336
    endloop
  endfacet
  facet normal 0 0 1
    outer loop
      vertex 131.0110828205943 19.716860949993134 35.333333333333336
      vertex 130.91491348296404 19.626551933586597 35.333333333333336
      vertex 131.07650586217642 -19.780260294675827 35.333333333333336
    endloop
  endfacet
  facet normal 0 0 1
    outer loop
      vertex 131.2331904321909 19.938968561589718 35.333333333333336
      vertex 131.0110828205943 19.716860949993134 35.333333333333336
      vertex 131.07650586217642 -19.780260294675827 35.333333333333336
    endloop
  endfacet
  facet normal 0 0 1
    outer loop
      vertex 131.2331904321909 19.938968561589718 35.333333333333336
      vertex 131.07650586217642 -19.780260294675827 35.333333333333336
      vertex 131.16979106515646 -19.873545490205288 35.333333333333336
    endloop
  endfacet
  facet normal 0 0 1
    outer loop
      vertex 131.2331904321909 19.938968561589718 35.333333333333336
      vertex 131.16979106515646 -19.873545490205288 35.333333333333336
      vertex 131.3848125115037 -20.10252007097006 35.333333333333336
    endloop
  endfacet
  facet normal 0 0 1
    outer loop
      vertex 131.32349944859743 20.03513789921999 35.333333333333336
      vertex 131.2331904321909 19.938968561589718 35.333333333333336
      vertex 131.3848125115037 -20.10252007097006 35.333333333333336
    endloop
  endfacet
  facet normal 0 0 1
    outer loop
      vertex 131.53122252225876 20.270753480494022 35.333333333333336
      vertex 131.32349944859743 20.03513789921999 35.333333333333336
      vertex 131.3848125115037 -20.10252007097006 35.333333333333336
    endloop
  endfacet
  facet normal 0 0 1
    outer loop
      vertex 131.53122252225876 20.270753480494022 35.333333333333336
      vertex 131.3848125115037 -20.10252007097006 35.333333333333336
      vertex 131.47205621004105 -20.201478622853756 35.333333333333336
    endloop
  endfacet
  facet normal 0 0 1
    outer loop
      vertex 131.53122252225876 20.270753480494022 35.333333333333336
      vertex 131.47205621004105 -20.201478622853756 35.333333333333336
      vertex 131.6722759231925 -20.4435026794672 35.333333333333336
    endloop
  endfacet
  facet normal 0 0 1
    outer loop
      vertex 131.6153147816658 20.37240356206894 35.333333333333336
      vertex 131.53122252225876 20.270753480494022 35.333333333333336
      vertex 131.6722759231925 -20.4435026794672 35.333333333333336
    endloop
  endfacet
  facet normal 0 0 1
    outer loop
      vertex 131.80783355236053 20.620597258210182 35.333333333333336
      vertex 131.6153147816658 20.37240356206894 35.333333333333336
      vertex 131.6722759231925 -20.4435026794672 35.333333333333336
    endloop
  endfacet
  facet normal 0 0 1
    outer loop
      vertex 131.80783355236053 20.620597258210182 35.333333333333336
      vertex 131.6722759231925 -20.4435026794672 35.333333333333336
      vertex 131.75313380360603 -20.547744028270245 35.333333333333336
    endloop
  endfacet
  facet normal 0 0 1
    outer loop
      vertex 131.80783355236053 20.620597258210182 35.333333333333336
      vertex 131.75313380360603 -20.547744028270245 35.333333333333336
      vertex 131.93776162713766 -20.801862433552742 35.333333333333336
    endloop
  endfacet
  facet normal 0 0 1
    outer loop
      vertex 131.88537722826004 20.727326974272728 35.333333333333336
      vertex 131.80783355236053 20.620597258210182 35.333333333333336
      vertex 131.93776162713766 -20.801862433552742 35.333333333333336
    endloop
  endfacet
  facet normal 0 0 1
    outer loop
      vertex 132.0619318857789 20.987119264900684 35.333333333333336
      vertex 131.88537722826004 20.727326974272728 35.333333333333336
      vertex 131.93776162713766 -20.801862433552742 35.333333333333336
    endloop
  endfacet
  facet normal 0 0 1
    outer loop
      vertex 132.0619318857789 20.987119264900684 35.333333333333336
      vertex 131.93776162713766 -20.801862433552742 35.333333333333336
      vertex 132.01191457360983 -20.91097518801689 35.333333333333336
    endloop
  endfacet
  facet normal 0 0 1
    outer loop
      vertex 132.0619318857789 20.987119264900684 35.333333333333336
      vertex 132.01191457360983 -20.91097518801689 35.333333333333336
      vertex 132.18022183328867 -21.176184996962547 35.333333333333336
    endloop
  endfacet
  facet normal 0 0 1
    outer loop
      vertex 132.1326209306717 21.09850737452507 35.333333333333336
      vertex 132.0619318857789 20.987119264900684 35.333333333333336
      vertex 132.18022183328867 -21.176184996962547 35.333333333333336
    endloop
  endfacet
  facet normal 0 0 1
    outer loop
      vertex 132.29251470416784 21.368872977793217 35.333333333333336
      vertex 132.1326209306717 21.09850737452507 35.333333333333336
      vertex 132.18022183328867 -21.176184996962547 35.333333333333336
    endloop
  endfacet
  facet normal 0 0 1
    outer loop
      vertex 132.29251470416784 21.368872977793217 35.333333333333336
      vertex 132.18022183328867 -21.176184996962547 35.333333333333336
      vertex 132.2473771944642 -21.28973850607872 35.333333333333336
    endloop
  endfacet
  facet normal 0 0 1
    outer loop
      vertex 132.29251470416784 21.368872977793217 35.333333333333336
      vertex 132.2473771944642 -21.28973850607872 35.333333333333336
      vertex 132.3986996859312 -21.56499308347702 35.333333333333336
    endloop
  endfacet
  facet normal 0 0 1
    outer loop
      vertex 132.35607014596462 21.484479904174805 35.333333333333336
      vertex 132.29251470416784 21.368872977793217 35.333333333333336
      vertex 132.3986996859312 -21.56499308347702 35.333333333333336
    endloop
  endfacet
  facet normal 0 0 1
    outer loop
      vertex 132.49867203086615 21.764351844787598 35.333333333333336
      vertex 132.35607014596462 21.484479904174805 35.333333333333336
      vertex 132.3986996859312 -21.56499308347702 35.333333333333336
    endloop
  endfacet
  facet normal 0 0 1
    outer loop
      vertex 132.49867203086615 21.764351844787598 35.333333333333336
      vertex 132.3986996859312 -21.56499308347702 35.333333333333336
      vertex 132.45859248191118 -21.6825393140316 35.333333333333336
    endloop
  endfacet
  facet normal 0 0 1
    outer loop
      vertex 132.49867203086615 21.764351844787598 35.333333333333336
      vertex 132.45859248191118 -21.6825393140316 35.333333333333336
      vertex 132.59233298897743 -21.966752357780933 35.333333333333336
    endloop
  endfacet
  facet normal 0 0 1
    outer loop
      vertex 132.55484303832054 21.883721329271793 35.333333333333336
      vertex 132.49867203086615 21.764351844787598 35.333333333333336
      vertex 132.59233298897743 -21.966752357780933 35.333333333333336
    endloop
  endfacet
  facet normal 0 0 1
    outer loop
      vertex 132.67959020286798 22.171995028853416 35.333333333333336
      vertex 132.55484303832054 21.883721329271793 35.333333333333336
      vertex 132.59233298897743 -21.966752357780933 35.333333333333336
    endloop
  endfacet
  facet normal 0 0 1
    outer loop
      vertex 132.67959020286798 22.171995028853416 35.333333333333336
      vertex 132.59233298897743 -21.966752357780933 35.333333333333336
      vertex 132.64472680538893 -22.087827309966087 35.333333333333336
    endloop
  endfacet
  facet normal 0 0 1
    outer loop
      vertex 132.67959020286798 22.171995028853416 35.333333333333336
      vertex 132.64472680538893 -22.087827309966087 35.333333333333336
      vertex 132.76035752147436 -22.37987717986107 35.333333333333336
    endloop
  endfacet
  facet normal 0 0 1
    outer loop
      vertex 132.72815509140491 22.294655926525593 35.333333333333336
      vertex 132.67959020286798 22.171995028853416 35.333333333333336
      vertex 132.76035752147436 -22.37987717986107 35.333333333333336
    endloop
  endfacet
  facet normal 0 0 1
    outer loop
      vertex 132.83455524593592 22.5901937186718 35.333333333333336
      vertex 132.72815509140491 22.294655926525593 35.333333333333336
      vertex 132.76035752147436 -22.37987717986107 35.333333333333336
    endloop
  endfacet
  facet normal 0 0 1
    outer loop
      vertex 132.83455524593592 22.5901937186718 35.333333333333336
      vertex 132.76035752147436 -22.37987717986107 35.333333333333336
      vertex 132.80504558235407 -22.504003033041954 35.333333333333336
    endloop
  endfacet
  facet normal 0 0 1
    outer loop
      vertex 132.83455524593592 22.5901937186718 35.333333333333336
      vertex 132.80504558235407 -22.504003033041954 35.333333333333336
      vertex 132.9021101668477 -22.8027371019125 35.333333333333336
    endloop
  endfacet
  facet normal 0 0 1
    outer loop
      vertex 132.87532237172127 22.71566204726696 35.333333333333336
      vertex 132.83455524593592 22.5901937186718 35.333333333333336
      vertex 132.9021101668477 -22.8027371019125 35.333333333333336
    endloop
  endfacet
  facet normal 0 0 1
    outer loop
      vertex 132.9629555940628 23.017297580838203 35.333333333333336
      vertex 132.87532237172127 22.71566204726696 35.333333333333336
      vertex 132.9021101668477 -22.8027371019125 35.333333333333336
    endloop
  endfacet
  facet normal 0 0 1
    outer loop
      vertex 132.9629555940628 23.017297580838203 35.333333333333336
      vertex 132.9021101668477 -22.8027371019125 35.333333333333336
      vertex 132.93891612440348 -22.929424040019512 35.333333333333336
    endloop
  endfacet
  facet normal 0 0 1
    outer loop
      vertex 132.9629555940628 23.017297580838203 35.333333333333336
      vertex 132.93891612440348 -22.929424040019512 35.333333333333336
      vertex 133.01703150570393 -23.233663365244865 35.333333333333336
    endloop
  endfacet
  facet normal 0 0 1
    outer loop
      vertex 132.995764054358 23.14507807791233 35.333333333333336
      vertex 132.9629555940628 23.017297580838203 35.333333333333336
      vertex 133.01703150570393 -23.233663365244865 35.333333333333336
    endloop
  endfacet
  facet normal 0 0 1
    outer loop
      vertex 133.06428450345993 23.451620936393738 35.333333333333336
      vertex 132.995764054358 23.14507807791233 35.333333333333336
      vertex 133.01703150570393 -23.233663365244865 35.333333333333336
    endloop
  endfacet
  facet normal 0 0 1
    outer loop
      vertex 133.06428450345993 23.451620936393738 35.333333333333336
      vertex 133.01703150570393 -23.233663365244865 35.333333333333336
      vertex 133.04581008851528 -23.362411364912987 35.333333333333336
    endloop
  endfacet
  facet normal 0 0 1
    outer loop
      vertex 133.1770890057087 -24.244226649403572 35.333333333333336
      vertex 133.17896009236574 -24.273966878652573 35.333333333333336
      vertex 133.19360633939505 -24.324379570782185 35.333333333333336
    endloop
  endfacet
  facet normal 0 0 1
    outer loop
      vertex 133.03243205696344 -26.395445346832275 35.333333333333336
      vertex 132.00793116539717 -30.97879882156849 35.333333333333336
      vertex 132.00793116539717 -31.149344094097614 35.333333333333336
    endloop
  endfacet
  facet normal 0 0 1
    outer loop
      vertex 133.03243205696344 -26.395445346832275 35.333333333333336
      vertex 132.00793116539717 -31.149344094097614 35.333333333333336
      vertex 132.01936639100313 -31.331101939082146 35.333333333333336
    endloop
  endfacet
  facet normal 0 0 1
    outer loop
      vertex 133.03243205696344 -26.395445346832275 35.333333333333336
      vertex 132.01936639100313 -31.331101939082146 35.333333333333336
      vertex 132.0421917513013 -31.511783227324486 35.333333333333336
    endloop
  endfacet
  facet normal 0 0 1
    outer loop
      vertex 133.03243205696344 -26.395445346832275 35.333333333333336
      vertex 132.0421917513013 -31.511783227324486 35.333333333333336
      vertex 132.076317101717 -31.690674610435963 35.333333333333336
    endloop
  endfacet
  facet normal 0 0 1
    outer loop
      vertex 133.03243205696344 -26.395445346832275 35.333333333333336
      vertex 132.076317101717 -31.690674610435963 35.333333333333336
      vertex 132.1216078400612 -31.867070369422436 35.333333333333336
    endloop
  endfacet
  facet normal 0 0 1
    outer loop
      vertex 133.03243205696344 -26.395445346832275 35.333333333333336
      vertex 132.1216078400612 -31.867070369422436 35.333333333333336
      vertex 132.17788518965244 -32.0402742549777 35.333333333333336
    endloop
  endfacet
  facet normal 0 0 1
    outer loop
      vertex 133.03243205696344 -26.395445346832275 35.333333333333336
      vertex 132.17788518965244 -32.0402742549777 35.333333333333336
      vertex 132.24492701143026 -32.20960255712271 35.333333333333336
    endloop
  endfacet
  facet normal 0 0 1
    outer loop
      vertex 133.03243205696344 -26.395445346832275 35.333333333333336
      vertex 132.24492701143026 -32.20960255712271 35.333333333333336
      vertex 132.3224687576294 -32.374387152493 35.333333333333336
    endloop
  endfacet
  facet normal 0 0 1
    outer loop
      vertex 133.03243205696344 -26.395445346832275 35.333333333333336
      vertex 132.3224687576294 -32.374387152493 35.333333333333336
      vertex 132.41020445525646 -32.533977791666985 35.333333333333336
    endloop
  endfacet
  facet normal 0 0 1
    outer loop
      vertex 133.03243205696344 -26.395445346832275 35.333333333333336
      vertex 132.41020445525646 -32.533977791666985 35.333333333333336
      vertex 132.50778774172068 -32.687744446098804 35.333333333333336
    endloop
  endfacet
  facet normal 0 0 1
    outer loop
      vertex 133.03243205696344 -26.395445346832275 35.333333333333336
      vertex 132.50778774172068 -32.687744446098804 35.333333333333336
      vertex 132.6148336082697 -32.835080452263355 35.333333333333336
    endloop
  endfacet
  facet normal 0 0 1
    outer loop
      vertex 133.03243205696344 -26.395445346832275 35.333333333333336
      vertex 132.6148336082697 -32.835080452263355 35.333333333333336
      vertex 132.73091950267553 -32.97540418803692 35.333333333333336
    endloop
  endfacet
  facet normal 0 0 1
    outer loop
      vertex 133.03243205696344 -26.395445346832275 35.333333333333336
      vertex 132.73091950267553 -32.97540418803692 35.333333333333336
      vertex 132.8555874079466 -33.10816203057766 35.333333333333336
    endloop
  endfacet
  facet normal 0 0 1
    outer loop
      vertex 133.03243205696344 -26.395445346832275 35.333333333333336
      vertex 132.8555874079466 -33.10816203057766 35.333333333333336
      vertex 132.9883451089263 -33.23282980173826 35.333333333333336
    endloop
  endfacet
  facet normal 0 0 1
    outer loop
      vertex 133.03243205696344 -26.395445346832275 35.333333333333336
      vertex 132.9883451089263 -33.23282980173826 35.333333333333336
      vertex 133.12866903096437 -33.348915845155716 35.333333333333336
    endloop
  endfacet
  facet normal 0 0 1
    outer loop
      vertex 133.03243205696344 -26.395445346832275 35.333333333333336
      vertex 133.12866903096437 -33.348915845155716 35.333333333333336
      vertex 133.276004858315 -33.45596159994602 35.333333333333336
    endloop
  endfacet
  facet normal 0 0 1
    outer loop
      vertex 133.03243205696344 -26.395445346832275 35.333333333333336
      vertex 133.276004858315 -33.45596159994602 35.333333333333336
      vertex 133.42977157980204 -33.55354492366314 35.333333333333336
    endloop
  endfacet
  facet normal 0 0 1
    outer loop
      vertex 133.03243205696344 -26.395445346832275 35.333333333333336
      vertex 133.42977157980204 -33.55354492366314 35.333333333333336
      vertex 133.58936213701963 -33.64128056913614 35.333333333333336
    endloop
  endfacet
  facet normal 0 0 1
    outer loop
      vertex 133.03243205696344 -26.395445346832275 35.333333333333336
      vertex 133.58936213701963 -33.64128056913614 35.333333333333336
      vertex 133.75414687395096 -33.7188223823905 35.333333333333336
    endloop
  endfacet
  facet normal 0 0 1
    outer loop
      vertex 133.03243205696344 -26.395445346832275 35.333333333333336
      vertex 133.75414687395096 -33.7188223823905 35.333333333333336
      vertex 133.92347509413958 -33.78586416691542 35.333333333333336
    endloop
  endfacet
  facet normal 0 0 1
    outer loop
      vertex 133.03243205696344 -26.395445346832275 35.333333333333336
      vertex 133.92347509413958 -33.78586416691542 35.333333333333336
      vertex 134.09667898714542 -33.84214152395725 35.333333333333336
    endloop
  endfacet
  facet normal 0 0 1
    outer loop
      vertex 133.03243205696344 -26.395445346832275 35.333333333333336
      vertex 134.09667898714542 -33.84214152395725 35.333333333333336
      vertex 134.27307473123074 -33.887432254850864 35.333333333333336
    endloop
  endfacet
  facet normal 0 0 1
    outer loop
      vertex 133.03243205696344 -26.395445346832275 35.333333333333336
      vertex 134.27307473123074 -33.887432254850864 35.333333333333336
      vertex 134.45196624100208 -33.92155763506889 35.333333333333336
    endloop
  endfacet
  facet normal 0 0 1
    outer loop
      vertex 133.03243205696344 -26.395445346832275 35.333333333333336
      vertex 134.45196624100208 -33.92155763506889 35.333333333333336
      vertex 134.6326474174857 -33.94438297301531 35.333333333333336
    endloop
  endfacet
  facet normal 0 0 1
    outer loop
      vertex 133.03243205696344 -26.395445346832275 35.333333333333336
      vertex 134.6326474174857 -33.94438297301531 35.333333333333336
      vertex 134.83087860792875 -33.95685462653637 35.333333333333336
    endloop
  endfacet
  facet normal 0 0 1
    outer loop
      vertex 133.03243205696344 -26.395445346832275 35.333333333333336
      vertex 134.83087860792875 -33.95685462653637 35.333333333333336
      vertex 134.9219577163458 -33.95828541368246 35.333333333333336
    endloop
  endfacet
  facet normal 0 0 1
    outer loop
      vertex 133.03243205696344 -26.395445346832275 35.333333333333336
      vertex 134.9219577163458 -33.95828541368246 35.333333333333336
      vertex 145.11419402062893 -33.95828541368246 35.333333333333336
    endloop
  endfacet
  facet normal 0 0 1
    outer loop
      vertex 133.0458100810647 -26.330845318734646 35.333333333333336
      vertex 133.03243205696344 -26.395445346832275 35.333333333333336
      vertex 145.11419402062893 -33.95828541368246 35.333333333333336
    endloop
  endfacet
  facet normal 0 0 1
    outer loop
      vertex 133.1046679764986 -26.02230144292116 35.333333333333336
      vertex 133.0458100810647 -26.330845318734646 35.333333333333336
      vertex 145.11419402062893 -33.95828541368246 35.333333333333336
    endloop
  endfacet
  facet normal 0 0 1
    outer loop
      vertex 133.1253056228161 -25.89200046658516 35.333333333333336
      vertex 133.1046679764986 -26.02230144292116 35.333333333333336
      vertex 145.11419402062893 -33.95828541368246 35.333333333333336
    endloop
  endfacet
  facet normal 0 0 1
    outer loop
      vertex 133.16467376053333 -25.58036957681179 35.333333333333336
      vertex 133.1253056228161 -25.89200046658516 35.333333333333336
      vertex 145.11419402062893 -33.95828541368246 35.333333333333336
    endloop
  endfacet
  facet normal 0 0 1
    outer loop
      vertex 133.16930159181356 -25.531412176787853 35.333333333333336
      vertex 133.16467376053333 -25.58036957681179 35.333333333333336
      vertex 145.11419402062893 -33.95828541368246 35.333333333333336
    endloop
  endfacet
  facet normal 0 0 1
    outer loop
      vertex 133.1823484674096 -25.473043836653233 35.333333333333336
      vertex 133.16930159181356 -25.531412176787853 35.333333333333336
      vertex 145.11419402062893 -33.95828541368246 35.333333333333336
    endloop
  endfacet
  facet normal 0 0 1
    outer loop
      vertex 133.20706879347563 -25.343455366790295 35.333333333333336
      vertex 133.1823484674096 -25.473043836653233 35.333333333333336
      vertex 145.11419402062893 -33.95828541368246 35.333333333333336
    endloop
  endfacet
  facet normal 0 0 1
    outer loop
      vertex 133.23372721672058 -25.17514070868492 35.333333333333336
      vertex 133.20706879347563 -25.343455366790295 35.333333333333336
      vertex 145.11419402062893 -33.95828541368246 35.333333333333336
    endloop
  endfacet
  facet normal 0 0 1
    outer loop
      vertex 133.24302256852388 -25.109828121960163 35.333333333333336
      vertex 133.23372721672058 -25.17514070868492 35.333333333333336
      vertex 145.11419402062893 -33.95828541368246 35.333333333333336
    endloop
  endfacet
  facet normal 0 0 1
    outer loop
      vertex 133.2554378286004 -24.97848842293024 35.333333333333336
      vertex 133.24302256852388 -25.109828121960163 35.333333333333336
      vertex 145.11419402062893 -33.95828541368246 35.333333333333336
    endloop
  endfacet
  facet normal 0 0 1
    outer loop
      vertex 133.25958169996738 -24.846628330647945 35.333333333333336
      vertex 133.2554378286004 -24.97848842293024 35.333333333333336
      vertex 145.11419402062893 -33.95828541368246 35.333333333333336
    endloop
  endfacet
  facet normal 0 0 1
    outer loop
      vertex 133.2554378286004 -24.71476823836565 35.333333333333336
      vertex 133.25958169996738 -24.846628330647945 35.333333333333336
      vertex 145.11419402062893 -33.95828541368246 35.333333333333336
    endloop
  endfacet
  facet normal 0 0 1
    outer loop
      vertex 133.24302256852388 -24.583428539335728 35.333333333333336
      vertex 133.2554378286004 -24.71476823836565 35.333333333333336
      vertex 145.11419402062893 -33.95828541368246 35.333333333333336
    endloop
  endfacet
  facet normal 0 0 1
    outer loop
      vertex 133.2223849222064 -24.453127570450306 35.333333333333336
      vertex 133.24302256852388 -24.583428539335728 35.333333333333336
      vertex 145.11419402062893 -33.95828541368246 35.333333333333336
    endloop
  endfacet
  facet normal 0 0 1
    outer loop
      vertex 133.2223849222064 -24.453127570450306 35.333333333333336
      vertex 145.11419402062893 -33.95828541368246 35.333333333333336
      vertex 145.32921066135168 -33.95152824372053 35.333333333333336
    endloop
  endfacet
  facet normal 0 0 1
    outer loop
      vertex 133.2223849222064 -24.453127570450306 35.333333333333336
      vertex 145.32921066135168 -33.95152824372053 35.333333333333336
      vertex 145.51051982492208 -33.93438947945833 35.333333333333336
    endloop
  endfacet
  facet normal 0 0 1
    outer loop
      vertex 133.2223849222064 -24.453127570450306 35.333333333333336
      vertex 145.51051982492208 -33.93438947945833 35.333333333333336
      vertex 145.6903948262334 -33.905900076031685 35.333333333333336
    endloop
  endfacet
  facet normal 0 0 1
    outer loop
      vertex 133.2223849222064 -24.453127570450306 35.333333333333336
      vertex 145.6903948262334 -33.905900076031685 35.333333333333336
      vertex 145.86812625080347 -33.86617239564657 35.333333333333336
    endloop
  endfacet
  facet normal 0 0 1
    outer loop
      vertex 133.2223849222064 -24.453127570450306 35.333333333333336
      vertex 145.86812625080347 -33.86617239564657 35.333333333333336
      vertex 146.04301215708256 -33.815363340079784 35.333333333333336
    endloop
  endfacet
  facet normal 0 0 1
    outer loop
      vertex 133.2223849222064 -24.453127570450306 35.333333333333336
      vertex 146.04301215708256 -33.815363340079784 35.333333333333336
      vertex 146.21436294913292 -33.753673262894154 35.333333333333336
    endloop
  endfacet
  facet normal 0 0 1
    outer loop
      vertex 133.2223849222064 -24.453127570450306 35.333333333333336
      vertex 146.21436294913292 -33.753673262894154 35.333333333333336
      vertex 146.38150188326836 -33.68134579062462 35.333333333333336
    endloop
  endfacet
  facet normal 0 0 1
    outer loop
      vertex 133.2223849222064 -24.453127570450306 35.333333333333336
      vertex 146.38150188326836 -33.68134579062462 35.333333333333336
      vertex 146.5437694787979 -33.598666317760944 35.333333333333336
    endloop
  endfacet
  facet normal 0 0 1
    outer loop
      vertex 133.2223849222064 -24.453127570450306 35.333333333333336
      vertex 146.5437694787979 -33.598666317760944 35.333333333333336
      vertex 146.70052552968264 -33.505961045622826 35.333333333333336
    endloop
  endfacet
  facet normal 0 0 1
    outer loop
      vertex 133.2223849222064 -24.453127570450306 35.333333333333336
      vertex 146.70052552968264 -33.505961045622826 35.333333333333336
      vertex 146.8511512055993 -33.40359594672918 35.333333333333336
    endloop
  endfacet
  facet normal 0 0 1
    outer loop
      vertex 133.2223849222064 -24.453127570450306 35.333333333333336
      vertex 146.8511512055993 -33.40359594672918 35.333333333333336
      vertex 146.99505205452442 -33.29197500646114 35.333333333333336
    endloop
  endfacet
  facet normal 0 0 1
    outer loop
      vertex 133.2223849222064 -24.453127570450306 35.333333333333336
      vertex 146.99505205452442 -33.29197500646114 35.333333333333336
      vertex 147.13166023045778 -33.171538695693016 35.333333333333336
    endloop
  endfacet
  facet normal 0 0 1
    outer loop
      vertex 133.2223849222064 -24.453127570450306 35.333333333333336
      vertex 147.13166023045778 -33.171538695693016 35.333333333333336
      vertex 147.26043661683798 -33.04276230931282 35.333333333333336
    endloop
  endfacet
  facet normal 0 0 1
    outer loop
      vertex 133.2223849222064 -24.453127570450306 35.333333333333336
      vertex 147.26043661683798 -33.04276230931282 35.333333333333336
      vertex 147.3808729276061 -32.90615413337946 35.333333333333336
    endloop
  endfacet
  facet normal 0 0 1
    outer loop
      vertex 133.2223849222064 -24.453127570450306 35.333333333333336
      vertex 147.3808729276061 -32.90615413337946 35.333333333333336
      vertex 147.49249386787415 -32.762253284454346 35.333333333333336
    endloop
  endfacet
  facet normal 0 0 1
    outer loop
      vertex 133.2223849222064 -24.453127570450306 35.333333333333336
      vertex 147.49249386787415 -32.762253284454346 35.333333333333336
      vertex 147.5948589667678 -32.611627608537674 35.333333333333336
    endloop
  endfacet
  facet normal 0 0 1
    outer loop
      vertex 133.2223849222064 -24.453127570450306 35.333333333333336
      vertex 147.5948589667678 -32.611627608537674 35.333333333333336
      vertex 147.6875642389059 -32.45487155765295 35.333333333333336
    endloop
  endfacet
  facet normal 0 0 1
    outer loop
      vertex 133.2223849222064 -24.453127570450306 35.333333333333336
      vertex 147.6875642389059 -32.45487155765295 35.333333333333336
      vertex 147.77024371176958 -32.292603962123394 35.333333333333336
    endloop
  endfacet
  facet normal 0 0 1
    outer loop
      vertex 133.2223849222064 -24.453127570450306 35.333333333333336
      vertex 147.77024371176958 -32.292603962123394 35.333333333333336
      vertex 147.84257118403912 -32.12546502798796 35.333333333333336
    endloop
  endfacet
  facet normal 0 0 1
    outer loop
      vertex 133.2223849222064 -24.453127570450306 35.333333333333336
      vertex 147.84257118403912 -32.12546502798796 35.333333333333336
      vertex 147.90426126122475 -31.954114235937595 35.333333333333336
    endloop
  endfacet
  facet normal 0 0 1
    outer loop
      vertex 133.2223849222064 -24.453127570450306 35.333333333333336
      vertex 147.90426126122475 -31.954114235937595 35.333333333333336
      vertex 147.9596753269434 -31.763377778232098 35.333333333333336
    endloop
  endfacet
  facet normal 0 0 1
    outer loop
      vertex 133.2223849222064 -24.453127570450306 35.333333333333336
      vertex 147.9596753269434 -31.763377778232098 35.333333333333336
      vertex 147.9809399843216 -31.674804128706455 35.333333333333336
    endloop
  endfacet
  facet normal 0 0 1
    outer loop
      vertex 133.2223849222064 -24.453127570450306 35.333333333333336
      vertex 147.9809399843216 -31.674804128706455 35.333333333333336
      vertex 148.6926189288497 -28.490935541689396 35.333333333333336
    endloop
  endfacet
  facet normal 0 0 1
    outer loop
      vertex 133.2223849222064 -24.453127570450306 35.333333333333336
      vertex 148.6926189288497 -28.490935541689396 35.333333333333336
      vertex 148.73911356925964 -28.247202076017857 35.333333333333336
    endloop
  endfacet
  facet normal 0 0 1
    outer loop
      vertex 133.2223849222064 -24.453127570450306 35.333333333333336
      vertex 148.73911356925964 -28.247202076017857 35.333333333333336
      vertex 150.18816865235567 -19.098228305578232 35.333333333333336
    endloop
  endfacet
  facet normal 0 0 1
    outer loop
      vertex 133.19360633939505 -24.324379570782185 35.333333333333336
      vertex 133.2223849222064 -24.453127570450306 35.333333333333336
      vertex 150.18816865235567 -19.098228305578232 35.333333333333336
    endloop
  endfacet
  facet normal 0 0 1
    outer loop
      vertex 133.1770890057087 -24.244226649403572 35.333333333333336
      vertex 133.19360633939505 -24.324379570782185 35.333333333333336
      vertex 150.18816865235567 -19.098228305578232 35.333333333333336
    endloop
  endfacet
  facet normal 0 0 1
    outer loop
      vertex 133.16467374563217 -24.11288695037365 35.333333333333336
      vertex 133.1770890057087 -24.244226649403572 35.333333333333336
      vertex 150.18816865235567 -19.098228305578232 35.333333333333336
    endloop
  endfacet
  facet normal 0 0 1
    outer loop
      vertex 133.1253056228161 -23.80125619471073 35.333333333333336
      vertex 133.16467374563217 -24.11288695037365 35.333333333333336
      vertex 150.18816865235567 -19.098228305578232 35.333333333333336
    endloop
  endfacet
  facet normal 0 0 1
    outer loop
      vertex 133.10466798394918 -23.670955285429955 35.333333333333336
      vertex 133.1253056228161 -23.80125619471073 35.333333333333336
      vertex 150.18816865235567 -19.098228305578232 35.333333333333336
    endloop
  endfacet
  facet normal 0 0 1
    outer loop
      vertex 133.04581008851528 -23.362411364912987 35.333333333333336
      vertex 133.10466798394918 -23.670955285429955 35.333333333333336
      vertex 150.18816865235567 -19.098228305578232 35.333333333333336
    endloop
  endfacet
  facet normal 0 0 1
    outer loop
      vertex 133.04581008851528 -23.362411364912987 35.333333333333336
      vertex 150.18816865235567 -19.098228305578232 35.333333333333336
      vertex 150.21926743537188 -18.85205613076687 35.333333333333336
    endloop
  endfacet
  facet normal 0 0 1
    outer loop
      vertex 133.04581008851528 -23.362411364912987 35.333333333333336
      vertex 150.21926743537188 -18.85205613076687 35.333333333333336
      vertex 151.09099428355694 -9.630149371922016 35.333333333333336
    endloop
  endfacet
  facet normal 0 0 1
    outer loop
      vertex 133.04581008851528 -23.362411364912987 35.333333333333336
      vertex 151.09099428355694 -9.630149371922016 35.333333333333336
      vertex 151.10657441616058 -9.382510170340538 35.333333333333336
    endloop
  endfacet
  facet normal 0 0 1
    outer loop
      vertex 133.04581008851528 -23.362411364912987 35.333333333333336
      vertex 151.10657441616058 -9.382510170340538 35.333333333333336
      vertex 151.39753279834986 -0.12406446784734726 35.333333333333336
    endloop
  endfacet
  facet normal 0 0 1
    outer loop
      vertex 133.06428450345993 23.451620936393738 35.333333333333336
      vertex 133.04581008851528 -23.362411364912987 35.333333333333336
      vertex 151.39753279834986 -0.12406446784734726 35.333333333333336
    endloop
  endfacet
  facet normal 0 0 1
    outer loop
      vertex 133.06428450345993 23.451620936393738 35.333333333333336
      vertex 151.39753279834986 -0.12406446784734726 35.333333333333336
      vertex 151.39753279834986 0.12406446784734726 35.333333333333336
    endloop
  endfacet
  facet normal 0 0 1
    outer loop
      vertex 133.06428450345993 23.451620936393738 35.333333333333336
      vertex 151.39753279834986 0.12406446784734726 35.333333333333336
      vertex 151.10657441616058 9.382510170340538 35.333333333333336
    endloop
  endfacet
  facet normal 0 0 1
    outer loop
      vertex 133.06428450345993 23.451620936393738 35.333333333333336
      vertex 151.10657441616058 9.382510170340538 35.333333333333336
      vertex 151.09099428355694 9.630149371922016 35.333333333333336
    endloop
  endfacet
  facet normal 0 0 1
    outer loop
      vertex 133.06428450345993 23.451620936393738 35.333333333333336
      vertex 151.09099428355694 9.630149371922016 35.333333333333336
      vertex 150.21926743537188 18.85205613076687 35.333333333333336
    endloop
  endfacet
  facet normal 0 0 1
    outer loop
      vertex 133.06428450345993 23.451620936393738 35.333333333333336
      vertex 150.21926743537188 18.85205613076687 35.333333333333336
      vertex 150.18816865235567 19.098228305578232 35.333333333333336
    endloop
  endfacet
  facet normal 0 0 1
    outer loop
      vertex 133.0890048146248 23.58120935410261 35.333333333333336
      vertex 133.06428450345993 23.451620936393738 35.333333333333336
      vertex 150.18816865235567 19.098228305578232 35.333333333333336
    endloop
  endfacet
  facet normal 0 0 1
    outer loop
      vertex 133.1381420791149 23.89144980162382 35.333333333333336
      vertex 133.0890048146248 23.58120935410261 35.333333333333336
      vertex 150.18816865235567 19.098228305578232 35.333333333333336
    endloop
  endfacet
  facet normal 0 0 1
    outer loop
      vertex 133.1381420791149 23.89144980162382 35.333333333333336
      vertex 150.18816865235567 19.098228305578232 35.333333333333336
      vertex 148.73911356925964 28.247202076017857 35.333333333333336
    endloop
  endfacet
  facet normal 0 0 1
    outer loop
      vertex 133.15467669069767 24.022334717214108 35.333333333333336
      vertex 133.1381420791149 23.89144980162382 35.333333333333336
      vertex 148.73911356925964 28.247202076017857 35.333333333333336
    endloop
  endfacet
  facet normal 0 0 1
    outer loop
      vertex 133.17780461907387 24.267002671957016 35.333333333333336
      vertex 133.15467669069767 24.022334717214108 35.333333333333336
      vertex 148.73911356925964 28.247202076017857 35.333333333333336
    endloop
  endfacet
  facet normal 0 0 1
    outer loop
      vertex 133.20900689810514 24.388527527451515 35.333333333333336
      vertex 133.17780461907387 24.267002671957016 35.333333333333336
      vertex 148.73911356925964 28.247202076017857 35.333333333333336
    endloop
  endfacet
  facet normal 0 0 1
    outer loop
      vertex 133.23372721672058 24.51811596006155 35.333333333333336
      vertex 133.20900689810514 24.388527527451515 35.333333333333336
      vertex 148.73911356925964 28.247202076017857 35.333333333333336
    endloop
  endfacet
  facet normal 0 0 1
    outer loop
      vertex 133.25026182085276 24.649000875651836 35.333333333333336
      vertex 133.23372721672058 24.51811596006155 35.333333333333336
      vertex 148.73911356925964 28.247202076017857 35.333333333333336
    endloop
  endfacet
  facet normal 0 0 1
    outer loop
      vertex 133.25854547321796 24.78066574037075 35.333333333333336
      vertex 133.25026182085276 24.649000875651836 35.333333333333336
      vertex 148.73911356925964 28.247202076017857 35.333333333333336
    endloop
  endfacet
  facet normal 0 0 1
    outer loop
      vertex 133.25854547321796 24.91259092837572 35.333333333333336
      vertex 133.25854547321796 24.78066574037075 35.333333333333336
      vertex 148.73911356925964 28.247202076017857 35.333333333333336
    endloop
  endfacet
  facet normal 0 0 1
    outer loop
      vertex 133.25026182085276 25.044255793094635 35.333333333333336
      vertex 133.25854547321796 24.91259092837572 35.333333333333336
      vertex 148.73911356925964 28.247202076017857 35.333333333333336
    endloop
  endfacet
  facet normal 0 0 1
    outer loop
      vertex 133.23372721672058 25.17514070868492 35.333333333333336
      vertex 133.25026182085276 25.044255793094635 35.333333333333336
      vertex 148.73911356925964 28.247202076017857 35.333333333333336
    endloop
  endfacet
  facet normal 0 0 1
    outer loop
      vertex 133.20706879347563 25.343455366790295 35.333333333333336
      vertex 133.23372721672058 25.17514070868492 35.333333333333336
      vertex 148.73911356925964 28.247202076017857 35.333333333333336
    endloop
  endfacet
  facet normal 0 0 1
    outer loop
      vertex 133.20706879347563 25.343455366790295 35.333333333333336
      vertex 148.73911356925964 28.247202076017857 35.333333333333336
      vertex 148.6926189288497 28.490935541689396 35.333333333333336
    endloop
  endfacet
  facet normal 0 0 1
    outer loop
      vertex 133.18234845995903 25.473043866455555 35.333333333333336
      vertex 133.20706879347563 25.343455366790295 35.333333333333336
      vertex 148.6926189288497 28.490935541689396 35.333333333333336
    endloop
  endfacet
  facet normal 0 0 1
    outer loop
      vertex 133.16681096702814 25.54255460202694 35.333333333333336
      vertex 133.18234845995903 25.473043866455555 35.333333333333336
      vertex 148.6926189288497 28.490935541689396 35.333333333333336
    endloop
  endfacet
  facet normal 0 0 1
    outer loop
      vertex 133.1546766832471 25.670921973884106 35.333333333333336
      vertex 133.16681096702814 25.54255460202694 35.333333333333336
      vertex 148.6926189288497 28.490935541689396 35.333333333333336
    endloop
  endfacet
  facet normal 0 0 1
    outer loop
      vertex 133.13814207166433 25.801806896924973 35.333333333333336
      vertex 133.1546766832471 25.670921973884106 35.333333333333336
      vertex 148.6926189288497 28.490935541689396 35.333333333333336
    endloop
  endfacet
  facet normal 0 0 1
    outer loop
      vertex 133.0890048146248 26.11204730719328 35.333333333333336
      vertex 133.13814207166433 25.801806896924973 35.333333333333336
      vertex 148.6926189288497 28.490935541689396 35.333333333333336
    endloop
  endfacet
  facet normal 0 0 1
    outer loop
      vertex 133.0712272003293 26.20938827097416 35.333333333333336
      vertex 133.0890048146248 26.11204730719328 35.333333333333336
      vertex 148.6926189288497 28.490935541689396 35.333333333333336
    endloop
  endfacet
  facet normal 0 0 1
    outer loop
      vertex 133.03937475383282 26.363197900354862 35.333333333333336
      vertex 133.0712272003293 26.20938827097416 35.333333333333336
      vertex 148.6926189288497 28.490935541689396 35.333333333333336
    endloop
  endfacet
  facet normal 0 0 1
    outer loop
      vertex 133.03243205696344 26.395445346832275 35.333333333333336
      vertex 133.03937475383282 26.363197900354862 35.333333333333336
      vertex 148.6926189288497 28.490935541689396 35.333333333333336
    endloop
  endfacet
  facet normal 0 0 1
    outer loop
      vertex 133.03243205696344 26.395445346832275 35.333333333333336
      vertex 148.6926189288497 28.490935541689396 35.333333333333336
      vertex 147.98453836888075 31.6587058827281 35.333333333333336
    endloop
  endfacet
  facet normal 0 0 1
    outer loop
      vertex 133.03243205696344 26.395445346832275 35.333333333333336
      vertex 147.98453836888075 31.6587058827281 35.333333333333336
      vertex 147.9310394525528 31.867070376873016 35.333333333333336
    endloop
  endfacet
  facet normal 0 0 1
    outer loop
      vertex 133.03243205696344 26.395445346832275 35.333333333333336
      vertex 147.9310394525528 31.867070376873016 35.333333333333336
      vertex 147.8747621178627 32.04027420282364 35.333333333333336
    endloop
  endfacet
  facet normal 0 0 1
    outer loop
      vertex 133.03243205696344 26.395445346832275 35.333333333333336
      vertex 147.8747621178627 32.04027420282364 35.333333333333336
      vertex 147.80772031843662 32.20960247516632 35.333333333333336
    endloop
  endfacet
  facet normal 0 0 1
    outer loop
      vertex 133.03243205696344 26.395445346832275 35.333333333333336
      vertex 147.80772031843662 32.20960247516632 35.333333333333336
      vertex 147.73017850518227 32.374387212097645 35.333333333333336
    endloop
  endfacet
  facet normal 0 0 1
    outer loop
      vertex 133.03243205696344 26.395445346832275 35.333333333333336
      vertex 147.73017850518227 32.374387212097645 35.333333333333336
      vertex 147.6424428075552 32.53397785127163 35.333333333333336
    endloop
  endfacet
  facet normal 0 0 1
    outer loop
      vertex 133.03243205696344 26.395445346832275 35.333333333333336
      vertex 147.6424428075552 32.53397785127163 35.333333333333336
      vertex 147.5448595955968 32.68774439394474 35.333333333333336
    endloop
  endfacet
  facet normal 0 0 1
    outer loop
      vertex 133.03243205696344 26.395445346832275 35.333333333333336
      vertex 147.5448595955968 32.68774439394474 35.333333333333336
      vertex 147.4378136843443 32.835080452263355 35.333333333333336
    endloop
  endfacet
  facet normal 0 0 1
    outer loop
      vertex 133.03243205696344 26.395445346832275 35.333333333333336
      vertex 147.4378136843443 32.835080452263355 35.333333333333336
      vertex 147.32172773778439 32.975404255092144 35.333333333333336
    endloop
  endfacet
  facet normal 0 0 1
    outer loop
      vertex 133.03243205696344 26.395445346832275 35.333333333333336
      vertex 147.32172773778439 32.975404255092144 35.333333333333336
      vertex 147.1970599219203 33.10816199332476 35.333333333333336
    endloop
  endfacet
  facet normal 0 0 1
    outer loop
      vertex 133.03243205696344 26.395445346832275 35.333333333333336
      vertex 147.1970599219203 33.10816199332476 35.333333333333336
      vertex 147.0643021836877 33.23282980918884 35.333333333333336
    endloop
  endfacet
  facet normal 0 0 1
    outer loop
      vertex 133.03243205696344 26.395445346832275 35.333333333333336
      vertex 147.0643021836877 33.23282980918884 35.333333333333336
      vertex 146.9239783808589 33.34891575574875 35.333333333333336
    endloop
  endfacet
  facet normal 0 0 1
    outer loop
      vertex 133.03243205696344 26.395445346832275 35.333333333333336
      vertex 146.9239783808589 33.34891575574875 35.333333333333336
      vertex 146.77664232254028 33.45596166700125 35.333333333333336
    endloop
  endfacet
  facet normal 0 0 1
    outer loop
      vertex 133.03243205696344 26.395445346832275 35.333333333333336
      vertex 146.77664232254028 33.45596166700125 35.333333333333336
      vertex 146.62287577986717 33.553544878959656 35.333333333333336
    endloop
  endfacet
  facet normal 0 0 1
    outer loop
      vertex 133.03243205696344 26.395445346832275 35.333333333333336
      vertex 146.62287577986717 33.553544878959656 35.333333333333336
      vertex 146.4632851406932 33.64128057658672 35.333333333333336
    endloop
  endfacet
  facet normal 0 0 1
    outer loop
      vertex 133.03243205696344 26.395445346832275 35.333333333333336
      vertex 146.4632851406932 33.64128057658672 35.333333333333336
      vertex 146.29850040376186 33.71882238984108 35.333333333333336
    endloop
  endfacet
  facet normal 0 0 1
    outer loop
      vertex 133.03243205696344 26.395445346832275 35.333333333333336
      vertex 146.29850040376186 33.71882238984108 35.333333333333336
      vertex 146.12917213141918 33.78586418926716 35.333333333333336
    endloop
  endfacet
  facet normal 0 0 1
    outer loop
      vertex 133.03243205696344 26.395445346832275 35.333333333333336
      vertex 146.12917213141918 33.78586418926716 35.333333333333336
      vertex 145.95596830546856 33.84214152395725 35.333333333333336
    endloop
  endfacet
  facet normal 0 0 1
    outer loop
      vertex 133.03243205696344 26.395445346832275 35.333333333333336
      vertex 145.95596830546856 33.84214152395725 35.333333333333336
      vertex 145.77957259863615 33.887432247400284 35.333333333333336
    endloop
  endfacet
  facet normal 0 0 1
    outer loop
      vertex 133.03243205696344 26.395445346832275 35.333333333333336
      vertex 145.77957259863615 33.887432247400284 35.333333333333336
      vertex 145.6006810888648 33.92155762761831 35.333333333333336
    endloop
  endfacet
  facet normal 0 0 1
    outer loop
      vertex 133.03243205696344 26.395445346832275 35.333333333333336
      vertex 145.6006810888648 33.92155762761831 35.333333333333336
      vertex 145.4199998676777 33.94438298046589 35.333333333333336
    endloop
  endfacet
  facet normal 0 0 1
    outer loop
      vertex 133.03243205696344 26.395445346832275 35.333333333333336
      vertex 145.4199998676777 33.94438298046589 35.333333333333336
      vertex 145.22176868468523 33.95685462653637 35.333333333333336
    endloop
  endfacet
  facet normal 0 0 1
    outer loop
      vertex 133.03243205696344 26.395445346832275 35.333333333333336
      vertex 145.22176868468523 33.95685462653637 35.333333333333336
      vertex 145.13068958371878 33.95828541368246 35.333333333333336
    endloop
  endfacet
  facet normal 0 0 1
    outer loop
      vertex 132.00917329639196 30.973241858184338 35.333333333333336
      vertex 133.03243205696344 26.395445346832275 35.333333333333336
      vertex 145.13068958371878 33.95828541368246 35.333333333333336
    endloop
  endfacet
  facet normal 0 0 1
    outer loop
      vertex 132.00650069117546 31.058285415172577 35.333333333333336
      vertex 132.00917329639196 30.973241858184338 35.333333333333336
      vertex 145.13068958371878 33.95828541368246 35.333333333333336
    endloop
  endfacet
  facet normal 0 0 1
    outer loop
      vertex 132.0122211277485 31.24031274020672 35.333333333333336
      vertex 132.00650069117546 31.058285415172577 35.333333333333336
      vertex 145.13068958371878 33.95828541368246 35.333333333333336
    endloop
  endfacet
  facet normal 0 0 1
    outer loop
      vertex 132.0293598920107 31.421621903777122 35.333333333333336
      vertex 132.0122211277485 31.24031274020672 35.333333333333336
      vertex 145.13068958371878 33.95828541368246 35.333333333333336
    endloop
  endfacet
  facet normal 0 0 1
    outer loop
      vertex 132.05784929543734 31.601496905088425 35.333333333333336
      vertex 132.0293598920107 31.421621903777122 35.333333333333336
      vertex 145.13068958371878 33.95828541368246 35.333333333333336
    endloop
  endfacet
  facet normal 0 0 1
    outer loop
      vertex 132.09757697582245 31.77922832965851 35.333333333333336
      vertex 132.05784929543734 31.601496905088425 35.333333333333336
      vertex 145.13068958371878 33.95828541368246 35.333333333333336
    endloop
  endfacet
  facet normal 0 0 1
    outer loop
      vertex 132.14838603138924 31.954114235937595 35.333333333333336
      vertex 132.09757697582245 31.77922832965851 35.333333333333336
      vertex 145.13068958371878 33.95828541368246 35.333333333333336
    endloop
  endfacet
  facet normal 0 0 1
    outer loop
      vertex 132.21007610857487 32.12546502798796 35.333333333333336
      vertex 132.14838603138924 31.954114235937595 35.333333333333336
      vertex 145.13068958371878 33.95828541368246 35.333333333333336
    endloop
  endfacet
  facet normal 0 0 1
    outer loop
      vertex 132.2824035808444 32.292603962123394 35.333333333333336
      vertex 132.21007610857487 32.12546502798796 35.333333333333336
      vertex 145.13068958371878 33.95828541368246 35.333333333333336
    endloop
  endfacet
  facet normal 0 0 1
    outer loop
      vertex 132.36508305370808 32.45487155765295 35.333333333333336
      vertex 132.2824035808444 32.292603962123394 35.333333333333336
      vertex 145.13068958371878 33.95828541368246 35.333333333333336
    endloop
  endfacet
  facet normal 0 0 1
    outer loop
      vertex 132.4577883258462 32.611627608537674 35.333333333333336
      vertex 132.36508305370808 32.45487155765295 35.333333333333336
      vertex 145.13068958371878 33.95828541368246 35.333333333333336
    endloop
  endfacet
  facet normal 0 0 1
    outer loop
      vertex 132.56015342473984 32.762253284454346 35.333333333333336
      vertex 132.4577883258462 32.611627608537674 35.333333333333336
      vertex 145.13068958371878 33.95828541368246 35.333333333333336
    endloop
  endfacet
  facet normal 0 0 1
    outer loop
      vertex 132.67177436500788 32.90615413337946 35.333333333333336
      vertex 132.56015342473984 32.762253284454346 35.333333333333336
      vertex 145.13068958371878 33.95828541368246 35.333333333333336
    endloop
  endfacet
  facet normal 0 0 1
    outer loop
      vertex 132.792210675776 33.04276230931282 35.333333333333336
      vertex 132.67177436500788 32.90615413337946 35.333333333333336
      vertex 145.13068958371878 33.95828541368246 35.333333333333336
    endloop
  endfacet
  facet normal 0 0 1
    outer loop
      vertex 132.9209870621562 33.171538695693016 35.333333333333336
      vertex 132.792210675776 33.04276230931282 35.333333333333336
      vertex 145.13068958371878 33.95828541368246 35.333333333333336
    endloop
  endfacet
  facet normal 0 0 1
    outer loop
      vertex 133.05759523808956 33.29197500646114 35.333333333333336
      vertex 132.9209870621562 33.171538695693016 35.333333333333336
      vertex 145.13068958371878 33.95828541368246 35.333333333333336
    endloop
  endfacet
  facet normal 0 0 1
    outer loop
      vertex 133.20149608701468 33.40359594672918 35.333333333333336
      vertex 133.05759523808956 33.29197500646114 35.333333333333336
      vertex 145.13068958371878 33.95828541368246 35.333333333333336
    endloop
  endfacet
  facet normal 0 0 1
    outer loop
      vertex 133.35212176293135 33.505961045622826 35.333333333333336
      vertex 133.20149608701468 33.40359594672918 35.333333333333336
      vertex 145.13068958371878 33.95828541368246 35.333333333333336
    endloop
  endfacet
  facet normal 0 0 1
    outer loop
      vertex 133.50887781381607 33.598666317760944 35.333333333333336
      vertex 133.35212176293135 33.505961045622826 35.333333333333336
      vertex 145.13068958371878 33.95828541368246 35.333333333333336
    endloop
  endfacet
  facet normal 0 0 1
    outer loop
      vertex 133.67114540934563 33.68134579062462 35.333333333333336
      vertex 133.50887781381607 33.598666317760944 35.333333333333336
      vertex 145.13068958371878 33.95828541368246 35.333333333333336
    endloop
  endfacet
  facet normal 0 0 1
    outer loop
      vertex 133.83828434348106 33.753673262894154 35.333333333333336
      vertex 133.67114540934563 33.68134579062462 35.333333333333336
      vertex 145.13068958371878 33.95828541368246 35.333333333333336
    endloop
  endfacet
  facet normal 0 0 1
    outer loop
      vertex 134.00963513553143 33.815363340079784 35.333333333333336
      vertex 133.83828434348106 33.753673262894154 35.333333333333336
      vertex 145.13068958371878 33.95828541368246 35.333333333333336
    endloop
  endfacet
  facet normal 0 0 1
    outer loop
      vertex 134.1845210418105 33.86617239564657 35.333333333333336
      vertex 134.00963513553143 33.815363340079784 35.333333333333336
      vertex 145.13068958371878 33.95828541368246 35.333333333333336
    endloop
  endfacet
  facet normal 0 0 1
    outer loop
      vertex 134.3622524663806 33.905900076031685 35.333333333333336
      vertex 134.1845210418105 33.86617239564657 35.333333333333336
      vertex 145.13068958371878 33.95828541368246 35.333333333333336
    endloop
  endfacet
  facet normal 0 0 1
    outer loop
      vertex 134.5421274676919 33.93438947945833 35.333333333333336
      vertex 134.3622524663806 33.905900076031685 35.333333333333336
      vertex 145.13068958371878 33.95828541368246 35.333333333333336
    endloop
  endfacet
  facet normal 0 0 1
    outer loop
      vertex 134.7234366312623 33.95152824372053 35.333333333333336
      vertex 134.5421274676919 33.93438947945833 35.333333333333336
      vertex 145.13068958371878 33.95828541368246 35.333333333333336
    endloop
  endfacet
  facet normal 0 0 1
    outer loop
      vertex 134.7234366312623 33.95152824372053 35.333333333333336
      vertex 145.13068958371878 33.95828541368246 35.333333333333336
      vertex 134.93845327943563 33.95828541368246 35.333333333333336
    endloop
  endfacet
  facet normal 0 0 -1
    outer loop
      vertex 128.10000000149012 -18.03419514745474 0
      vertex 128.10000000149012 18.035685293376446 0
      vertex 128.2343893572688 18.07472901046276 0
    endloop
  endfacet
  facet normal 0 0 -1
    outer loop
      vertex 128.14731423556805 -18.047941207885742 0
      vertex 128.10000000149012 -18.03419514745474 0
      vertex 128.2343893572688 18.07472901046276 0
    endloop
  endfacet
  facet normal 0 0 -1
    outer loop
      vertex 128.4460483044386 -18.1450057849288 0
      vertex 128.14731423556805 -18.047941207885742 0
      vertex 128.2343893572688 18.07472901046276 0
    endloop
  endfacet
  facet normal 0 0 -1
    outer loop
      vertex 128.4460483044386 -18.1450057849288 0
      vertex 128.2343893572688 18.07472901046276 0
      vertex 128.35985766351223 18.11549613624811 0
    endloop
  endfacet
  facet normal 0 0 -1
    outer loop
      vertex 128.4460483044386 -18.1450057849288 0
      vertex 128.35985766351223 18.11549613624811 0
      vertex 128.65539545565844 18.221896290779114 0
    endloop
  endfacet
  facet normal 0 0 -1
    outer loop
      vertex 128.57017417997122 -18.189693845808506 0
      vertex 128.4460483044386 -18.1450057849288 0
      vertex 128.65539545565844 18.221896290779114 0
    endloop
  endfacet
  facet normal 0 0 -1
    outer loop
      vertex 128.86222405731678 -18.3053245767951 0
      vertex 128.57017417997122 -18.189693845808506 0
      vertex 128.65539545565844 18.221896290779114 0
    endloop
  endfacet
  facet normal 0 0 -1
    outer loop
      vertex 128.86222405731678 -18.3053245767951 0
      vertex 128.65539545565844 18.221896290779114 0
      vertex 128.7780563533306 18.270461179316044 0
    endloop
  endfacet
  facet normal 0 0 -1
    outer loop
      vertex 128.86222405731678 -18.3053245767951 0
      vertex 128.7780563533306 18.270461179316044 0
      vertex 129.06633009016514 18.39520835876465 0
    endloop
  endfacet
  facet normal 0 0 -1
    outer loop
      vertex 128.983299061656 -18.357718408107758 0
      vertex 128.86222405731678 -18.3053245767951 0
      vertex 129.06633009016514 18.39520835876465 0
    endloop
  endfacet
  facet normal 0 0 -1
    outer loop
      vertex 129.26751210540533 -18.491458922624588 0
      vertex 128.983299061656 -18.357718408107758 0
      vertex 129.06633009016514 18.39520835876465 0
    endloop
  endfacet
  facet normal 0 0 -1
    outer loop
      vertex 129.26751210540533 -18.491458922624588 0
      vertex 129.06633009016514 18.39520835876465 0
      vertex 129.18569956719875 18.451379373669624 0
    endloop
  endfacet
  facet normal 0 0 -1
    outer loop
      vertex 129.26751210540533 -18.491458922624588 0
      vertex 129.18569956719875 18.451379373669624 0
      vertex 129.46557147800922 18.593981236219406 0
    endloop
  endfacet
  facet normal 0 0 -1
    outer loop
      vertex 129.38505823910236 -18.55135167390108 0
      vertex 129.26751210540533 -18.491458922624588 0
      vertex 129.46557147800922 18.593981236219406 0
    endloop
  endfacet
  facet normal 0 0 -1
    outer loop
      vertex 129.66031282395124 -18.7026741579175 0
      vertex 129.38505823910236 -18.55135167390108 0
      vertex 129.46557147800922 18.593981236219406 0
    endloop
  endfacet
  facet normal 0 0 -1
    outer loop
      vertex 129.66031282395124 -18.7026741579175 0
      vertex 129.46557147800922 18.593981236219406 0
      vertex 129.5811784043908 18.657536678016186 0
    endloop
  endfacet
  facet normal 0 0 -1
    outer loop
      vertex 129.66031282395124 -18.7026741579175 0
      vertex 129.5811784043908 18.657536678016186 0
      vertex 129.85154400765896 18.817430451512337 0
    endloop
  endfacet
  facet normal 0 0 -1
    outer loop
      vertex 129.77386638522148 -18.76982954144478 0
      vertex 129.66031282395124 -18.7026741579175 0
      vertex 129.85154400765896 18.817430451512337 0
    endloop
  endfacet
  facet normal 0 0 -1
    outer loop
      vertex 130.03907620161772 -18.9381368085742 0
      vertex 129.77386638522148 -18.76982954144478 0
      vertex 129.85154400765896 18.817430451512337 0
    endloop
  endfacet
  facet normal 0 0 -1
    outer loop
      vertex 130.03907620161772 -18.9381368085742 0
      vertex 129.85154400765896 18.817430451512337 0
      vertex 129.96293211728334 18.888119496405125 0
    endloop
  endfacet
  facet normal 0 0 -1
    outer loop
      vertex 130.03907620161772 -18.9381368085742 0
      vertex 129.96293211728334 18.888119496405125 0
      vertex 130.22272442281246 19.06467416137457 0
    endloop
  endfacet
  facet normal 0 0 -1
    outer loop
      vertex 130.14818896353245 -19.01228976249695 0
      vertex 130.03907620161772 -18.9381368085742 0
      vertex 130.22272442281246 19.06467416137457 0
    endloop
  endfacet
  facet normal 0 0 -1
    outer loop
      vertex 130.4023073911667 -19.1969176158309 0
      vertex 130.14818896353245 -19.01228976249695 0
      vertex 130.22272442281246 19.06467416137457 0
    endloop
  endfacet
  facet normal 0 0 -1
    outer loop
      vertex 130.4023073911667 -19.1969176158309 0
      vertex 130.22272442281246 19.06467416137457 0
      vertex 130.329454138875 19.142217844724655 0
    endloop
  endfacet
  facet normal 0 0 -1
    outer loop
      vertex 130.4023073911667 -19.1969176158309 0
      vertex 130.329454138875 19.142217844724655 0
      vertex 130.5776478201151 19.334736600518227 0
    endloop
  endfacet
  facet normal 0 0 -1
    outer loop
      vertex 130.50654870271683 -19.277775466442108 0
      vertex 130.4023073911667 -19.1969176158309 0
      vertex 130.5776478201151 19.334736600518227 0
    endloop
  endfacet
  facet normal 0 0 -1
    outer loop
      vertex 130.74857275933027 -19.477995179593563 0
      vertex 130.50654870271683 -19.277775466442108 0
      vertex 130.5776478201151 19.334736600518227 0
    endloop
  endfacet
  facet normal 0 0 -1
    outer loop
      vertex 130.74857275933027 -19.477995179593563 0
      vertex 130.5776478201151 19.334736600518227 0
      vertex 130.67929790169 19.41882885992527 0
    endloop
  endfacet
  facet normal 0 0 -1
    outer loop
      vertex 130.74857275933027 -19.477995179593563 0
      vertex 130.67929790169 19.41882885992527 0
      vertex 130.91491348296404 19.626551933586597 0
    endloop
  endfacet
  facet normal 0 0 -1
    outer loop
      vertex 130.84753128141165 -19.56523885577917 0
      vertex 130.74857275933027 -19.477995179593563 0
      vertex 130.91491348296404 19.626551933586597 0
    endloop
  endfacet
  facet normal 0 0 -1
    outer loop
      vertex 131.07650586217642 -19.780260294675827 0
      vertex 130.84753128141165 -19.56523885577917 0
      vertex 130.91491348296404 19.626551933586597 0
    endloop
  endfacet
  facet normal 0 0 -1
    outer loop
      vertex 131.07650586217642 -19.780260294675827 0
      vertex 130.91491348296404 19.626551933586597 0
      vertex 131.0110828205943 19.716860949993134 0
    endloop
  endfacet
  facet normal 0 0 -1
    outer loop
      vertex 131.07650586217642 -19.780260294675827 0
      vertex 131.0110828205943 19.716860949993134 0
      vertex 131.2331904321909 19.938968561589718 0
    endloop
  endfacet
  facet normal 0 0 -1
    outer loop
      vertex 131.16979106515646 -19.873545490205288 0
      vertex 131.07650586217642 -19.780260294675827 0
      vertex 131.2331904321909 19.938968561589718 0
    endloop
  endfacet
  facet normal 0 0 -1
    outer loop
      vertex 131.3848125115037 -20.10252007097006 0
      vertex 131.16979106515646 -19.873545490205288 0
      vertex 131.2331904321909 19.938968561589718 0
    endloop
  endfacet
  facet normal 0 0 -1
    outer loop
      vertex 131.3848125115037 -20.10252007097006 0
      vertex 131.2331904321909 19.938968561589718 0
      vertex 131.32349944859743 20.03513789921999 0
    endloop
  endfacet
  facet normal 0 0 -1
    outer loop
      vertex 131.3848125115037 -20.10252007097006 0
      vertex 131.32349944859743 20.03513789921999 0
      vertex 131.53122252225876 20.270753480494022 0
    endloop
  endfacet
  facet normal 0 0 -1
    outer loop
      vertex 131.47205621004105 -20.201478622853756 0
      vertex 131.3848125115037 -20.10252007097006 0
      vertex 131.53122252225876 20.270753480494022 0
    endloop
  endfacet
  facet normal 0 0 -1
    outer loop
      vertex 131.6722759231925 -20.4435026794672 0
      vertex 131.47205621004105 -20.201478622853756 0
      vertex 131.53122252225876 20.270753480494022 0
    endloop
  endfacet
  facet normal 0 0 -1
    outer loop
      vertex 131.6722759231925 -20.4435026794672 0
      vertex 131.53122252225876 20.270753480494022 0
      vertex 131.6153147816658 20.37240356206894 0
    endloop
  endfacet
  facet normal 0 0 -1
    outer loop
      vertex 131.6722759231925 -20.4435026794672 0
      vertex 131.6153147816658 20.37240356206894 0
      vertex 131.80783355236053 20.620597258210182 0
    endloop
  endfacet
  facet normal 0 0 -1
    outer loop
      vertex 131.75313380360603 -20.547744028270245 0
      vertex 131.6722759231925 -20.4435026794672 0
      vertex 131.80783355236053 20.620597258210182 0
    endloop
  endfacet
  facet normal 0 0 -1
    outer loop
      vertex 131.93776162713766 -20.801862433552742 0
      vertex 131.75313380360603 -20.547744028270245 0
      vertex 131.80783355236053 20.620597258210182 0
    endloop
  endfacet
  facet normal 0 0 -1
    outer loop
      vertex 131.93776162713766 -20.801862433552742 0
      vertex 131.80783355236053 20.620597258210182 0
      vertex 131.88537722826004 20.727326974272728 0
    endloop
  endfacet
  facet normal 0 0 -1
    outer loop
      vertex 131.93776162713766 -20.801862433552742 0
      vertex 131.88537722826004 20.727326974272728 0
      vertex 132.0619318857789 20.987119264900684 0
    endloop
  endfacet
  facet normal 0 0 -1
    outer loop
      vertex 132.01191457360983 -20.91097518801689 0
      vertex 131.93776162713766 -20.801862433552742 0
      vertex 132.0619318857789 20.987119264900684 0
    endloop
  endfacet
  facet normal 0 0 -1
    outer loop
      vertex 132.18022183328867 -21.176184996962547 0
      vertex 132.01191457360983 -20.91097518801689 0
      vertex 132.0619318857789 20.987119264900684 0
    endloop
  endfacet
  facet normal 0 0 -1
    outer loop
      vertex 132.18022183328867 -21.176184996962547 0
      vertex 132.0619318857789 20.987119264900684 0
      vertex 132.1326209306717 21.09850737452507 0
    endloop
  endfacet
  facet normal 0 0 -1
    outer loop
      vertex 132.18022183328867 -21.176184996962547 0
      vertex 132.1326209306717 21.09850737452507 0
      vertex 132.29251470416784 21.368872977793217 0
    endloop
  endfacet
  facet normal 0 0 -1
    outer loop
      vertex 132.2473771944642 -21.28973850607872 0
      vertex 132.18022183328867 -21.176184996962547 0
      vertex 132.29251470416784 21.368872977793217 0
    endloop
  endfacet
  facet normal 0 0 -1
    outer loop
      vertex 132.3986996859312 -21.56499308347702 0
      vertex 132.2473771944642 -21.28973850607872 0
      vertex 132.29251470416784 21.368872977793217 0
    endloop
  endfacet
  facet normal 0 0 -1
    outer loop
      vertex 132.3986996859312 -21.56499308347702 0
      vertex 132.29251470416784 21.368872977793217 0
      vertex 132.35607014596462 21.484479904174805 0
    endloop
  endfacet
  facet normal 0 0 -1
    outer loop
      vertex 132.3986996859312 -21.56499308347702 0
      vertex 132.35607014596462 21.484479904174805 0
      vertex 132.49867203086615 21.764351844787598 0
    endloop
  endfacet
  facet normal 0 0 -1
    outer loop
      vertex 132.45859248191118 -21.6825393140316 0
      vertex 132.3986996859312 -21.56499308347702 0
      vertex 132.49867203086615 21.764351844787598 0
    endloop
  endfacet
  facet normal 0 0 -1
    outer loop
      vertex 132.59233298897743 -21.966752357780933 0
      vertex 132.45859248191118 -21.6825393140316 0
      vertex 132.49867203086615 21.764351844787598 0
    endloop
  endfacet
  facet normal 0 0 -1
    outer loop
      vertex 132.59233298897743 -21.966752357780933 0
      vertex 132.49867203086615 21.764351844787598 0
      vertex 132.55484303832054 21.883721329271793 0
    endloop
  endfacet
  facet normal 0 0 -1
    outer loop
      vertex 132.59233298897743 -21.966752357780933 0
      vertex 132.55484303832054 21.883721329271793 0
      vertex 132.67959020286798 22.171995028853416 0
    endloop
  endfacet
  facet normal 0 0 -1
    outer loop
      vertex 132.64472680538893 -22.087827309966087 0
      vertex 132.59233298897743 -21.966752357780933 0
      vertex 132.67959020286798 22.171995028853416 0
    endloop
  endfacet
  facet normal 0 0 -1
    outer loop
      vertex 132.76035752147436 -22.37987717986107 0
      vertex 132.64472680538893 -22.087827309966087 0
      vertex 132.67959020286798 22.171995028853416 0
    endloop
  endfacet
  facet normal 0 0 -1
    outer loop
      vertex 132.76035752147436 -22.37987717986107 0
      vertex 132.67959020286798 22.171995028853416 0
      vertex 132.72815509140491 22.294655926525593 0
    endloop
  endfacet
  facet normal 0 0 -1
    outer loop
      vertex 132.76035752147436 -22.37987717986107 0
      vertex 132.72815509140491 22.294655926525593 0
      vertex 132.83455524593592 22.5901937186718 0
    endloop
  endfacet
  facet normal 0 0 -1
    outer loop
      vertex 132.80504558235407 -22.504003033041954 0
      vertex 132.76035752147436 -22.37987717986107 0
      vertex 132.83455524593592 22.5901937186718 0
    endloop
  endfacet
  facet normal 0 0 -1
    outer loop
      vertex 132.9021101668477 -22.8027371019125 0
      vertex 132.80504558235407 -22.504003033041954 0
      vertex 132.83455524593592 22.5901937186718 0
    endloop
  endfacet
  facet normal 0 0 -1
    outer loop
      vertex 132.9021101668477 -22.8027371019125 0
      vertex 132.83455524593592 22.5901937186718 0
      vertex 132.87532237172127 22.71566204726696 0
    endloop
  endfacet
  facet normal 0 0 -1
    outer loop
      vertex 132.9021101668477 -22.8027371019125 0
      vertex 132.87532237172127 22.71566204726696 0
      vertex 132.9629555940628 23.017297580838203 0
    endloop
  endfacet
  facet normal 0 0 -1
    outer loop
      vertex 132.93891612440348 -22.929424040019512 0
      vertex 132.9021101668477 -22.8027371019125 0
      vertex 132.9629555940628 23.017297580838203 0
    endloop
  endfacet
  facet normal 0 0 -1
    outer loop
      vertex 133.01703150570393 -23.233663365244865 0
      vertex 132.93891612440348 -22.929424040019512 0
      vertex 132.9629555940628 23.017297580838203 0
    endloop
  endfacet
  facet normal 0 0 -1
    outer loop
      vertex 133.01703150570393 -23.233663365244865 0
      vertex 132.9629555940628 23.017297580838203 0
      vertex 132.995764054358 23.14507807791233 0
    endloop
  endfacet
  facet normal 0 0 -1
    outer loop
      vertex 133.01703150570393 -23.233663365244865 0
      vertex 132.995764054358 23.14507807791233 0
      vertex 133.06428450345993 23.451620936393738 0
    endloop
  endfacet
  facet normal 0 0 -1
    outer loop
      vertex 133.04581008851528 -23.362411364912987 0
      vertex 133.01703150570393 -23.233663365244865 0
      vertex 133.06428450345993 23.451620936393738 0
    endloop
  endfacet
  facet normal 0 0 -1
    outer loop
      vertex 133.19360633939505 -24.324379570782185 0
      vertex 133.17896009236574 -24.273966878652573 0
      vertex 133.1770890057087 -24.244226649403572 0
    endloop
  endfacet
  facet normal 0 0 -1
    outer loop
      vertex 132.00793116539717 -31.149344094097614 0
      vertex 132.00793116539717 -30.97879882156849 0
      vertex 133.03243205696344 -26.395445346832275 0
    endloop
  endfacet
  facet normal 0 0 -1
    outer loop
      vertex 132.01936639100313 -31.331101939082146 0
      vertex 132.00793116539717 -31.149344094097614 0
      vertex 133.03243205696344 -26.395445346832275 0
    endloop
  endfacet
  facet normal 0 0 -1
    outer loop
      vertex 132.0421917513013 -31.511783227324486 0
      vertex 132.01936639100313 -31.331101939082146 0
      vertex 133.03243205696344 -26.395445346832275 0
    endloop
  endfacet
  facet normal 0 0 -1
    outer loop
      vertex 132.076317101717 -31.690674610435963 0
      vertex 132.0421917513013 -31.511783227324486 0
      vertex 133.03243205696344 -26.395445346832275 0
    endloop
  endfacet
  facet normal 0 0 -1
    outer loop
      vertex 132.1216078400612 -31.867070369422436 0
      vertex 132.076317101717 -31.690674610435963 0
      vertex 133.03243205696344 -26.395445346832275 0
    endloop
  endfacet
  facet normal 0 0 -1
    outer loop
      vertex 132.17788518965244 -32.0402742549777 0
      vertex 132.1216078400612 -31.867070369422436 0
      vertex 133.03243205696344 -26.395445346832275 0
    endloop
  endfacet
  facet normal 0 0 -1
    outer loop
      vertex 132.24492701143026 -32.20960255712271 0
      vertex 132.17788518965244 -32.0402742549777 0
      vertex 133.03243205696344 -26.395445346832275 0
    endloop
  endfacet
  facet normal 0 0 -1
    outer loop
      vertex 132.3224687576294 -32.374387152493 0
      vertex 132.24492701143026 -32.20960255712271 0
      vertex 133.03243205696344 -26.395445346832275 0
    endloop
  endfacet
  facet normal 0 0 -1
    outer loop
      vertex 132.41020445525646 -32.533977791666985 0
      vertex 132.3224687576294 -32.374387152493 0
      vertex 133.03243205696344 -26.395445346832275 0
    endloop
  endfacet
  facet normal 0 0 -1
    outer loop
      vertex 132.50778774172068 -32.687744446098804 0
      vertex 132.41020445525646 -32.533977791666985 0
      vertex 133.03243205696344 -26.395445346832275 0
    endloop
  endfacet
  facet normal 0 0 -1
    outer loop
      vertex 132.6148336082697 -32.835080452263355 0
      vertex 132.50778774172068 -32.687744446098804 0
      vertex 133.03243205696344 -26.395445346832275 0
    endloop
  endfacet
  facet normal 0 0 -1
    outer loop
      vertex 132.73091950267553 -32.97540418803692 0
      vertex 132.6148336082697 -32.835080452263355 0
      vertex 133.03243205696344 -26.395445346832275 0
    endloop
  endfacet
  facet normal 0 0 -1
    outer loop
      vertex 132.8555874079466 -33.10816203057766 0
      vertex 132.73091950267553 -32.97540418803692 0
      vertex 133.03243205696344 -26.395445346832275 0
    endloop
  endfacet
  facet normal 0 0 -1
    outer loop
      vertex 132.9883451089263 -33.23282980173826 0
      vertex 132.8555874079466 -33.10816203057766 0
      vertex 133.03243205696344 -26.395445346832275 0
    endloop
  endfacet
  facet normal 0 0 -1
    outer loop
      vertex 133.12866903096437 -33.348915845155716 0
      vertex 132.9883451089263 -33.23282980173826 0
      vertex 133.03243205696344 -26.395445346832275 0
    endloop
  endfacet
  facet normal 0 0 -1
    outer loop
      vertex 133.276004858315 -33.45596159994602 0
      vertex 133.12866903096437 -33.348915845155716 0
      vertex 133.03243205696344 -26.395445346832275 0
    endloop
  endfacet
  facet normal 0 0 -1
    outer loop
      vertex 133.42977157980204 -33.55354492366314 0
      vertex 133.276004858315 -33.45596159994602 0
      vertex 133.03243205696344 -26.395445346832275 0
    endloop
  endfacet
  facet normal 0 0 -1
    outer loop
      vertex 133.58936213701963 -33.64128056913614 0
      vertex 133.42977157980204 -33.55354492366314 0
      vertex 133.03243205696344 -26.395445346832275 0
    endloop
  endfacet
  facet normal 0 0 -1
    outer loop
      vertex 133.75414687395096 -33.7188223823905 0
      vertex 133.58936213701963 -33.64128056913614 0
      vertex 133.03243205696344 -26.395445346832275 0
    endloop
  endfacet
  facet normal 0 0 -1
    outer loop
      vertex 133.92347509413958 -33.78586416691542 0
      vertex 133.75414687395096 -33.7188223823905 0
      vertex 133.03243205696344 -26.395445346832275 0
    endloop
  endfacet
  facet normal 0 0 -1
    outer loop
      vertex 134.09667898714542 -33.84214152395725 0
      vertex 133.92347509413958 -33.78586416691542 0
      vertex 133.03243205696344 -26.395445346832275 0
    endloop
  endfacet
  facet normal 0 0 -1
    outer loop
      vertex 134.27307473123074 -33.887432254850864 0
      vertex 134.09667898714542 -33.84214152395725 0
      vertex 133.03243205696344 -26.395445346832275 0
    endloop
  endfacet
  facet normal 0 0 -1
    outer loop
      vertex 134.45196624100208 -33.92155763506889 0
      vertex 134.27307473123074 -33.887432254850864 0
      vertex 133.03243205696344 -26.395445346832275 0
    endloop
  endfacet
  facet normal 0 0 -1
    outer loop
      vertex 134.6326474174857 -33.94438297301531 0
      vertex 134.45196624100208 -33.92155763506889 0
      vertex 133.03243205696344 -26.395445346832275 0
    endloop
  endfacet
  facet normal 0 0 -1
    outer loop
      vertex 134.83087860792875 -33.95685462653637 0
      vertex 134.6326474174857 -33.94438297301531 0
      vertex 133.03243205696344 -26.395445346832275 0
    endloop
  endfacet
  facet normal 0 0 -1
    outer loop
      vertex 134.9219577163458 -33.95828541368246 0
      vertex 134.83087860792875 -33.95685462653637 0
      vertex 133.03243205696344 -26.395445346832275 0
    endloop
  endfacet
  facet normal 0 0 -1
    outer loop
      vertex 145.11419402062893 -33.95828541368246 0
      vertex 134.9219577163458 -33.95828541368246 0
      vertex 133.03243205696344 -26.395445346832275 0
    endloop
  endfacet
  facet normal 0 0 -1
    outer loop
      vertex 145.11419402062893 -33.95828541368246 0
      vertex 133.03243205696344 -26.395445346832275 0
      vertex 133.0458100810647 -26.330845318734646 0
    endloop
  endfacet
  facet normal 0 0 -1
    outer loop
      vertex 145.11419402062893 -33.95828541368246 0
      vertex 133.0458100810647 -26.330845318734646 0
      vertex 133.1046679764986 -26.02230144292116 0
    endloop
  endfacet
  facet normal 0 0 -1
    outer loop
      vertex 145.11419402062893 -33.95828541368246 0
      vertex 133.1046679764986 -26.02230144292116 0
      vertex 133.1253056228161 -25.89200046658516 0
    endloop
  endfacet
  facet normal 0 0 -1
    outer loop
      vertex 145.11419402062893 -33.95828541368246 0
      vertex 133.1253056228161 -25.89200046658516 0
      vertex 133.16467376053333 -25.58036957681179 0
    endloop
  endfacet
  facet normal 0 0 -1
    outer loop
      vertex 145.11419402062893 -33.95828541368246 0
      vertex 133.16467376053333 -25.58036957681179 0
      vertex 133.16930159181356 -25.531412176787853 0
    endloop
  endfacet
  facet normal 0 0 -1
    outer loop
      vertex 145.11419402062893 -33.95828541368246 0
      vertex 133.16930159181356 -25.531412176787853 0
      vertex 133.1823484674096 -25.473043836653233 0
    endloop
  endfacet
  facet normal 0 0 -1
    outer loop
      vertex 145.11419402062893 -33.95828541368246 0
      vertex 133.1823484674096 -25.473043836653233 0
      vertex 133.20706879347563 -25.343455366790295 0
    endloop
  endfacet
  facet normal 0 0 -1
    outer loop
      vertex 145.11419402062893 -33.95828541368246 0
      vertex 133.20706879347563 -25.343455366790295 0
      vertex 133.23372721672058 -25.17514070868492 0
    endloop
  endfacet
  facet normal 0 0 -1
    outer loop
      vertex 145.11419402062893 -33.95828541368246 0
      vertex 133.23372721672058 -25.17514070868492 0
      vertex 133.24302256852388 -25.109828121960163 0
    endloop
  endfacet
  facet normal 0 0 -1
    outer loop
      vertex 145.11419402062893 -33.95828541368246 0
      vertex 133.24302256852388 -25.109828121960163 0
      vertex 133.2554378286004 -24.97848842293024 0
    endloop
  endfacet
  facet normal 0 0 -1
    outer loop
      vertex 145.11419402062893 -33.95828541368246 0
      vertex 133.2554378286004 -24.97848842293024 0
      vertex 133.25958169996738 -24.846628330647945 0
    endloop
  endfacet
  facet normal 0 0 -1
    outer loop
      vertex 145.11419402062893 -33.95828541368246 0
      vertex 133.25958169996738 -24.846628330647945 0
      vertex 133.2554378286004 -24.71476823836565 0
    endloop
  endfacet
  facet normal 0 0 -1
    outer loop
      vertex 145.11419402062893 -33.95828541368246 0
      vertex 133.2554378286004 -24.71476823836565 0
      vertex 133.24302256852388 -24.583428539335728 0
    endloop
  endfacet
  facet normal 0 0 -1
    outer loop
      vertex 145.11419402062893 -33.95828541368246 0
      vertex 133.24302256852388 -24.583428539335728 0
      vertex 133.2223849222064 -24.453127570450306 0
    endloop
  endfacet
  facet normal 0 0 -1
    outer loop
      vertex 145.32921066135168 -33.95152824372053 0
      vertex 145.11419402062893 -33.95828541368246 0
      vertex 133.2223849222064 -24.453127570450306 0
    endloop
  endfacet
  facet normal 0 0 -1
    outer loop
      vertex 145.51051982492208 -33.93438947945833 0
      vertex 145.32921066135168 -33.95152824372053 0
      vertex 133.2223849222064 -24.453127570450306 0
    endloop
  endfacet
  facet normal 0 0 -1
    outer loop
      vertex 145.6903948262334 -33.905900076031685 0
      vertex 145.51051982492208 -33.93438947945833 0
      vertex 133.2223849222064 -24.453127570450306 0
    endloop
  endfacet
  facet normal 0 0 -1
    outer loop
      vertex 145.86812625080347 -33.86617239564657 0
      vertex 145.6903948262334 -33.905900076031685 0
      vertex 133.2223849222064 -24.453127570450306 0
    endloop
  endfacet
  facet normal 0 0 -1
    outer loop
      vertex 146.04301215708256 -33.815363340079784 0
      vertex 145.86812625080347 -33.86617239564657 0
      vertex 133.2223849222064 -24.453127570450306 0
    endloop
  endfacet
  facet normal 0 0 -1
    outer loop
      vertex 146.21436294913292 -33.753673262894154 0
      vertex 146.04301215708256 -33.815363340079784 0
      vertex 133.2223849222064 -24.453127570450306 0
    endloop
  endfacet
  facet normal 0 0 -1
    outer loop
      vertex 146.38150188326836 -33.68134579062462 0
      vertex 146.21436294913292 -33.753673262894154 0
      vertex 133.2223849222064 -24.453127570450306 0
    endloop
  endfacet
  facet normal 0 0 -1
    outer loop
      vertex 146.5437694787979 -33.598666317760944 0
      vertex 146.38150188326836 -33.68134579062462 0
      vertex 133.2223849222064 -24.453127570450306 0
    endloop
  endfacet
  facet normal 0 0 -1
    outer loop
      vertex 146.70052552968264 -33.505961045622826 0
      vertex 146.5437694787979 -33.598666317760944 0
      vertex 133.2223849222064 -24.453127570450306 0
    endloop
  endfacet
  facet normal 0 0 -1
    outer loop
      vertex 146.8511512055993 -33.40359594672918 0
      vertex 146.70052552968264 -33.505961045622826 0
      vertex 133.2223849222064 -24.453127570450306 0
    endloop
  endfacet
  facet normal 0 0 -1
    outer loop
      vertex 146.99505205452442 -33.29197500646114 0
      vertex 146.8511512055993 -33.40359594672918 0
      vertex 133.2223849222064 -24.453127570450306 0
    endloop
  endfacet
  facet normal 0 0 -1
    outer loop
      vertex 147.13166023045778 -33.171538695693016 0
      vertex 146.99505205452442 -33.29197500646114 0
      vertex 133.2223849222064 -24.453127570450306 0
    endloop
  endfacet
  facet normal 0 0 -1
    outer loop
      vertex 147.26043661683798 -33.04276230931282 0
      vertex 147.13166023045778 -33.171538695693016 0
      vertex 133.2223849222064 -24.453127570450306 0
    endloop
  endfacet
  facet normal 0 0 -1
    outer loop
      vertex 147.3808729276061 -32.90615413337946 0
      vertex 147.26043661683798 -33.04276230931282 0
      vertex 133.2223849222064 -24.453127570450306 0
    endloop
  endfacet
  facet normal 0 0 -1
    outer loop
      vertex 147.49249386787415 -32.762253284454346 0
      vertex 147.3808729276061 -32.90615413337946 0
      vertex 133.2223849222064 -24.453127570450306 0
    endloop
  endfacet
  facet normal 0 0 -1
    outer loop
      vertex 147.5948589667678 -32.611627608537674 0
      vertex 147.49249386787415 -32.762253284454346 0
      vertex 133.2223849222064 -24.453127570450306 0
    endloop
  endfacet
  facet normal 0 0 -1
    outer loop
      vertex 147.6875642389059 -32.45487155765295 0
      vertex 147.5948589667678 -32.611627608537674 0
      vertex 133.2223849222064 -24.453127570450306 0
    endloop
  endfacet
  facet normal 0 0 -1
    outer loop
      vertex 147.77024371176958 -32.292603962123394 0
      vertex 147.6875642389059 -32.45487155765295 0
      vertex 133.2223849222064 -24.453127570450306 0
    endloop
  endfacet
  facet normal 0 0 -1
    outer loop
      vertex 147.84257118403912 -32.12546502798796 0
      vertex 147.77024371176958 -32.292603962123394 0
      vertex 133.2223849222064 -24.453127570450306 0
    endloop
  endfacet
  facet normal 0 0 -1
    outer loop
      vertex 147.90426126122475 -31.954114235937595 0
      vertex 147.84257118403912 -32.12546502798796 0
      vertex 133.2223849222064 -24.453127570450306 0
    endloop
  endfacet
  facet normal 0 0 -1
    outer loop
      vertex 147.9596753269434 -31.763377778232098 0
      vertex 147.90426126122475 -31.954114235937595 0
      vertex 133.2223849222064 -24.453127570450306 0
    endloop
  endfacet
  facet normal 0 0 -1
    outer loop
      vertex 147.9809399843216 -31.674804128706455 0
      vertex 147.9596753269434 -31.763377778232098 0
      vertex 133.2223849222064 -24.453127570450306 0
    endloop
  endfacet
  facet normal 0 0 -1
    outer loop
      vertex 148.6926189288497 -28.490935541689396 0
      vertex 147.9809399843216 -31.674804128706455 0
      vertex 133.2223849222064 -24.453127570450306 0
    endloop
  endfacet
  facet normal 0 0 -1
    outer loop
      vertex 148.73911356925964 -28.247202076017857 0
      vertex 148.6926189288497 -28.490935541689396 0
      vertex 133.2223849222064 -24.453127570450306 0
    endloop
  endfacet
  facet normal 0 0 -1
    outer loop
      vertex 150.18816865235567 -19.098228305578232 0
      vertex 148.73911356925964 -28.247202076017857 0
      vertex 133.2223849222064 -24.453127570450306 0
    endloop
  endfacet
  facet normal 0 0 -1
    outer loop
      vertex 150.18816865235567 -19.098228305578232 0
      vertex 133.2223849222064 -24.453127570450306 0
      vertex 133.19360633939505 -24.324379570782185 0
    endloop
  endfacet
  facet normal 0 0 -1
    outer loop
      vertex 150.18816865235567 -19.098228305578232 0
      vertex 133.19360633939505 -24.324379570782185 0
      vertex 133.1770890057087 -24.244226649403572 0
    endloop
  endfacet
  facet normal 0 0 -1
    outer loop
      vertex 150.18816865235567 -19.098228305578232 0
      vertex 133.1770890057087 -24.244226649403572 0
      vertex 133.16467374563217 -24.11288695037365 0
    endloop
  endfacet
  facet normal 0 0 -1
    outer loop
      vertex 150.18816865235567 -19.098228305578232 0
      vertex 133.16467374563217 -24.11288695037365 0
      vertex 133.1253056228161 -23.80125619471073 0
    endloop
  endfacet
  facet normal 0 0 -1
    outer loop
      vertex 150.18816865235567 -19.098228305578232 0
      vertex 133.1253056228161 -23.80125619471073 0
      vertex 133.10466798394918 -23.670955285429955 0
    endloop
  endfacet
  facet normal 0 0 -1
    outer loop
      vertex 150.18816865235567 -19.098228305578232 0
      vertex 133.10466798394918 -23.670955285429955 0
      vertex 133.04581008851528 -23.362411364912987 0
    endloop
  endfacet
  facet normal 0 0 -1
    outer loop
      vertex 150.21926743537188 -18.85205613076687 0
      vertex 150.18816865235567 -19.098228305578232 0
      vertex 133.04581008851528 -23.362411364912987 0
    endloop
  endfacet
  facet normal 0 0 -1
    outer loop
      vertex 151.09099428355694 -9.630149371922016 0
      vertex 150.21926743537188 -18.85205613076687 0
      vertex 133.04581008851528 -23.362411364912987 0
    endloop
  endfacet
  facet normal 0 0 -1
    outer loop
      vertex 151.10657441616058 -9.382510170340538 0
      vertex 151.09099428355694 -9.630149371922016 0
      vertex 133.04581008851528 -23.362411364912987 0
    endloop
  endfacet
  facet normal 0 0 -1
    outer loop
      vertex 151.39753279834986 -0.12406446784734726 0
      vertex 151.10657441616058 -9.382510170340538 0
      vertex 133.04581008851528 -23.362411364912987 0
    endloop
  endfacet
  facet normal 0 0 -1
    outer loop
      vertex 151.39753279834986 -0.12406446784734726 0
      vertex 133.04581008851528 -23.362411364912987 0
      vertex 133.06428450345993 23.451620936393738 0
    endloop
  endfacet
  facet normal 0 0 -1
    outer loop
      vertex 151.39753279834986 0.12406446784734726 0
      vertex 151.39753279834986 -0.12406446784734726 0
      vertex 133.06428450345993 23.451620936393738 0
    endloop
  endfacet
  facet normal 0 0 -1
    outer loop
      vertex 151.10657441616058 9.382510170340538 0
      vertex 151.39753279834986 0.12406446784734726 0
      vertex 133.06428450345993 23.451620936393738 0
    endloop
  endfacet
  facet normal 0 0 -1
    outer loop
      vertex 151.09099428355694 9.630149371922016 0
      vertex 151.10657441616058 9.382510170340538 0
      vertex 133.06428450345993 23.451620936393738 0
    endloop
  endfacet
  facet normal 0 0 -1
    outer loop
      vertex 150.21926743537188 18.85205613076687 0
      vertex 151.09099428355694 9.630149371922016 0
      vertex 133.06428450345993 23.451620936393738 0
    endloop
  endfacet
  facet normal 0 0 -1
    outer loop
      vertex 150.18816865235567 19.098228305578232 0
      vertex 150.21926743537188 18.85205613076687 0
      vertex 133.06428450345993 23.451620936393738 0
    endloop
  endfacet
  facet normal 0 0 -1
    outer loop
      vertex 150.18816865235567 19.098228305578232 0
      vertex 133.06428450345993 23.451620936393738 0
      vertex 133.0890048146248 23.58120935410261 0
    endloop
  endfacet
  facet normal 0 0 -1
    outer loop
      vertex 150.18816865235567 19.098228305578232 0
      vertex 133.0890048146248 23.58120935410261 0
      vertex 133.1381420791149 23.89144980162382 0
    endloop
  endfacet
  facet normal 0 0 -1
    outer loop
      vertex 148.73911356925964 28.247202076017857 0
      vertex 150.18816865235567 19.098228305578232 0
      vertex 133.1381420791149 23.89144980162382 0
    endloop
  endfacet
  facet normal 0 0 -1
    outer loop
      vertex 148.73911356925964 28.247202076017857 0
      vertex 133.1381420791149 23.89144980162382 0
      vertex 133.15467669069767 24.022334717214108 0
    endloop
  endfacet
  facet normal 0 0 -1
    outer loop
      vertex 148.73911356925964 28.247202076017857 0
      vertex 133.15467669069767 24.022334717214108 0
      vertex 133.17780461907387 24.267002671957016 0
    endloop
  endfacet
  facet normal 0 0 -1
    outer loop
      vertex 148.73911356925964 28.247202076017857 0
      vertex 133.17780461907387 24.267002671957016 0
      vertex 133.20900689810514 24.388527527451515 0
    endloop
  endfacet
  facet normal 0 0 -1
    outer loop
      vertex 148.73911356925964 28.247202076017857 0
      vertex 133.20900689810514 24.388527527451515 0
      vertex 133.23372721672058 24.51811596006155 0
    endloop
  endfacet
  facet normal 0 0 -1
    outer loop
      vertex 148.73911356925964 28.247202076017857 0
      vertex 133.23372721672058 24.51811596006155 0
      vertex 133.25026182085276 24.649000875651836 0
    endloop
  endfacet
  facet normal 0 0 -1
    outer loop
      vertex 148.73911356925964 28.247202076017857 0
      vertex 133.25026182085276 24.649000875651836 0
      vertex 133.25854547321796 24.78066574037075 0
    endloop
  endfacet
  facet normal 0 0 -1
    outer loop
      vertex 148.73911356925964 28.247202076017857 0
      vertex 133.25854547321796 24.78066574037075 0
      vertex 133.25854547321796 24.91259092837572 0
    endloop
  endfacet
  facet normal 0 0 -1
    outer loop
      vertex 148.73911356925964 28.247202076017857 0
      vertex 133.25854547321796 24.91259092837572 0
      vertex 133.25026182085276 25.044255793094635 0
    endloop
  endfacet
  facet normal 0 0 -1
    outer loop
      vertex 148.73911356925964 28.247202076017857 0
      vertex 133.25026182085276 25.044255793094635 0
      vertex 133.23372721672058 25.17514070868492 0
    endloop
  endfacet
  facet normal 0 0 -1
    outer loop
      vertex 148.73911356925964 28.247202076017857 0
      vertex 133.23372721672058 25.17514070868492 0
      vertex 133.20706879347563 25.343455366790295 0
    endloop
  endfacet
  facet normal 0 0 -1
    outer loop
      vertex 148.6926189288497 28.490935541689396 0
      vertex 148.73911356925964 28.247202076017857 0
      vertex 133.20706879347563 25.343455366790295 0
    endloop
  endfacet
  facet normal 0 0 -1
    outer loop
      vertex 148.6926189288497 28.490935541689396 0
      vertex 133.20706879347563 25.343455366790295 0
      vertex 133.18234845995903 25.473043866455555 0
    endloop
  endfacet
  facet normal 0 0 -1
    outer loop
      vertex 148.6926189288497 28.490935541689396 0
      vertex 133.18234845995903 25.473043866455555 0
      vertex 133.16681096702814 25.54255460202694 0
    endloop
  endfacet
  facet normal 0 0 -1
    outer loop
      vertex 148.6926189288497 28.490935541689396 0
      vertex 133.16681096702814 25.54255460202694 0
      vertex 133.1546766832471 25.670921973884106 0
    endloop
  endfacet
  facet normal 0 0 -1
    outer loop
      vertex 148.6926189288497 28.490935541689396 0
      vertex 133.1546766832471 25.670921973884106 0
      vertex 133.13814207166433 25.801806896924973 0
    endloop
  endfacet
  facet normal 0 0 -1
    outer loop
      vertex 148.6926189288497 28.490935541689396 0
      vertex 133.13814207166433 25.801806896924973 0
      vertex 133.0890048146248 26.11204730719328 0
    endloop
  endfacet
  facet normal 0 0 -1
    outer loop
      vertex 148.6926189288497 28.490935541689396 0
      vertex 133.0890048146248 26.11204730719328 0
      vertex 133.0712272003293 26.20938827097416 0
    endloop
  endfacet
  facet normal 0 0 -1
    outer loop
      vertex 148.6926189288497 28.490935541689396 0
      vertex 133.0712272003293 26.20938827097416 0
      vertex 133.03937475383282 26.363197900354862 0
    endloop
  endfacet
  facet normal 0 0 -1
    outer loop
      vertex 148.6926189288497 28.490935541689396 0
      vertex 133.03937475383282 26.363197900354862 0
      vertex 133.03243205696344 26.395445346832275 0
    endloop
  endfacet
  facet normal 0 0 -1
    outer loop
      vertex 147.98453836888075 31.6587058827281 0
      vertex 148.6926189288497 28.490935541689396 0
      vertex 133.03243205696344 26.395445346832275 0
    endloop
  endfacet
  facet normal 0 0 -1
    outer loop
      vertex 147.9310394525528 31.867070376873016 0
      vertex 147.98453836888075 31.6587058827281 0
      vertex 133.03243205696344 26.395445346832275 0
    endloop
  endfacet
  facet normal 0 0 -1
    outer loop
      vertex 147.8747621178627 32.04027420282364 0
      vertex 147.9310394525528 31.867070376873016 0
      vertex 133.03243205696344 26.395445346832275 0
    endloop
  endfacet
  facet normal 0 0 -1
    outer loop
      vertex 147.80772031843662 32.20960247516632 0
      vertex 147.8747621178627 32.04027420282364 0
      vertex 133.03243205696344 26.395445346832275 0
    endloop
  endfacet
  facet normal 0 0 -1
    outer loop
      vertex 147.73017850518227 32.374387212097645 0
      vertex 147.80772031843662 32.20960247516632 0
      vertex 133.03243205696344 26.395445346832275 0
    endloop
  endfacet
  facet normal 0 0 -1
    outer loop
      vertex 147.6424428075552 32.53397785127163 0
      vertex 147.73017850518227 32.374387212097645 0
      vertex 133.03243205696344 26.395445346832275 0
    endloop
  endfacet
  facet normal 0 0 -1
    outer loop
      vertex 147.5448595955968 32.68774439394474 0
      vertex 147.6424428075552 32.53397785127163 0
      vertex 133.03243205696344 26.395445346832275 0
    endloop
  endfacet
  facet normal 0 0 -1
    outer loop
      vertex 147.4378136843443 32.835080452263355 0
      vertex 147.5448595955968 32.68774439394474 0
      vertex 133.03243205696344 26.395445346832275 0
    endloop
  endfacet
  facet normal 0 0 -1
    outer loop
      vertex 147.32172773778439 32.975404255092144 0
      vertex 147.4378136843443 32.835080452263355 0
      vertex 133.03243205696344 26.395445346832275 0
    endloop
  endfacet
  facet normal 0 0 -1
    outer loop
      vertex 147.1970599219203 33.10816199332476 0
      vertex 147.32172773778439 32.975404255092144 0
      vertex 133.03243205696344 26.395445346832275 0
    endloop
  endfacet
  facet normal 0 0 -1
    outer loop
      vertex 147.0643021836877 33.23282980918884 0
      vertex 147.1970599219203 33.10816199332476 0
      vertex 133.03243205696344 26.395445346832275 0
    endloop
  endfacet
  facet normal 0 0 -1
    outer loop
      vertex 146.9239783808589 33.34891575574875 0
      vertex 147.0643021836877 33.23282980918884 0
      vertex 133.03243205696344 26.395445346832275 0
    endloop
  endfacet
  facet normal 0 0 -1
    outer loop
      vertex 146.77664232254028 33.45596166700125 0
      vertex 146.9239783808589 33.34891575574875 0
      vertex 133.03243205696344 26.395445346832275 0
    endloop
  endfacet
  facet normal 0 0 -1
    outer loop
      vertex 146.62287577986717 33.553544878959656 0
      vertex 146.77664232254028 33.45596166700125 0
      vertex 133.03243205696344 26.395445346832275 0
    endloop
  endfacet
  facet normal 0 0 -1
    outer loop
      vertex 146.4632851406932 33.64128057658672 0
      vertex 146.62287577986717 33.553544878959656 0
      vertex 133.03243205696344 26.395445346832275 0
    endloop
  endfacet
  facet normal 0 0 -1
    outer loop
      vertex 146.29850040376186 33.71882238984108 0
      vertex 146.4632851406932 33.64128057658672 0
      vertex 133.03243205696344 26.395445346832275 0
    endloop
  endfacet
  facet normal 0 0 -1
    outer loop
      vertex 146.12917213141918 33.78586418926716 0
      vertex 146.29850040376186 33.71882238984108 0
      vertex 133.03243205696344 26.395445346832275 0
    endloop
  endfacet
  facet normal 0 0 -1
    outer loop
      vertex 145.95596830546856 33.84214152395725 0
      vertex 146.12917213141918 33.78586418926716 0
      vertex 133.03243205696344 26.395445346832275 0
    endloop
  endfacet
  facet normal 0 0 -1
    outer loop
      vertex 145.77957259863615 33.887432247400284 0
      vertex 145.95596830546856 33.84214152395725 0
      vertex 133.03243205696344 26.395445346832275 0
    endloop
  endfacet
  facet normal 0 0 -1
    outer loop
      vertex 145.6006810888648 33.92155762761831 0
      vertex 145.77957259863615 33.887432247400284 0
      vertex 133.03243205696344 26.395445346832275 0
    endloop
  endfacet
  facet normal 0 0 -1
    outer loop
      vertex 145.4199998676777 33.94438298046589 0
      vertex 145.6006810888648 33.92155762761831 0
      vertex 133.03243205696344 26.395445346832275 0
    endloop
  endfacet
  facet normal 0 0 -1
    outer loop
      vertex 145.22176868468523 33.95685462653637 0
      vertex 145.4199998676777 33.94438298046589 0
      vertex 133.03243205696344 26.395445346832275 0
    endloop
  endfacet
  facet normal 0 0 -1
    outer loop
      vertex 145.13068958371878 33.95828541368246 0
      vertex 145.22176868468523 33.95685462653637 0
      vertex 133.03243205696344 26.395445346832275 0
    endloop
  endfacet
  facet normal 0 0 -1
    outer loop
      vertex 145.13068958371878 33.95828541368246 0
      vertex 133.03243205696344 26.395445346832275 0
      vertex 132.00917329639196 30.973241858184338 0
    endloop
  endfacet
  facet normal 0 0 -1
    outer loop
      vertex 145.13068958371878 33.95828541368246 0
      vertex 132.00917329639196 30.973241858184338 0
      vertex 132.00650069117546 31.058285415172577 0
    endloop
  endfacet
  facet normal 0 0 -1
    outer loop
      vertex 145.13068958371878 33.95828541368246 0
      vertex 132.00650069117546 31.058285415172577 0
      vertex 132.0122211277485 31.24031274020672 0
    endloop
  endfacet
  facet normal 0 0 -1
    outer loop
      vertex 145.13068958371878 33.95828541368246 0
      vertex 132.0122211277485 31.24031274020672 0
      vertex 132.0293598920107 31.421621903777122 0
    endloop
  endfacet
  facet normal 0 0 -1
    outer loop
      vertex 145.13068958371878 33.95828541368246 0
      vertex 132.0293598920107 31.421621903777122 0
      vertex 132.05784929543734 31.601496905088425 0
    endloop
  endfacet
  facet normal 0 0 -1
    outer loop
      vertex 145.13068958371878 33.95828541368246 0
      vertex 132.05784929543734 31.601496905088425 0
      vertex 132.09757697582245 31.77922832965851 0
    endloop
  endfacet
  facet normal 0 0 -1
    outer loop
      vertex 145.13068958371878 33.95828541368246 0
      vertex 132.09757697582245 31.77922832965851 0
      vertex 132.14838603138924 31.954114235937595 0
    endloop
  endfacet
  facet normal 0 0 -1
    outer loop
      vertex 145.13068958371878 33.95828541368246 0
      vertex 132.14838603138924 31.954114235937595 0
      vertex 132.21007610857487 32.12546502798796 0
    endloop
  endfacet
  facet normal 0 0 -1
    outer loop
      vertex 145.13068958371878 33.95828541368246 0
      vertex 132.21007610857487 32.12546502798796 0
      vertex 132.2824035808444 32.292603962123394 0
    endloop
  endfacet
  facet normal 0 0 -1
    outer loop
      vertex 145.13068958371878 33.95828541368246 0
      vertex 132.2824035808444 32.292603962123394 0
      vertex 132.36508305370808 32.45487155765295 0
    endloop
  endfacet
  facet normal 0 0 -1
    outer loop
      vertex 145.13068958371878 33.95828541368246 0
      vertex 132.36508305370808 32.45487155765295 0
      vertex 132.4577883258462 32.611627608537674 0
    endloop
  endfacet
  facet normal 0 0 -1
    outer loop
      vertex 145.13068958371878 33.95828541368246 0
      vertex 132.4577883258462 32.611627608537674 0
      vertex 132.56015342473984 32.762253284454346 0
    endloop
  endfacet
  facet normal 0 0 -1
    outer loop
      vertex 145.13068958371878 33.95828541368246 0
      vertex 132.56015342473984 32.762253284454346 0
      vertex 132.67177436500788 32.90615413337946 0
    endloop
  endfacet
  facet normal 0 0 -1
    outer loop
      vertex 145.13068958371878 33.95828541368246 0
      vertex 132.67177436500788 32.90615413337946 0
      vertex 132.792210675776 33.04276230931282 0
    endloop
  endfacet
  facet normal 0 0 -1
    outer loop
      vertex 145.13068958371878 33.95828541368246 0
      vertex 132.792210675776 33.04276230931282 0
      vertex 132.9209870621562 33.171538695693016 0
    endloop
  endfacet
  facet normal 0 0 -1
    outer loop
      vertex 145.13068958371878 33.95828541368246 0
      vertex 132.9209870621562 33.171538695693016 0
      vertex 133.05759523808956 33.29197500646114 0
    endloop
  endfacet
  facet normal 0 0 -1
    outer loop
      vertex 145.13068958371878 33.95828541368246 0
      vertex 133.05759523808956 33.29197500646114 0
      vertex 133.20149608701468 33.40359594672918 0
    endloop
  endfacet
  facet normal 0 0 -1
    outer loop
      vertex 145.13068958371878 33.95828541368246 0
      vertex 133.20149608701468 33.40359594672918 0
      vertex 133.35212176293135 33.505961045622826 0
    endloop
  endfacet
  facet normal 0 0 -1
    outer loop
      vertex 145.13068958371878 33.95828541368246 0
      vertex 133.35212176293135 33.505961045622826 0
      vertex 133.50887781381607 33.598666317760944 0
    endloop
  endfacet
  facet normal 0 0 -1
    outer loop
      vertex 145.13068958371878 33.95828541368246 0
      vertex 133.50887781381607 33.598666317760944 0
      vertex 133.67114540934563 33.68134579062462 0
    endloop
  endfacet
  facet normal 0 0 -1
    outer loop
      vertex 145.13068958371878 33.95828541368246 0
      vertex 133.67114540934563 33.68134579062462 0
      vertex 133.83828434348106 33.753673262894154 0
    endloop
  endfacet
  facet normal 0 0 -1
    outer loop
      vertex 145.13068958371878 33.95828541368246 0
      vertex 133.83828434348106 33.753673262894154 0
      vertex 134.00963513553143 33.815363340079784 0
    endloop
  endfacet
  facet normal 0 0 -1
    outer loop
      vertex 145.13068958371878 33.95828541368246 0
      vertex 134.00963513553143 33.815363340079784 0
      vertex 134.1845210418105 33.86617239564657 0
    endloop
  endfacet
  facet normal 0 0 -1
    outer loop
      vertex 145.13068958371878 33.95828541368246 0
      vertex 134.1845210418105 33.86617239564657 0
      vertex 134.3622524663806 33.905900076031685 0
    endloop
  endfacet
  facet normal 0 0 -1
    outer loop
      vertex 145.13068958371878 33.95828541368246 0
      vertex 134.3622524663806 33.905900076031685 0
      vertex 134.5421274676919 33.93438947945833 0
    endloop
  endfacet
  facet normal 0 0 -1
    outer loop
      vertex 145.13068958371878 33.95828541368246 0
      vertex 134.5421274676919 33.93438947945833 0
      vertex 134.7234366312623 33.95152824372053 0
    endloop
  endfacet
  facet normal 0 0 -1
    outer loop
      vertex 134.93845327943563 33.95828541368246 0
      vertex 145.13068958371878 33.95828541368246 0
      vertex 134.7234366312623 33.95152824372053 0
    endloop
  endfacet
endsolid OpenSCAD_Model
