solid OpenSCAD_Model
  facet normal 0.09410830169183959 -0.9955619657021243 0
    outer loop
      vertex 153.5450273230672 -45.02674422413111 0
      vertex 153.29485646635294 -45.05039232969284 26.5
      vertex 153.29485646635294 -45.05039232969284 0
    endloop
  endfacet
  facet normal 0.09410830169183959 -0.9955619657021243 0
    outer loop
      vertex 153.5450273230672 -45.02674422413111 0
      vertex 153.5450273230672 -45.02674422413111 26.5
      vertex 153.29485646635294 -45.05039232969284 26.5
    endloop
  endfacet
  facet normal 0.1564344828851023 -0.9876883377687876 0
    outer loop
      vertex 153.7932196483016 -44.987434417009354 0
      vertex 153.5450273230672 -45.02674422413111 26.5
      vertex 153.5450273230672 -45.02674422413111 0
    endloop
  endfacet
  facet normal 0.1564344828851023 -0.9876883377687876 0
    outer loop
      vertex 153.7932196483016 -44.987434417009354 0
      vertex 153.7932196483016 -44.987434417009354 26.5
      vertex 153.5450273230672 -45.02674422413111 26.5
    endloop
  endfacet
  facet normal 0.21814323450630868 -0.9759167634788971 0
    outer loop
      vertex 154.03845394402742 -44.93261805921793 0
      vertex 153.7932196483016 -44.987434417009354 26.5
      vertex 153.7932196483016 -44.987434417009354 0
    endloop
  endfacet
  facet normal 0.21814323450630868 -0.9759167634788971 0
    outer loop
      vertex 154.03845394402742 -44.93261805921793 0
      vertex 154.03845394402742 -44.93261805921793 26.5
      vertex 153.7932196483016 -44.987434417009354 26.5
    endloop
  endfacet
  facet normal 0.27899111214154526 -0.9602936839040563 0
    outer loop
      vertex 154.27976237237453 -44.86251147836447 0
      vertex 154.03845394402742 -44.93261805921793 26.5
      vertex 154.03845394402742 -44.93261805921793 0
    endloop
  endfacet
  facet normal 0.27899111214154526 -0.9602936839040563 0
    outer loop
      vertex 154.27976237237453 -44.86251147836447 0
      vertex 154.27976237237453 -44.86251147836447 26.5
      vertex 154.03845394402742 -44.93261805921793 26.5
    endloop
  endfacet
  facet normal 0.3387379184860869 -0.9408807695875782 0
    outer loop
      vertex 154.51619260013103 -44.777391359210014 0
      vertex 154.27976237237453 -44.86251147836447 26.5
      vertex 154.27976237237453 -44.86251147836447 0
    endloop
  endfacet
  facet normal 0.3387379184860869 -0.9408807695875782 0
    outer loop
      vertex 154.51619260013103 -44.777391359210014 0
      vertex 154.51619260013103 -44.777391359210014 26.5
      vertex 154.27976237237453 -44.86251147836447 26.5
    endloop
  endfacet
  facet normal 0.3971478805831313 -0.9177546300337182 0
    outer loop
      vertex 154.74681156128645 -44.67759362608194 0
      vertex 154.51619260013103 -44.777391359210014 26.5
      vertex 154.51619260013103 -44.777391359210014 0
    endloop
  endfacet
  facet normal 0.3971478805831313 -0.9177546300337182 0
    outer loop
      vertex 154.74681156128645 -44.67759362608194 0
      vertex 154.74681156128645 -44.67759362608194 26.5
      vertex 154.51619260013103 -44.777391359210014 26.5
    endloop
  endfacet
  facet normal 0.4539905010414819 -0.8910065235249989 0
    outer loop
      vertex 154.97070908546448 -44.56351213902235 0
      vertex 154.74681156128645 -44.67759362608194 26.5
      vertex 154.74681156128645 -44.67759362608194 0
    endloop
  endfacet
  facet normal 0.4539905010414819 -0.8910065235249989 0
    outer loop
      vertex 154.97070908546448 -44.56351213902235 0
      vertex 154.97070908546448 -44.56351213902235 26.5
      vertex 154.74681156128645 -44.67759362608194 26.5
    endloop
  endfacet
  facet normal 0.5090414315433222 -0.8607420176640184 0
    outer loop
      vertex 155.18700157105923 -44.435597114264965 0
      vertex 154.97070908546448 -44.56351213902235 26.5
      vertex 154.97070908546448 -44.56351213902235 0
    endloop
  endfacet
  facet normal 0.5090414315433222 -0.8607420176640184 0
    outer loop
      vertex 155.18700157105923 -44.435597114264965 0
      vertex 155.18700157105923 -44.435597114264965 26.5
      vertex 154.97070908546448 -44.56351213902235 26.5
    endloop
  endfacet
  facet normal 0.5620833666890654 -0.8270805818609731 0
    outer loop
      vertex 155.39483539760113 -44.294353395700455 0
      vertex 155.18700157105923 -44.435597114264965 26.5
      vertex 155.18700157105923 -44.435597114264965 0
    endloop
  endfacet
  facet normal 0.5620833666890654 -0.8270805818609731 0
    outer loop
      vertex 155.39483539760113 -44.294353395700455 0
      vertex 155.39483539760113 -44.294353395700455 26.5
      vertex 155.18700157105923 -44.435597114264965 26.5
    endloop
  endfacet
  facet normal 0.6129070569985919 -0.790155009780565 0
    outer loop
      vertex 155.593390353024 -44.14033838361502 0
      vertex 155.39483539760113 -44.294353395700455 26.5
      vertex 155.39483539760113 -44.294353395700455 0
    endloop
  endfacet
  facet normal 0.6129070569985919 -0.790155009780565 0
    outer loop
      vertex 155.593390353024 -44.14033838361502 0
      vertex 155.593390353024 -44.14033838361502 26.5
      vertex 155.39483539760113 -44.294353395700455 26.5
    endloop
  endfacet
  facet normal 0.6613118617075541 -0.7501110728184786 0
    outer loop
      vertex 155.781882815063 -43.97415992617607 0
      vertex 155.593390353024 -44.14033838361502 26.5
      vertex 155.593390353024 -44.14033838361502 0
    endloop
  endfacet
  facet normal 0.6613118617075541 -0.7501110728184786 0
    outer loop
      vertex 155.781882815063 -43.97415992617607 0
      vertex 155.781882815063 -43.97415992617607 26.5
      vertex 155.593390353024 -44.14033838361502 26.5
    endloop
  endfacet
  facet normal 0.7071067811865476 -0.7071067811865476 0
    outer loop
      vertex 155.95956890285015 -43.79647383838892 0
      vertex 155.781882815063 -43.97415992617607 26.5
      vertex 155.781882815063 -43.97415992617607 0
    endloop
  endfacet
  facet normal 0.7071067811865476 -0.7071067811865476 0
    outer loop
      vertex 155.95956890285015 -43.79647383838892 0
      vertex 155.95956890285015 -43.79647383838892 26.5
      vertex 155.781882815063 -43.97415992617607 26.5
    endloop
  endfacet
  facet normal 0.7501110728184786 -0.6613118617075541 0
    outer loop
      vertex 156.1257473602891 -43.607981376349926 0
      vertex 155.95956890285015 -43.79647383838892 26.5
      vertex 155.95956890285015 -43.79647383838892 0
    endloop
  endfacet
  facet normal 0.7501110728184786 -0.6613118617075541 0
    outer loop
      vertex 156.1257473602891 -43.607981376349926 0
      vertex 156.1257473602891 -43.607981376349926 26.5
      vertex 155.95956890285015 -43.79647383838892 26.5
    endloop
  endfacet
  facet normal 0.790155009780565 -0.6129070569985919 0
    outer loop
      vertex 156.27976237237453 -43.40942642092705 0
      vertex 156.1257473602891 -43.607981376349926 26.5
      vertex 156.1257473602891 -43.607981376349926 0
    endloop
  endfacet
  facet normal 0.790155009780565 -0.6129070569985919 0
    outer loop
      vertex 156.27976237237453 -43.40942642092705 0
      vertex 156.27976237237453 -43.40942642092705 26.5
      vertex 156.1257473602891 -43.607981376349926 26.5
    endloop
  endfacet
  facet normal 0.8270805818609731 -0.5620833666890654 0
    outer loop
      vertex 156.42100609093904 -43.20159259438515 0
      vertex 156.27976237237453 -43.40942642092705 26.5
      vertex 156.27976237237453 -43.40942642092705 0
    endloop
  endfacet
  facet normal 0.8270805818609731 -0.5620833666890654 0
    outer loop
      vertex 156.42100609093904 -43.20159259438515 0
      vertex 156.42100609093904 -43.20159259438515 26.5
      vertex 156.27976237237453 -43.40942642092705 26.5
    endloop
  endfacet
  facet normal 0.8607420176640184 -0.5090414315433222 0
    outer loop
      vertex 156.54892111569643 -42.9853001087904 0
      vertex 156.42100609093904 -43.20159259438515 26.5
      vertex 156.42100609093904 -43.20159259438515 0
    endloop
  endfacet
  facet normal 0.8607420176640184 -0.5090414315433222 0
    outer loop
      vertex 156.54892111569643 -42.9853001087904 0
      vertex 156.54892111569643 -42.9853001087904 26.5
      vertex 156.42100609093904 -43.20159259438515 26.5
    endloop
  endfacet
  facet normal 0.8910065235249989 -0.4539905010414819 0
    outer loop
      vertex 156.66300260275602 -42.76140258461237 0
      vertex 156.54892111569643 -42.9853001087904 26.5
      vertex 156.54892111569643 -42.9853001087904 0
    endloop
  endfacet
  facet normal 0.8910065235249989 -0.4539905010414819 0
    outer loop
      vertex 156.66300260275602 -42.76140258461237 0
      vertex 156.66300260275602 -42.76140258461237 26.5
      vertex 156.54892111569643 -42.9853001087904 26.5
    endloop
  endfacet
  facet normal 0.9177546300337182 -0.3971478805831313 0
    outer loop
      vertex 156.7628003358841 -42.530783623456955 0
      vertex 156.66300260275602 -42.76140258461237 26.5
      vertex 156.66300260275602 -42.76140258461237 0
    endloop
  endfacet
  facet normal 0.9177546300337182 -0.3971478805831313 0
    outer loop
      vertex 156.7628003358841 -42.530783623456955 0
      vertex 156.7628003358841 -42.530783623456955 26.5
      vertex 156.66300260275602 -42.76140258461237 26.5
    endloop
  endfacet
  facet normal 0.9408807695875782 -0.3387379184860869 0
    outer loop
      vertex 156.84792045503855 -42.294353395700455 0
      vertex 156.7628003358841 -42.530783623456955 26.5
      vertex 156.7628003358841 -42.530783623456955 0
    endloop
  endfacet
  facet normal 0.9408807695875782 -0.3387379184860869 0
    outer loop
      vertex 156.84792045503855 -42.294353395700455 0
      vertex 156.84792045503855 -42.294353395700455 26.5
      vertex 156.7628003358841 -42.530783623456955 26.5
    endloop
  endfacet
  facet normal 0.9557930185630011 -0.29404031299504946 0
    outer loop
      vertex 156.88486912846565 -42.17424985021353 0
      vertex 156.84792045503855 -42.294353395700455 26.5
      vertex 156.84792045503855 -42.294353395700455 0
    endloop
  endfacet
  facet normal 0.9557930185630011 -0.29404031299504946 0
    outer loop
      vertex 156.88486912846565 -42.17424985021353 0
      vertex 156.88486912846565 -42.17424985021353 26.5
      vertex 156.84792045503855 -42.294353395700455 26.5
    endloop
  endfacet
  facet normal 0.9602936849906305 -0.27899110840153263 0
    outer loop
      vertex 157.36160577833652 -40.53331155329943 0
      vertex 156.88486912846565 -42.17424985021353 26.5
      vertex 156.88486912846565 -42.17424985021353 0
    endloop
  endfacet
  facet normal 0.9602936849906305 -0.27899110840153263 0
    outer loop
      vertex 157.36160577833652 -40.53331155329943 0
      vertex 157.36160577833652 -40.53331155329943 26.5
      vertex 156.88486912846565 -42.17424985021353 26.5
    endloop
  endfacet
  facet normal 0.9685831561845336 -0.24868990642084254 0
    outer loop
      vertex 157.42409808933735 -40.28992009162903 0
      vertex 157.36160577833652 -40.53331155329943 26.5
      vertex 157.36160577833652 -40.53331155329943 0
    endloop
  endfacet
  facet normal 0.9685831561845336 -0.24868990642084254 0
    outer loop
      vertex 157.42409808933735 -40.28992009162903 0
      vertex 157.42409808933735 -40.28992009162903 26.5
      vertex 157.36160577833652 -40.53331155329943 26.5
    endloop
  endfacet
  facet normal 0.9759167620726478 -0.21814324079750738 0
    outer loop
      vertex 159.5961962863803 -30.572511330246925 0
      vertex 157.42409808933735 -40.28992009162903 26.5
      vertex 157.42409808933735 -40.28992009162903 0
    endloop
  endfacet
  facet normal 0.9759167620726478 -0.21814324079750738 0
    outer loop
      vertex 159.5961962863803 -30.572511330246925 0
      vertex 159.5961962863803 -30.572511330246925 26.5
      vertex 157.42409808933735 -40.28992009162903 26.5
    endloop
  endfacet
  facet normal 0.9822872516081487 -0.18738130997543398 0
    outer loop
      vertex 159.64328259974718 -30.32567622512579 0
      vertex 159.5961962863803 -30.572511330246925 26.5
      vertex 159.5961962863803 -30.572511330246925 0
    endloop
  endfacet
  facet normal 0.9822872516081487 -0.18738130997543398 0
    outer loop
      vertex 159.64328259974718 -30.32567622512579 0
      vertex 159.64328259974718 -30.32567622512579 26.5
      vertex 159.5961962863803 -30.572511330246925 26.5
    endloop
  endfacet
  facet normal 0.987688340616913 -0.15643446490274787 0
    outer loop
      vertex 161.20093351602554 -20.491055384278297 0
      vertex 159.64328259974718 -30.32567622512579 26.5
      vertex 159.64328259974718 -30.32567622512579 0
    endloop
  endfacet
  facet normal 0.987688340616913 -0.15643446490274787 0
    outer loop
      vertex 161.20093351602554 -20.491055384278297 0
      vertex 161.20093351602554 -20.491055384278297 26.5
      vertex 159.64328259974718 -30.32567622512579 26.5
    endloop
  endfacet
  facet normal 0.9921147002543906 -0.1253332419557583 0
    outer loop
      vertex 161.2324280142784 -20.24175077676773 0
      vertex 161.20093351602554 -20.491055384278297 26.5
      vertex 161.20093351602554 -20.491055384278297 0
    endloop
  endfacet
  facet normal 0.9921147002543906 -0.1253332419557583 0
    outer loop
      vertex 161.2324280142784 -20.24175077676773 0
      vertex 161.2324280142784 -20.24175077676773 26.5
      vertex 161.20093351602554 -20.491055384278297 26.5
    endloop
  endfacet
  facet normal 0.9955619645551148 -0.09410831382593325 0
    outer loop
      vertex 162.1694843173027 -10.32873059809208 0
      vertex 161.2324280142784 -20.24175077676773 26.5
      vertex 161.2324280142784 -20.24175077676773 0
    endloop
  endfacet
  facet normal 0.9955619645551148 -0.09410831382593325 0
    outer loop
      vertex 162.1694843173027 -10.32873059809208 0
      vertex 162.1694843173027 -10.32873059809208 26.5
      vertex 161.2324280142784 -20.24175077676773 26.5
    endloop
  endfacet
  facet normal 0.9980267279018645 -0.06279052789631354 0
    outer loop
      vertex 162.18526270240545 -10.077940382063389 0
      vertex 162.1694843173027 -10.32873059809208 26.5
      vertex 162.1694843173027 -10.32873059809208 0
    endloop
  endfacet
  facet normal 0.9980267279018645 -0.06279052789631354 0
    outer loop
      vertex 162.18526270240545 -10.077940382063389 0
      vertex 162.18526270240545 -10.077940382063389 26.5
      vertex 162.1694843173027 -10.32873059809208 26.5
    endloop
  endfacet
  facet normal 0.999506560372553 -0.031410758861066215 0
    outer loop
      vertex 162.49802624434233 -0.1256430372595787 0
      vertex 162.18526270240545 -10.077940382063389 26.5
      vertex 162.18526270240545 -10.077940382063389 0
    endloop
  endfacet
  facet normal 0.999506560372553 -0.031410758861066215 0
    outer loop
      vertex 162.49802624434233 -0.1256430372595787 0
      vertex 162.49802624434233 -0.1256430372595787 26.5
      vertex 162.18526270240545 -10.077940382063389 26.5
    endloop
  endfacet
  facet normal 1 0 0
    outer loop
      vertex 162.49802624434233 0.1256430372595787 0
      vertex 162.49802624434233 -0.1256430372595787 26.5
      vertex 162.49802624434233 -0.1256430372595787 0
    endloop
  endfacet
  facet normal 1 0 0
    outer loop
      vertex 162.49802624434233 0.1256430372595787 0
      vertex 162.49802624434233 0.1256430372595787 26.5
      vertex 162.49802624434233 -0.1256430372595787 26.5
    endloop
  endfacet
  facet normal 0.999506560372553 0.031410758861066215 0
    outer loop
      vertex 162.18526270240545 10.077940382063389 0
      vertex 162.49802624434233 0.1256430372595787 26.5
      vertex 162.49802624434233 0.1256430372595787 0
    endloop
  endfacet
  facet normal 0.999506560372553 0.031410758861066215 0
    outer loop
      vertex 162.18526270240545 10.077940382063389 0
      vertex 162.18526270240545 10.077940382063389 26.5
      vertex 162.49802624434233 0.1256430372595787 26.5
    endloop
  endfacet
  facet normal 0.9980267279018645 0.06279052789631354 0
    outer loop
      vertex 162.1694843173027 10.32873059809208 0
      vertex 162.18526270240545 10.077940382063389 26.5
      vertex 162.18526270240545 10.077940382063389 0
    endloop
  endfacet
  facet normal 0.9980267279018645 0.06279052789631354 0
    outer loop
      vertex 162.1694843173027 10.32873059809208 0
      vertex 162.1694843173027 10.32873059809208 26.5
      vertex 162.18526270240545 10.077940382063389 26.5
    endloop
  endfacet
  facet normal 0.9955619645551148 0.09410831382593325 0
    outer loop
      vertex 161.2324280142784 20.24175077676773 0
      vertex 162.1694843173027 10.32873059809208 26.5
      vertex 162.1694843173027 10.32873059809208 0
    endloop
  endfacet
  facet normal 0.9955619645551148 0.09410831382593325 0
    outer loop
      vertex 161.2324280142784 20.24175077676773 0
      vertex 161.2324280142784 20.24175077676773 26.5
      vertex 162.1694843173027 10.32873059809208 26.5
    endloop
  endfacet
  facet normal 0.9921147002543906 0.1253332419557583 0
    outer loop
      vertex 161.20093351602554 20.491055384278297 0
      vertex 161.2324280142784 20.24175077676773 26.5
      vertex 161.2324280142784 20.24175077676773 0
    endloop
  endfacet
  facet normal 0.9921147002543906 0.1253332419557583 0
    outer loop
      vertex 161.20093351602554 20.491055384278297 0
      vertex 161.20093351602554 20.491055384278297 26.5
      vertex 161.2324280142784 20.24175077676773 26.5
    endloop
  endfacet
  facet normal 0.987688340616913 0.15643446490274787 0
    outer loop
      vertex 159.64328259974718 30.32567622512579 0
      vertex 161.20093351602554 20.491055384278297 26.5
      vertex 161.20093351602554 20.491055384278297 0
    endloop
  endfacet
  facet normal 0.987688340616913 0.15643446490274787 0
    outer loop
      vertex 159.64328259974718 30.32567622512579 0
      vertex 159.64328259974718 30.32567622512579 26.5
      vertex 161.20093351602554 20.491055384278297 26.5
    endloop
  endfacet
  facet normal 0.9822872516081487 0.18738130997543398 0
    outer loop
      vertex 159.5961962863803 30.572511330246925 0
      vertex 159.64328259974718 30.32567622512579 26.5
      vertex 159.64328259974718 30.32567622512579 0
    endloop
  endfacet
  facet normal 0.9822872516081487 0.18738130997543398 0
    outer loop
      vertex 159.5961962863803 30.572511330246925 0
      vertex 159.5961962863803 30.572511330246925 26.5
      vertex 159.64328259974718 30.32567622512579 26.5
    endloop
  endfacet
  facet normal 0.9759167620370405 0.2181432409568041 0
    outer loop
      vertex 157.42409808933735 40.28992008417845 0
      vertex 159.5961962863803 30.572511330246925 26.5
      vertex 159.5961962863803 30.572511330246925 0
    endloop
  endfacet
  facet normal 0.9759167620370405 0.2181432409568041 0
    outer loop
      vertex 157.42409808933735 40.28992008417845 0
      vertex 157.42409808933735 40.28992008417845 26.5
      vertex 159.5961962863803 30.572511330246925 26.5
    endloop
  endfacet
  facet normal 0.9685831614927418 0.24868988574673737 0
    outer loop
      vertex 157.3616057857871 40.533311538398266 0
      vertex 157.42409808933735 40.28992008417845 26.5
      vertex 157.42409808933735 40.28992008417845 0
    endloop
  endfacet
  facet normal 0.9685831614927418 0.24868988574673737 0
    outer loop
      vertex 157.3616057857871 40.533311538398266 0
      vertex 157.3616057857871 40.533311538398266 26.5
      vertex 157.42409808933735 40.28992008417845 26.5
    endloop
  endfacet
  facet normal 0.960293684501241 0.2789911100860225 0
    outer loop
      vertex 156.88486912846565 42.17424985021353 0
      vertex 157.3616057857871 40.533311538398266 26.5
      vertex 157.3616057857871 40.533311538398266 0
    endloop
  endfacet
  facet normal 0.960293684501241 0.2789911100860225 0
    outer loop
      vertex 156.88486912846565 42.17424985021353 0
      vertex 156.88486912846565 42.17424985021353 26.5
      vertex 157.3616057857871 40.533311538398266 26.5
    endloop
  endfacet
  facet normal 0.9510565171681746 0.309016991688065 0
    outer loop
      vertex 156.80721746385098 42.41323710232973 0
      vertex 156.88486912846565 42.17424985021353 26.5
      vertex 156.88486912846565 42.17424985021353 0
    endloop
  endfacet
  facet normal 0.9510565171681746 0.309016991688065 0
    outer loop
      vertex 156.80721746385098 42.41323710232973 0
      vertex 156.80721746385098 42.41323710232973 26.5
      vertex 156.88486912846565 42.17424985021353 26.5
    endloop
  endfacet
  facet normal 0.9297764818256306 0.36812456294568696 0
    outer loop
      vertex 156.7147128880024 42.646876983344555 0
      vertex 156.80721746385098 42.41323710232973 26.5
      vertex 156.80721746385098 42.41323710232973 0
    endloop
  endfacet
  facet normal 0.9297764818256306 0.36812456294568696 0
    outer loop
      vertex 156.7147128880024 42.646876983344555 0
      vertex 156.7147128880024 42.646876983344555 26.5
      vertex 156.80721746385098 42.41323710232973 26.5
    endloop
  endfacet
  facet normal 0.9048270631007503 0.42577926896511853 0
    outer loop
      vertex 156.60772048681974 42.874247424304485 0
      vertex 156.7147128880024 42.646876983344555 26.5
      vertex 156.7147128880024 42.646876983344555 0
    endloop
  endfacet
  facet normal 0.9048270631007503 0.42577926896511853 0
    outer loop
      vertex 156.60772048681974 42.874247424304485 0
      vertex 156.60772048681974 42.874247424304485 26.5
      vertex 156.7147128880024 42.646876983344555 26.5
    endloop
  endfacet
  facet normal 0.8763066667494851 0.48175369828409903 0
    outer loop
      vertex 156.48666249215603 43.09445108473301 0
      vertex 156.60772048681974 42.874247424304485 26.5
      vertex 156.60772048681974 42.874247424304485 0
    endloop
  endfacet
  facet normal 0.8763066667494851 0.48175369828409903 0
    outer loop
      vertex 156.48666249215603 43.09445108473301 0
      vertex 156.48666249215603 43.09445108473301 26.5
      vertex 156.60772048681974 42.874247424304485 26.5
    endloop
  endfacet
  facet normal 0.8443279268477657 0.5358267928584329 0
    outer loop
      vertex 156.3520166799426 43.30661893635988 0
      vertex 156.48666249215603 43.09445108473301 26.5
      vertex 156.48666249215603 43.09445108473301 0
    endloop
  endfacet
  facet normal 0.8443279268477657 0.5358267928584329 0
    outer loop
      vertex 156.3520166799426 43.30661893635988 0
      vertex 156.3520166799426 43.30661893635988 26.5
      vertex 156.48666249215603 43.09445108473301 26.5
    endloop
  endfacet
  facet normal 0.8090169938553857 0.5877852530075885 0
    outer loop
      vertex 156.20431443303823 43.50991363823414 0
      vertex 156.3520166799426 43.30661893635988 26.5
      vertex 156.3520166799426 43.30661893635988 0
    endloop
  endfacet
  facet normal 0.8090169938553857 0.5877852530075885 0
    outer loop
      vertex 156.20431443303823 43.50991363823414 0
      vertex 156.20431443303823 43.50991363823414 26.5
      vertex 156.3520166799426 43.30661893635988 26.5
    endloop
  endfacet
  facet normal 0.7705132390143368 0.6374239942955047 0
    outer loop
      vertex 156.04413866251707 43.70353288203478 0
      vertex 156.20431443303823 43.50991363823414 26.5
      vertex 156.20431443303823 43.50991363823414 0
    endloop
  endfacet
  facet normal 0.7705132390143368 0.6374239942955047 0
    outer loop
      vertex 156.04413866251707 43.70353288203478 0
      vertex 156.04413866251707 43.70353288203478 26.5
      vertex 156.20431443303823 43.50991363823414 26.5
    endloop
  endfacet
  facet normal 0.728968632265559 0.6845471007701954 0
    outer loop
      vertex 155.87212151288986 43.88671254366636 0
      vertex 156.04413866251707 43.70353288203478 26.5
      vertex 156.04413866251707 43.70353288203478 0
    endloop
  endfacet
  facet normal 0.728968632265559 0.6845471007701954 0
    outer loop
      vertex 155.87212151288986 43.88671254366636 0
      vertex 155.87212151288986 43.88671254366636 26.5
      vertex 156.04413866251707 43.70353288203478 26.5
    endloop
  endfacet
  facet normal 0.6845471017303122 0.7289686313639494 0
    outer loop
      vertex 155.6889418438077 44.05872970074415 0
      vertex 155.87212151288986 43.88671254366636 26.5
      vertex 155.87212151288986 43.88671254366636 0
    endloop
  endfacet
  facet normal 0.6845471017303122 0.7289686313639494 0
    outer loop
      vertex 155.6889418438077 44.05872970074415 0
      vertex 155.6889418438077 44.05872970074415 26.5
      vertex 155.87212151288986 43.88671254366636 26.5
    endloop
  endfacet
  facet normal 0.6374239942955047 0.7705132390143368 0
    outer loop
      vertex 155.49532260000706 44.218905471265316 0
      vertex 155.6889418438077 44.05872970074415 26.5
      vertex 155.6889418438077 44.05872970074415 0
    endloop
  endfacet
  facet normal 0.6374239942955047 0.7705132390143368 0
    outer loop
      vertex 155.49532260000706 44.218905471265316 0
      vertex 155.49532260000706 44.218905471265316 26.5
      vertex 155.6889418438077 44.05872970074415 26.5
    endloop
  endfacet
  facet normal 0.5877852530075885 0.8090169938553857 0
    outer loop
      vertex 155.2920278981328 44.36660771816969 0
      vertex 155.49532260000706 44.218905471265316 26.5
      vertex 155.49532260000706 44.218905471265316 0
    endloop
  endfacet
  facet normal 0.5877852530075885 0.8090169938553857 0
    outer loop
      vertex 155.2920278981328 44.36660771816969 0
      vertex 155.2920278981328 44.36660771816969 26.5
      vertex 155.49532260000706 44.218905471265316 26.5
    endloop
  endfacet
  facet normal 0.5358267928584329 0.8443279268477657 0
    outer loop
      vertex 155.07986004650593 44.50125353038311 0
      vertex 155.2920278981328 44.36660771816969 26.5
      vertex 155.2920278981328 44.36660771816969 0
    endloop
  endfacet
  facet normal 0.5358267928584329 0.8443279268477657 0
    outer loop
      vertex 155.07986004650593 44.50125353038311 0
      vertex 155.07986004650593 44.50125353038311 26.5
      vertex 155.2920278981328 44.36660771816969 26.5
    endloop
  endfacet
  facet normal 0.4817536629985493 0.8763066861478807 0
    outer loop
      vertex 154.85965637862682 44.622311517596245 0
      vertex 155.07986004650593 44.50125353038311 26.5
      vertex 155.07986004650593 44.50125353038311 0
    endloop
  endfacet
  facet normal 0.4817536629985493 0.8763066861478807 0
    outer loop
      vertex 154.85965637862682 44.622311517596245 0
      vertex 154.85965637862682 44.622311517596245 26.5
      vertex 155.07986004650593 44.50125353038311 26.5
    endloop
  endfacet
  facet normal 0.4257792803878982 0.9048270577255985 0
    outer loop
      vertex 154.63228594511747 44.729303918778896 0
      vertex 154.85965637862682 44.622311517596245 26.5
      vertex 154.85965637862682 44.622311517596245 0
    endloop
  endfacet
  facet normal 0.4257792803878982 0.9048270577255985 0
    outer loop
      vertex 154.63228594511747 44.729303918778896 0
      vertex 154.63228594511747 44.729303918778896 26.5
      vertex 154.85965637862682 44.622311517596245 26.5
    endloop
  endfacet
  facet normal 0.36812456294568696 0.9297764818256306 0
    outer loop
      vertex 154.39864606410265 44.821808494627476 0
      vertex 154.63228594511747 44.729303918778896 26.5
      vertex 154.63228594511747 44.729303918778896 0
    endloop
  endfacet
  facet normal 0.36812456294568696 0.9297764818256306 0
    outer loop
      vertex 154.39864606410265 44.821808494627476 0
      vertex 154.39864606410265 44.821808494627476 26.5
      vertex 154.63228594511747 44.729303918778896 26.5
    endloop
  endfacet
  facet normal 0.30901698297420893 0.9510565199994779 0
    outer loop
      vertex 154.15965880453587 44.89946015924215 0
      vertex 154.39864606410265 44.821808494627476 26.5
      vertex 154.39864606410265 44.821808494627476 0
    endloop
  endfacet
  facet normal 0.30901698297420893 0.9510565199994779 0
    outer loop
      vertex 154.15965880453587 44.89946015924215 0
      vertex 154.15965880453587 44.89946015924215 26.5
      vertex 154.39864606410265 44.821808494627476 26.5
    endloop
  endfacet
  facet normal 0.24868988574673737 0.9685831614927418 0
    outer loop
      vertex 153.91626735031605 44.9619524627924 0
      vertex 154.15965880453587 44.89946015924215 26.5
      vertex 154.15965880453587 44.89946015924215 0
    endloop
  endfacet
  facet normal 0.24868988574673737 0.9685831614927418 0
    outer loop
      vertex 153.91626735031605 44.9619524627924 0
      vertex 153.91626735031605 44.9619524627924 26.5
      vertex 154.15965880453587 44.89946015924215 26.5
    endloop
  endfacet
  facet normal 0.18738130997543398 0.9822872516081487 0
    outer loop
      vertex 153.6694322451949 45.00903877615929 0
      vertex 153.91626735031605 44.9619524627924 26.5
      vertex 153.91626735031605 44.9619524627924 0
    endloop
  endfacet
  facet normal 0.18738130997543398 0.9822872516081487 0
    outer loop
      vertex 153.6694322451949 45.00903877615929 0
      vertex 153.6694322451949 45.00903877615929 26.5
      vertex 153.91626735031605 44.9619524627924 26.5
    endloop
  endfacet
  facet normal 0.1253332419557583 0.9921147002543906 0
    outer loop
      vertex 153.42012763768435 45.040533274412155 0
      vertex 153.6694322451949 45.00903877615929 26.5
      vertex 153.6694322451949 45.00903877615929 0
    endloop
  endfacet
  facet normal 0.1253332419557583 0.9921147002543906 0
    outer loop
      vertex 153.42012763768435 45.040533274412155 0
      vertex 153.42012763768435 45.040533274412155 26.5
      vertex 153.6694322451949 45.00903877615929 26.5
    endloop
  endfacet
  facet normal 0.06279052789631354 0.9980267279018645 0
    outer loop
      vertex 153.16933742165565 45.056311659514904 0
      vertex 153.42012763768435 45.040533274412155 26.5
      vertex 153.42012763768435 45.040533274412155 0
    endloop
  endfacet
  facet normal 0.06279052789631354 0.9980267279018645 0
    outer loop
      vertex 153.16933742165565 45.056311659514904 0
      vertex 153.16933742165565 45.056311659514904 26.5
      vertex 153.42012763768435 45.040533274412155 26.5
    endloop
  endfacet
  facet normal 0.015707295215825524 0.9998766328287719 0
    outer loop
      vertex 153.04369439184666 45.05828541517258 0
      vertex 153.16933742165565 45.056311659514904 26.5
      vertex 153.16933742165565 45.056311659514904 0
    endloop
  endfacet
  facet normal 0.015707295215825524 0.9998766328287719 0
    outer loop
      vertex 153.04369439184666 45.05828541517258 0
      vertex 153.04369439184666 45.05828541517258 26.5
      vertex 153.16933742165565 45.056311659514904 26.5
    endloop
  endfacet
  facet normal 0 1 0
    outer loop
      vertex 111.18823504447937 45.05828541517258 0
      vertex 153.04369439184666 45.05828541517258 26.5
      vertex 153.04369439184666 45.05828541517258 0
    endloop
  endfacet
  facet normal 0 1 0
    outer loop
      vertex 111.18823504447937 45.05828541517258 0
      vertex 111.18823504447937 45.05828541517258 26.5
      vertex 153.04369439184666 45.05828541517258 26.5
    endloop
  endfacet
  facet normal -0.9177546271949416 -0.39714788714315685 0
    outer loop
      vertex 111.57088321447372 44.17403765767813 0
      vertex 111.18823504447937 45.05828541517258 26.5
      vertex 111.18823504447937 45.05828541517258 0
    endloop
  endfacet
  facet normal -0.9177546271949416 -0.39714788714315685 0
    outer loop
      vertex 111.57088321447372 44.17403765767813 0
      vertex 111.57088321447372 44.17403765767813 26.5
      vertex 111.18823504447937 45.05828541517258 26.5
    endloop
  endfacet
  facet normal -0.940880768947101 -0.33873792026508015 0
    outer loop
      vertex 114.12443433701992 37.081276558339596 0
      vertex 111.57088321447372 44.17403765767813 26.5
      vertex 111.57088321447372 44.17403765767813 0
    endloop
  endfacet
  facet normal -0.940880768947101 -0.33873792026508015 0
    outer loop
      vertex 114.12443433701992 37.081276558339596 0
      vertex 114.12443433701992 37.081276558339596 26.5
      vertex 111.57088321447372 44.17403765767813 26.5
    endloop
  endfacet
  facet normal -0.9602936856170077 -0.2789911062455284 0
    outer loop
      vertex 116.22758848965168 29.842172488570213 0
      vertex 114.12443433701992 37.081276558339596 26.5
      vertex 114.12443433701992 37.081276558339596 0
    endloop
  endfacet
  facet normal -0.9602936856170077 -0.2789911062455284 0
    outer loop
      vertex 116.22758848965168 29.842172488570213 0
      vertex 116.22758848965168 29.842172488570213 26.5
      vertex 114.12443433701992 37.081276558339596 26.5
    endloop
  endfacet
  facet normal -0.9759167617282817 -0.2181432423381122 0
    outer loop
      vertex 117.58802887052298 23.755912117660046 0
      vertex 116.22758848965168 29.842172488570213 26.5
      vertex 116.22758848965168 29.842172488570213 0
    endloop
  endfacet
  facet normal -0.9759167617282817 -0.2181432423381122 0
    outer loop
      vertex 117.58802887052298 23.755912117660046 0
      vertex 117.58802887052298 23.755912117660046 26.5
      vertex 116.22758848965168 29.842172488570213 26.5
    endloop
  endfacet
  facet normal -0.9685831600643519 -0.2486898913099483 0
    outer loop
      vertex 117.66614425182343 23.451672799885273 0
      vertex 117.58802887052298 23.755912117660046 26.5
      vertex 117.58802887052298 23.755912117660046 0
    endloop
  endfacet
  facet normal -0.9685831600643519 -0.2486898913099483 0
    outer loop
      vertex 117.66614425182343 23.451672799885273 0
      vertex 117.66614425182343 23.451672799885273 26.5
      vertex 117.58802887052298 23.755912117660046 26.5
    endloop
  endfacet
  facet normal -0.9510565240512809 -0.3090169705040411 0
    outer loop
      vertex 117.76320882886648 23.152938723564148 0
      vertex 117.66614425182343 23.451672799885273 26.5
      vertex 117.66614425182343 23.451672799885273 0
    endloop
  endfacet
  facet normal -0.9510565240512809 -0.3090169705040411 0
    outer loop
      vertex 117.76320882886648 23.152938723564148 0
      vertex 117.76320882886648 23.152938723564148 26.5
      vertex 117.66614425182343 23.451672799885273 26.5
    endloop
  endfacet
  facet normal -0.929776476159089 -0.3681245772577364 0
    outer loop
      vertex 117.8788395524025 22.86088887602091 0
      vertex 117.76320882886648 23.152938723564148 26.5
      vertex 117.76320882886648 23.152938723564148 0
    endloop
  endfacet
  facet normal -0.929776476159089 -0.3681245772577364 0
    outer loop
      vertex 117.8788395524025 22.86088887602091 0
      vertex 117.8788395524025 22.86088887602091 26.5
      vertex 117.76320882886648 23.152938723564148 26.5
    endloop
  endfacet
  facet normal -0.904827051946961 -0.42577929266812825 0
    outer loop
      vertex 118.01258005946875 22.576675832271576 0
      vertex 117.8788395524025 22.86088887602091 26.5
      vertex 117.8788395524025 22.86088887602091 0
    endloop
  endfacet
  facet normal -0.904827051946961 -0.42577929266812825 0
    outer loop
      vertex 118.01258005946875 22.576675832271576 0
      vertex 118.01258005946875 22.576675832271576 26.5
      vertex 117.8788395524025 22.86088887602091 26.5
    endloop
  endfacet
  facet normal -0.8763066861478808 -0.4817536629985493 0
    outer loop
      vertex 118.16390254348516 22.301421247422695 0
      vertex 118.01258005946875 22.576675832271576 26.5
      vertex 118.01258005946875 22.576675832271576 0
    endloop
  endfacet
  facet normal -0.8763066861478808 -0.4817536629985493 0
    outer loop
      vertex 118.16390254348516 22.301421247422695 0
      vertex 118.16390254348516 22.301421247422695 26.5
      vertex 118.01258005946875 22.576675832271576 26.5
    endloop
  endfacet
  facet normal -0.8443279297884889 -0.5358267882245947 0
    outer loop
      vertex 118.332209803164 22.03621143847704 0
      vertex 118.16390254348516 22.301421247422695 26.5
      vertex 118.16390254348516 22.301421247422695 0
    endloop
  endfacet
  facet normal -0.8443279297884889 -0.5358267882245947 0
    outer loop
      vertex 118.332209803164 22.03621143847704 0
      vertex 118.332209803164 22.03621143847704 26.5
      vertex 118.16390254348516 22.301421247422695 26.5
    endloop
  endfacet
  facet normal -0.8090169805271825 -0.5877852713522856 0
    outer loop
      vertex 118.51683761924505 21.782093062996864 0
      vertex 118.332209803164 22.03621143847704 26.5
      vertex 118.332209803164 22.03621143847704 0
    endloop
  endfacet
  facet normal -0.8090169805271825 -0.5877852713522856 0
    outer loop
      vertex 118.51683761924505 21.782093062996864 0
      vertex 118.51683761924505 21.782093062996864 26.5
      vertex 118.332209803164 22.03621143847704 26.5
    endloop
  endfacet
  facet normal -0.7705132510613254 -0.6374239797331968 0
    outer loop
      vertex 118.71705733239651 21.54006899893284 0
      vertex 118.51683761924505 21.782093062996864 26.5
      vertex 118.51683761924505 21.782093062996864 0
    endloop
  endfacet
  facet normal -0.7705132510613254 -0.6374239797331968 0
    outer loop
      vertex 118.71705733239651 21.54006899893284 0
      vertex 118.71705733239651 21.54006899893284 26.5
      vertex 118.51683761924505 21.782093062996864 26.5
    endloop
  endfacet
  facet normal -0.7289686237488162 -0.6845471098396053 0
    outer loop
      vertex 118.93207877129316 21.31109442561865 0
      vertex 118.71705733239651 21.54006899893284 26.5
      vertex 118.71705733239651 21.54006899893284 0
    endloop
  endfacet
  facet normal -0.7289686237488162 -0.6845471098396053 0
    outer loop
      vertex 118.93207877129316 21.31109442561865 0
      vertex 118.93207877129316 21.31109442561865 26.5
      vertex 118.71705733239651 21.54006899893284 26.5
    endloop
  endfacet
  facet normal -0.6845471106076986 -0.7289686230275289 0
    outer loop
      vertex 119.16105335205793 21.096072979271412 0
      vertex 118.93207877129316 21.31109442561865 26.5
      vertex 118.93207877129316 21.31109442561865 0
    endloop
  endfacet
  facet normal -0.6845471106076986 -0.7289686230275289 0
    outer loop
      vertex 119.16105335205793 21.096072979271412 0
      vertex 119.16105335205793 21.096072979271412 26.5
      vertex 118.93207877129316 21.31109442561865 26.5
    endloop
  endfacet
  facet normal -0.6374239913830431 -0.7705132414237346 0
    outer loop
      vertex 119.40307740867138 20.895853266119957 0
      vertex 119.16105335205793 21.096072979271412 26.5
      vertex 119.16105335205793 21.096072979271412 0
    endloop
  endfacet
  facet normal -0.6374239913830431 -0.7705132414237346 0
    outer loop
      vertex 119.40307740867138 20.895853266119957 0
      vertex 119.40307740867138 20.895853266119957 26.5
      vertex 119.16105335205793 21.096072979271412 26.5
    endloop
  endfacet
  facet normal -0.5877852445479993 -0.8090170000016369 0
    outer loop
      vertex 119.65719579160213 20.71122545748949 0
      vertex 119.40307740867138 20.895853266119957 26.5
      vertex 119.40307740867138 20.895853266119957 0
    endloop
  endfacet
  facet normal -0.5877852445479993 -0.8090170000016369 0
    outer loop
      vertex 119.65719579160213 20.71122545748949 0
      vertex 119.65719579160213 20.71122545748949 26.5
      vertex 119.40307740867138 20.895853266119957 26.5
    endloop
  endfacet
  facet normal -0.5358267882245947 -0.8443279297884889 0
    outer loop
      vertex 119.92240560054779 20.54291819781065 0
      vertex 119.65719579160213 20.71122545748949 26.5
      vertex 119.65719579160213 20.71122545748949 0
    endloop
  endfacet
  facet normal -0.5358267882245947 -0.8443279297884889 0
    outer loop
      vertex 119.92240560054779 20.54291819781065 0
      vertex 119.92240560054779 20.54291819781065 26.5
      vertex 119.65719579160213 20.71122545748949 26.5
    endloop
  endfacet
  facet normal -0.48175369122698913 -0.8763066706291643 0
    outer loop
      vertex 120.19766017794609 20.39159570634365 0
      vertex 119.92240560054779 20.54291819781065 26.5
      vertex 119.92240560054779 20.54291819781065 0
    endloop
  endfacet
  facet normal -0.48175369122698913 -0.8763066706291643 0
    outer loop
      vertex 120.19766017794609 20.39159570634365 0
      vertex 120.19766017794609 20.39159570634365 26.5
      vertex 119.92240560054779 20.54291819781065 26.5
    endloop
  endfacet
  facet normal -0.42577929266812825 -0.904827051946961 0
    outer loop
      vertex 120.48187322169542 20.2578551992774 0
      vertex 120.19766017794609 20.39159570634365 26.5
      vertex 120.19766017794609 20.39159570634365 0
    endloop
  endfacet
  facet normal -0.42577929266812825 -0.904827051946961 0
    outer loop
      vertex 120.48187322169542 20.2578551992774 0
      vertex 120.48187322169542 20.2578551992774 26.5
      vertex 120.19766017794609 20.39159570634365 26.5
    endloop
  endfacet
  facet normal -0.3681245486336375 -0.9297764874921717 0
    outer loop
      vertex 120.77392307668924 20.142224483191967 0
      vertex 120.48187322169542 20.2578551992774 26.5
      vertex 120.48187322169542 20.2578551992774 0
    endloop
  endfacet
  facet normal -0.3681245486336375 -0.9297764874921717 0
    outer loop
      vertex 120.77392307668924 20.142224483191967 0
      vertex 120.77392307668924 20.142224483191967 26.5
      vertex 120.48187322169542 20.2578551992774 26.5
    endloop
  endfacet
  facet normal -0.3090169989299193 -0.9510565148151534 0
    outer loop
      vertex 121.07265714555979 20.04515989869833 0
      vertex 120.77392307668924 20.142224483191967 26.5
      vertex 120.77392307668924 20.142224483191967 0
    endloop
  endfacet
  facet normal -0.3090169989299193 -0.9510565148151534 0
    outer loop
      vertex 121.07265714555979 20.04515989869833 0
      vertex 121.07265714555979 20.04515989869833 26.5
      vertex 120.77392307668924 20.142224483191967 26.5
    endloop
  endfacet
  facet normal -0.2486898855963892 -0.9685831615313447 0
    outer loop
      vertex 121.37689647078514 19.96704451739788 0
      vertex 121.07265714555979 20.04515989869833 26.5
      vertex 121.07265714555979 20.04515989869833 0
    endloop
  endfacet
  facet normal -0.2486898855963892 -0.9685831615313447 0
    outer loop
      vertex 121.37689647078514 19.96704451739788 0
      vertex 121.37689647078514 19.96704451739788 26.5
      vertex 121.07265714555979 20.04515989869833 26.5
    endloop
  endfacet
  facet normal -0.1873812974404567 -0.9822872539993233 0
    outer loop
      vertex 121.6854403540492 19.90818662941456 0
      vertex 121.37689647078514 19.96704451739788 26.5
      vertex 121.37689647078514 19.96704451739788 0
    endloop
  endfacet
  facet normal -0.1873812974404567 -0.9822872539993233 0
    outer loop
      vertex 121.6854403540492 19.90818662941456 0
      vertex 121.6854403540492 19.90818662941456 26.5
      vertex 121.37689647078514 19.96704451739788 26.5
    endloop
  endfacet
  facet normal -0.12533324343047925 -0.9921147000680901 0
    outer loop
      vertex 121.99707110971212 19.868818506598473 0
      vertex 121.6854403540492 19.90818662941456 26.5
      vertex 121.6854403540492 19.90818662941456 0
    endloop
  endfacet
  facet normal -0.12533324343047925 -0.9921147000680901 0
    outer loop
      vertex 121.99707110971212 19.868818506598473 0
      vertex 121.99707110971212 19.868818506598473 26.5
      vertex 121.6854403540492 19.90818662941456 26.5
    endloop
  endfacet
  facet normal -0.06279050906174435 -0.9980267290868351 0
    outer loop
      vertex 122.31055888533592 19.849095530807972 0
      vertex 121.99707110971212 19.868818506598473 26.5
      vertex 121.99707110971212 19.868818506598473 0
    endloop
  endfacet
  facet normal -0.06279050906174435 -0.9980267290868351 0
    outer loop
      vertex 122.31055888533592 19.849095530807972 0
      vertex 122.31055888533592 19.849095530807972 26.5
      vertex 121.99707110971212 19.868818506598473 26.5
    endloop
  endfacet
  facet normal -0.015707330409931712 -0.9998766322758991 0
    outer loop
      vertex 122.46761267632246 19.846628330647945 0
      vertex 122.31055888533592 19.849095530807972 26.5
      vertex 122.31055888533592 19.849095530807972 0
    endloop
  endfacet
  facet normal -0.015707330409931712 -0.9998766322758991 0
    outer loop
      vertex 122.46761267632246 19.846628330647945 0
      vertex 122.46761267632246 19.846628330647945 26.5
      vertex 122.31055888533592 19.849095530807972 26.5
    endloop
  endfacet
  facet normal 0 -1 0
    outer loop
      vertex 126.10342305153608 19.846628330647945 0
      vertex 122.46761267632246 19.846628330647945 26.5
      vertex 122.46761267632246 19.846628330647945 0
    endloop
  endfacet
  facet normal 0 -1 0
    outer loop
      vertex 126.10342305153608 19.846628330647945 0
      vertex 126.10342305153608 19.846628330647945 26.5
      vertex 122.46761267632246 19.846628330647945 26.5
    endloop
  endfacet
  facet normal 0.03141075613408825 -0.9995065604582518 0
    outer loop
      vertex 126.41737564653158 19.856494687497616 0
      vertex 126.10342305153608 19.846628330647945 26.5
      vertex 126.10342305153608 19.846628330647945 0
    endloop
  endfacet
  facet normal 0.03141075613408825 -0.9995065604582518 0
    outer loop
      vertex 126.41737564653158 19.856494687497616 0
      vertex 126.41737564653158 19.856494687497616 26.5
      vertex 126.10342305153608 19.846628330647945 26.5
    endloop
  endfacet
  facet normal 0.0941083075692807 -0.9955619651465425 0
    outer loop
      vertex 126.73008921742439 19.886054821312428 0
      vertex 126.41737564653158 19.856494687497616 26.5
      vertex 126.41737564653158 19.856494687497616 0
    endloop
  endfacet
  facet normal 0.0941083075692807 -0.9955619651465425 0
    outer loop
      vertex 126.73008921742439 19.886054821312428 0
      vertex 126.73008921742439 19.886054821312428 26.5
      vertex 126.41737564653158 19.856494687497616 26.5
    endloop
  endfacet
  facet normal 0.15643447526780158 -0.9876883389752498 0
    outer loop
      vertex 127.0403296276927 19.935192078351974 0
      vertex 126.73008921742439 19.886054821312428 26.5
      vertex 126.73008921742439 19.886054821312428 0
    endloop
  endfacet
  facet normal 0.15643447526780158 -0.9876883389752498 0
    outer loop
      vertex 127.0403296276927 19.935192078351974 0
      vertex 127.0403296276927 19.935192078351974 26.5
      vertex 126.73008921742439 19.886054821312428 26.5
    endloop
  endfacet
  facet normal 0.2181432477286431 -0.9759167605233552 0
    outer loop
      vertex 127.3468724861741 20.0037125274539 0
      vertex 127.0403296276927 19.935192078351974 26.5
      vertex 127.0403296276927 19.935192078351974 0
    endloop
  endfacet
  facet normal 0.2181432477286431 -0.9759167605233552 0
    outer loop
      vertex 127.3468724861741 20.0037125274539 0
      vertex 127.3468724861741 20.0037125274539 26.5
      vertex 127.0403296276927 19.935192078351974 26.5
    endloop
  endfacet
  facet normal 0.27899110279347167 -0.9602936866199228 0
    outer loop
      vertex 127.64850801974535 20.091345749795437 0
      vertex 127.3468724861741 20.0037125274539 26.5
      vertex 127.3468724861741 20.0037125274539 0
    endloop
  endfacet
  facet normal 0.27899110279347167 -0.9602936866199228 0
    outer loop
      vertex 127.64850801974535 20.091345749795437 0
      vertex 127.64850801974535 20.091345749795437 26.5
      vertex 127.3468724861741 20.0037125274539 26.5
    endloop
  endfacet
  facet normal 0.3387379266748971 -0.9408807666394249 0
    outer loop
      vertex 127.94404581189156 20.19774590432644 0
      vertex 127.64850801974535 20.091345749795437 26.5
      vertex 127.64850801974535 20.091345749795437 0
    endloop
  endfacet
  facet normal 0.3387379266748971 -0.9408807666394249 0
    outer loop
      vertex 127.94404581189156 20.19774590432644 0
      vertex 127.94404581189156 20.19774590432644 26.5
      vertex 127.64850801974535 20.091345749795437 26.5
    endloop
  endfacet
  facet normal 0.39714787774986055 -0.9177546312597837 0
    outer loop
      vertex 128.23231951147318 20.322493068873882 0
      vertex 127.94404581189156 20.19774590432644 26.5
      vertex 127.94404581189156 20.19774590432644 0
    endloop
  endfacet
  facet normal 0.39714787774986055 -0.9177546312597837 0
    outer loop
      vertex 128.23231951147318 20.322493068873882 0
      vertex 128.23231951147318 20.322493068873882 26.5
      vertex 127.94404581189156 20.19774590432644 26.5
    endloop
  endfacet
  facet normal 0.4539905032608269 -0.8910065223941861 0
    outer loop
      vertex 128.51219142228365 20.465094931423664 0
      vertex 128.23231951147318 20.322493068873882 26.5
      vertex 128.23231951147318 20.322493068873882 0
    endloop
  endfacet
  facet normal 0.4539905032608269 -0.8910065223941861 0
    outer loop
      vertex 128.51219142228365 20.465094931423664 0
      vertex 128.51219142228365 20.465094931423664 26.5
      vertex 128.23231951147318 20.322493068873882 26.5
    endloop
  endfacet
  facet normal 0.5090414191663081 -0.8607420249837642 0
    outer loop
      vertex 128.7825570255518 20.624988704919815 0
      vertex 128.51219142228365 20.465094931423664 26.5
      vertex 128.51219142228365 20.465094931423664 0
    endloop
  endfacet
  facet normal 0.5090414191663081 -0.8607420249837642 0
    outer loop
      vertex 128.7825570255518 20.624988704919815 0
      vertex 128.7825570255518 20.624988704919815 26.5
      vertex 128.51219142228365 20.465094931423664 26.5
    endloop
  endfacet
  facet normal 0.5620833759442991 -0.8270805755711228 0
    outer loop
      vertex 129.04234931617975 20.80154336243868 0
      vertex 128.7825570255518 20.624988704919815 26.5
      vertex 128.7825570255518 20.624988704919815 0
    endloop
  endfacet
  facet normal 0.5620833759442991 -0.8270805755711228 0
    outer loop
      vertex 129.04234931617975 20.80154336243868 0
      vertex 129.04234931617975 20.80154336243868 26.5
      vertex 128.7825570255518 20.624988704919815 26.5
    endloop
  endfacet
  facet normal 0.6129070585896971 -0.7901550085463773 0
    outer loop
      vertex 129.29054299741983 20.99406211823225 0
      vertex 129.04234931617975 20.80154336243868 26.5
      vertex 129.04234931617975 20.80154336243868 0
    endloop
  endfacet
  facet normal 0.6129070585896971 -0.7901550085463773 0
    outer loop
      vertex 129.29054299741983 20.99406211823225 0
      vertex 129.29054299741983 20.99406211823225 26.5
      vertex 129.04234931617975 20.80154336243868 26.5
    endloop
  endfacet
  facet normal 0.6613118591609447 -0.7501110750636169 0
    outer loop
      vertex 129.52615857869387 21.201785191893578 0
      vertex 129.29054299741983 20.99406211823225 26.5
      vertex 129.29054299741983 20.99406211823225 0
    endloop
  endfacet
  facet normal 0.6613118591609447 -0.7501110750636169 0
    outer loop
      vertex 129.52615857869387 21.201785191893578 0
      vertex 129.52615857869387 21.201785191893578 26.5
      vertex 129.29054299741983 20.99406211823225 26.5
    endloop
  endfacet
  facet normal 0.7071067811865476 -0.7071067811865476 0
    outer loop
      vertex 129.74826619029045 21.423892803490162 0
      vertex 129.52615857869387 21.201785191893578 26.5
      vertex 129.52615857869387 21.201785191893578 0
    endloop
  endfacet
  facet normal 0.7071067811865476 -0.7071067811865476 0
    outer loop
      vertex 129.74826619029045 21.423892803490162 0
      vertex 129.74826619029045 21.423892803490162 26.5
      vertex 129.52615857869387 21.201785191893578 26.5
    endloop
  endfacet
  facet normal 0.7501110750636169 -0.6613118591609447 0
    outer loop
      vertex 129.95598926395178 21.659508384764194 0
      vertex 129.74826619029045 21.423892803490162 26.5
      vertex 129.74826619029045 21.423892803490162 0
    endloop
  endfacet
  facet normal 0.7501110750636169 -0.6613118591609447 0
    outer loop
      vertex 129.95598926395178 21.659508384764194 0
      vertex 129.95598926395178 21.659508384764194 26.5
      vertex 129.74826619029045 21.423892803490162 26.5
    endloop
  endfacet
  facet normal 0.7901550085463773 -0.6129070585896971 0
    outer loop
      vertex 130.14850801974535 21.907702066004276 0
      vertex 129.95598926395178 21.659508384764194 26.5
      vertex 129.95598926395178 21.659508384764194 0
    endloop
  endfacet
  facet normal 0.7901550085463773 -0.6129070585896971 0
    outer loop
      vertex 130.14850801974535 21.907702066004276 0
      vertex 130.14850801974535 21.907702066004276 26.5
      vertex 129.95598926395178 21.659508384764194 26.5
    endloop
  endfacet
  facet normal 0.8270805755711228 -0.5620833759442991 0
    outer loop
      vertex 130.3250626772642 22.167494356632233 0
      vertex 130.14850801974535 21.907702066004276 26.5
      vertex 130.14850801974535 21.907702066004276 0
    endloop
  endfacet
  facet normal 0.8270805755711228 -0.5620833759442991 0
    outer loop
      vertex 130.3250626772642 22.167494356632233 0
      vertex 130.3250626772642 22.167494356632233 26.5
      vertex 130.14850801974535 21.907702066004276 26.5
    endloop
  endfacet
  facet normal 0.8607420249837642 -0.5090414191663081 0
    outer loop
      vertex 130.48495645076036 22.43785995990038 0
      vertex 130.3250626772642 22.167494356632233 26.5
      vertex 130.3250626772642 22.167494356632233 0
    endloop
  endfacet
  facet normal 0.8607420249837642 -0.5090414191663081 0
    outer loop
      vertex 130.48495645076036 22.43785995990038 0
      vertex 130.48495645076036 22.43785995990038 26.5
      vertex 130.3250626772642 22.167494356632233 26.5
    endloop
  endfacet
  facet normal 0.8910065223941861 -0.4539905032608269 0
    outer loop
      vertex 130.62755831331015 22.71773187071085 0
      vertex 130.48495645076036 22.43785995990038 26.5
      vertex 130.48495645076036 22.43785995990038 0
    endloop
  endfacet
  facet normal 0.8910065223941861 -0.4539905032608269 0
    outer loop
      vertex 130.62755831331015 22.71773187071085 0
      vertex 130.62755831331015 22.71773187071085 26.5
      vertex 130.48495645076036 22.43785995990038 26.5
    endloop
  endfacet
  facet normal 0.9177546312597837 -0.39714787774986055 0
    outer loop
      vertex 130.7523054778576 23.006005570292473 0
      vertex 130.62755831331015 22.71773187071085 26.5
      vertex 130.62755831331015 22.71773187071085 0
    endloop
  endfacet
  facet normal 0.9177546312597837 -0.39714787774986055 0
    outer loop
      vertex 130.7523054778576 23.006005570292473 0
      vertex 130.7523054778576 23.006005570292473 26.5
      vertex 130.62755831331015 22.71773187071085 26.5
    endloop
  endfacet
  facet normal 0.9408807666394249 -0.3387379266748971 0
    outer loop
      vertex 130.8587056323886 23.30154336243868 0
      vertex 130.7523054778576 23.006005570292473 26.5
      vertex 130.7523054778576 23.006005570292473 0
    endloop
  endfacet
  facet normal 0.9408807666394249 -0.3387379266748971 0
    outer loop
      vertex 130.8587056323886 23.30154336243868 0
      vertex 130.8587056323886 23.30154336243868 26.5
      vertex 130.7523054778576 23.006005570292473 26.5
    endloop
  endfacet
  facet normal 0.9602936866199228 -0.27899110279347167 0
    outer loop
      vertex 130.94633885473013 23.603178896009922 0
      vertex 130.8587056323886 23.30154336243868 26.5
      vertex 130.8587056323886 23.30154336243868 0
    endloop
  endfacet
  facet normal 0.9602936866199228 -0.27899110279347167 0
    outer loop
      vertex 130.94633885473013 23.603178896009922 0
      vertex 130.94633885473013 23.603178896009922 26.5
      vertex 130.8587056323886 23.30154336243868 26.5
    endloop
  endfacet
  facet normal 0.9759167605233552 -0.2181432477286431 0
    outer loop
      vertex 131.01485930383205 23.90972175449133 0
      vertex 130.94633885473013 23.603178896009922 26.5
      vertex 130.94633885473013 23.603178896009922 0
    endloop
  endfacet
  facet normal 0.9759167605233552 -0.2181432477286431 0
    outer loop
      vertex 131.01485930383205 23.90972175449133 0
      vertex 131.01485930383205 23.90972175449133 26.5
      vertex 130.94633885473013 23.603178896009922 26.5
    endloop
  endfacet
  facet normal 0.9876883389752498 -0.15643447526780158 0
    outer loop
      vertex 131.0639965608716 24.219962164759636 0
      vertex 131.01485930383205 23.90972175449133 26.5
      vertex 131.01485930383205 23.90972175449133 0
    endloop
  endfacet
  facet normal 0.9876883389752498 -0.15643447526780158 0
    outer loop
      vertex 131.0639965608716 24.219962164759636 0
      vertex 131.0639965608716 24.219962164759636 26.5
      vertex 131.01485930383205 23.90972175449133 26.5
    endloop
  endfacet
  facet normal 0.9955619651465425 -0.0941083075692807 0
    outer loop
      vertex 131.0935566946864 24.532675735652447 0
      vertex 131.0639965608716 24.219962164759636 26.5
      vertex 131.0639965608716 24.219962164759636 0
    endloop
  endfacet
  facet normal 0.9955619651465425 -0.0941083075692807 0
    outer loop
      vertex 131.0935566946864 24.532675735652447 0
      vertex 131.0935566946864 24.532675735652447 26.5
      vertex 131.0639965608716 24.219962164759636 26.5
    endloop
  endfacet
  facet normal 0.9995065604582518 -0.03141075613408825 0
    outer loop
      vertex 131.10342305153608 24.846628330647945 0
      vertex 131.0935566946864 24.532675735652447 26.5
      vertex 131.0935566946864 24.532675735652447 0
    endloop
  endfacet
  facet normal 0.9995065604582518 -0.03141075613408825 0
    outer loop
      vertex 131.10342305153608 24.846628330647945 0
      vertex 131.10342305153608 24.846628330647945 26.5
      vertex 131.0935566946864 24.532675735652447 26.5
    endloop
  endfacet
  facet normal 0 -1 0
    outer loop
      vertex 131.15958169847727 24.846628330647945 0
      vertex 131.10342305153608 24.846628330647945 26.5
      vertex 131.10342305153608 24.846628330647945 0
    endloop
  endfacet
  facet normal 0 -1 0
    outer loop
      vertex 131.15958169847727 24.846628330647945 0
      vertex 131.15958169847727 24.846628330647945 26.5
      vertex 131.10342305153608 24.846628330647945 26.5
    endloop
  endfacet
  facet normal 0.9876883403027198 0.15643446688648588 0
    outer loop
      vertex 131.13292327523232 25.01494298875332 0
      vertex 131.15958169847727 24.846628330647945 26.5
      vertex 131.15958169847727 24.846628330647945 0
    endloop
  endfacet
  facet normal 0.9876883403027198 0.15643446688648588 0
    outer loop
      vertex 131.13292327523232 25.01494298875332 0
      vertex 131.13292327523232 25.01494298875332 26.5
      vertex 131.15958169847727 24.846628330647945 26.5
    endloop
  endfacet
  facet normal 0.9759167544139232 0.218143275060668 0
    outer loop
      vertex 131.08856450766325 25.213392674922943 0
      vertex 131.13292327523232 25.01494298875332 26.5
      vertex 131.13292327523232 25.01494298875332 0
    endloop
  endfacet
  facet normal 0.9759167544139232 0.218143275060668 0
    outer loop
      vertex 131.08856450766325 25.213392674922943 0
      vertex 131.08856450766325 25.213392674922943 26.5
      vertex 131.13292327523232 25.01494298875332 26.5
    endloop
  endfacet
  facet normal 0.9955619677343515 0.09410828019311598 0
    outer loop
      vertex 131.0639965608716 25.473294496536255 0
      vertex 131.08856450766325 25.213392674922943 26.5
      vertex 131.08856450766325 25.213392674922943 0
    endloop
  endfacet
  facet normal 0.9955619677343515 0.09410828019311598 0
    outer loop
      vertex 131.0639965608716 25.473294496536255 0
      vertex 131.0639965608716 25.473294496536255 26.5
      vertex 131.08856450766325 25.213392674922943 26.5
    endloop
  endfacet
  facet normal 0.9876883389752498 0.15643447526780158 0
    outer loop
      vertex 131.01485930383205 25.78353490680456 0
      vertex 131.0639965608716 25.473294496536255 26.5
      vertex 131.0639965608716 25.473294496536255 0
    endloop
  endfacet
  facet normal 0.9876883389752498 0.15643447526780158 0
    outer loop
      vertex 131.01485930383205 25.78353490680456 0
      vertex 131.01485930383205 25.78353490680456 26.5
      vertex 131.0639965608716 25.473294496536255 26.5
    endloop
  endfacet
  facet normal 0.9792228061785723 0.20278731681188028 0
    outer loop
      vertex 130.98300685733557 25.937344536185265 0
      vertex 131.01485930383205 25.78353490680456 26.5
      vertex 131.01485930383205 25.78353490680456 0
    endloop
  endfacet
  facet normal 0.9792228061785723 0.20278731681188028 0
    outer loop
      vertex 130.98300685733557 25.937344536185265 0
      vertex 130.98300685733557 25.937344536185265 26.5
      vertex 131.01485930383205 25.78353490680456 26.5
    endloop
  endfacet
  facet normal 0.9759167616932828 0.2181432424946878 0
    outer loop
      vertex 129.92032250016928 30.691521033644676 0
      vertex 130.98300685733557 25.937344536185265 26.5
      vertex 130.98300685733557 25.937344536185265 0
    endloop
  endfacet
  facet normal 0.9759167616932828 0.2181432424946878 0
    outer loop
      vertex 129.92032250016928 30.691521033644676 0
      vertex 129.92032250016928 30.691521033644676 26.5
      vertex 130.98300685733557 25.937344536185265 26.5
    endloop
  endfacet
  facet normal 0.9955619717896942 0.0941082372920468 0
    outer loop
      vertex 129.9153303205967 30.74433282017708 0
      vertex 129.92032250016928 30.691521033644676 26.5
      vertex 129.92032250016928 30.691521033644676 0
    endloop
  endfacet
  facet normal 0.9955619717896942 0.0941082372920468 0
    outer loop
      vertex 129.9153303205967 30.74433282017708 0
      vertex 129.9153303205967 30.74433282017708 26.5
      vertex 129.92032250016928 30.691521033644676 26.5
    endloop
  endfacet
  facet normal 0.9995065604582518 0.03141075613408825 0
    outer loop
      vertex 129.90546396374702 31.058285415172577 0
      vertex 129.9153303205967 30.74433282017708 26.5
      vertex 129.9153303205967 30.74433282017708 0
    endloop
  endfacet
  facet normal 0.9995065604582518 0.03141075613408825 0
    outer loop
      vertex 129.90546396374702 31.058285415172577 0
      vertex 129.90546396374702 31.058285415172577 26.5
      vertex 129.9153303205967 30.74433282017708 26.5
    endloop
  endfacet
  facet normal 0.9995065604582518 -0.03141075613408825 0
    outer loop
      vertex 129.9153303205967 31.372238010168076 0
      vertex 129.90546396374702 31.058285415172577 26.5
      vertex 129.90546396374702 31.058285415172577 0
    endloop
  endfacet
  facet normal 0.9995065604582518 -0.03141075613408825 0
    outer loop
      vertex 129.9153303205967 31.372238010168076 0
      vertex 129.9153303205967 31.372238010168076 26.5
      vertex 129.90546396374702 31.058285415172577 26.5
    endloop
  endfacet
  facet normal 0.9955619651465425 -0.0941083075692807 0
    outer loop
      vertex 129.9448904544115 31.684951581060886 0
      vertex 129.9153303205967 31.372238010168076 26.5
      vertex 129.9153303205967 31.372238010168076 0
    endloop
  endfacet
  facet normal 0.9955619651465425 -0.0941083075692807 0
    outer loop
      vertex 129.9448904544115 31.684951581060886 0
      vertex 129.9448904544115 31.684951581060886 26.5
      vertex 129.9153303205967 31.372238010168076 26.5
    endloop
  endfacet
  facet normal 0.9876883389752498 -0.15643447526780158 0
    outer loop
      vertex 129.99402771145105 31.995191991329193 0
      vertex 129.9448904544115 31.684951581060886 26.5
      vertex 129.9448904544115 31.684951581060886 0
    endloop
  endfacet
  facet normal 0.9876883389752498 -0.15643447526780158 0
    outer loop
      vertex 129.99402771145105 31.995191991329193 0
      vertex 129.99402771145105 31.995191991329193 26.5
      vertex 129.9448904544115 31.684951581060886 26.5
    endloop
  endfacet
  facet normal 0.9759167605233552 -0.2181432477286431 0
    outer loop
      vertex 130.06254816055298 32.3017348498106 0
      vertex 129.99402771145105 31.995191991329193 26.5
      vertex 129.99402771145105 31.995191991329193 0
    endloop
  endfacet
  facet normal 0.9759167605233552 -0.2181432477286431 0
    outer loop
      vertex 130.06254816055298 32.3017348498106 0
      vertex 130.06254816055298 32.3017348498106 26.5
      vertex 129.99402771145105 31.995191991329193 26.5
    endloop
  endfacet
  facet normal 0.9602936866199228 -0.27899110279347167 0
    outer loop
      vertex 130.15018138289452 32.603370383381844 0
      vertex 130.06254816055298 32.3017348498106 26.5
      vertex 130.06254816055298 32.3017348498106 0
    endloop
  endfacet
  facet normal 0.9602936866199228 -0.27899110279347167 0
    outer loop
      vertex 130.15018138289452 32.603370383381844 0
      vertex 130.15018138289452 32.603370383381844 26.5
      vertex 130.06254816055298 32.3017348498106 26.5
    endloop
  endfacet
  facet normal 0.9408807666394249 -0.3387379266748971 0
    outer loop
      vertex 130.25658153742552 32.89890817552805 0
      vertex 130.15018138289452 32.603370383381844 26.5
      vertex 130.15018138289452 32.603370383381844 0
    endloop
  endfacet
  facet normal 0.9408807666394249 -0.3387379266748971 0
    outer loop
      vertex 130.25658153742552 32.89890817552805 0
      vertex 130.25658153742552 32.89890817552805 26.5
      vertex 130.15018138289452 32.603370383381844 26.5
    endloop
  endfacet
  facet normal 0.9177546312597837 -0.39714787774986055 0
    outer loop
      vertex 130.38132870197296 33.18718187510967 0
      vertex 130.25658153742552 32.89890817552805 26.5
      vertex 130.25658153742552 32.89890817552805 0
    endloop
  endfacet
  facet normal 0.9177546312597837 -0.39714787774986055 0
    outer loop
      vertex 130.38132870197296 33.18718187510967 0
      vertex 130.38132870197296 33.18718187510967 26.5
      vertex 130.25658153742552 32.89890817552805 26.5
    endloop
  endfacet
  facet normal 0.8910065223941861 -0.4539905032608269 0
    outer loop
      vertex 130.52393056452274 33.46705378592014 0
      vertex 130.38132870197296 33.18718187510967 26.5
      vertex 130.38132870197296 33.18718187510967 0
    endloop
  endfacet
  facet normal 0.8910065223941861 -0.4539905032608269 0
    outer loop
      vertex 130.52393056452274 33.46705378592014 0
      vertex 130.52393056452274 33.46705378592014 26.5
      vertex 130.38132870197296 33.18718187510967 26.5
    endloop
  endfacet
  facet normal 0.8607420249837642 -0.5090414191663081 0
    outer loop
      vertex 130.6838243380189 33.73741938918829 0
      vertex 130.52393056452274 33.46705378592014 26.5
      vertex 130.52393056452274 33.46705378592014 0
    endloop
  endfacet
  facet normal 0.8607420249837642 -0.5090414191663081 0
    outer loop
      vertex 130.6838243380189 33.73741938918829 0
      vertex 130.6838243380189 33.73741938918829 26.5
      vertex 130.52393056452274 33.46705378592014 26.5
    endloop
  endfacet
  facet normal 0.8270805755711228 -0.5620833759442991 0
    outer loop
      vertex 130.86037899553776 33.997211679816246 0
      vertex 130.6838243380189 33.73741938918829 26.5
      vertex 130.6838243380189 33.73741938918829 0
    endloop
  endfacet
  facet normal 0.8270805755711228 -0.5620833759442991 0
    outer loop
      vertex 130.86037899553776 33.997211679816246 0
      vertex 130.86037899553776 33.997211679816246 26.5
      vertex 130.6838243380189 33.73741938918829 26.5
    endloop
  endfacet
  facet normal 0.7901550085463773 -0.6129070585896971 0
    outer loop
      vertex 131.05289775133133 34.24540536105633 0
      vertex 130.86037899553776 33.997211679816246 26.5
      vertex 130.86037899553776 33.997211679816246 0
    endloop
  endfacet
  facet normal 0.7901550085463773 -0.6129070585896971 0
    outer loop
      vertex 131.05289775133133 34.24540536105633 0
      vertex 131.05289775133133 34.24540536105633 26.5
      vertex 130.86037899553776 33.997211679816246 26.5
    endloop
  endfacet
  facet normal 0.7501110750636169 -0.6613118591609447 0
    outer loop
      vertex 131.26062082499266 34.48102094233036 0
      vertex 131.05289775133133 34.24540536105633 26.5
      vertex 131.05289775133133 34.24540536105633 0
    endloop
  endfacet
  facet normal 0.7501110750636169 -0.6613118591609447 0
    outer loop
      vertex 131.26062082499266 34.48102094233036 0
      vertex 131.26062082499266 34.48102094233036 26.5
      vertex 131.05289775133133 34.24540536105633 26.5
    endloop
  endfacet
  facet normal 0.7071067811865476 -0.7071067811865476 0
    outer loop
      vertex 131.48272843658924 34.703128553926945 0
      vertex 131.26062082499266 34.48102094233036 26.5
      vertex 131.26062082499266 34.48102094233036 0
    endloop
  endfacet
  facet normal 0.7071067811865476 -0.7071067811865476 0
    outer loop
      vertex 131.48272843658924 34.703128553926945 0
      vertex 131.48272843658924 34.703128553926945 26.5
      vertex 131.26062082499266 34.48102094233036 26.5
    endloop
  endfacet
  facet normal 0.6613118591609447 -0.7501110750636169 0
    outer loop
      vertex 131.71834401786327 34.91085162758827 0
      vertex 131.48272843658924 34.703128553926945 26.5
      vertex 131.48272843658924 34.703128553926945 0
    endloop
  endfacet
  facet normal 0.6613118591609447 -0.7501110750636169 0
    outer loop
      vertex 131.71834401786327 34.91085162758827 0
      vertex 131.71834401786327 34.91085162758827 26.5
      vertex 131.48272843658924 34.703128553926945 26.5
    endloop
  endfacet
  facet normal 0.6129070585896971 -0.7901550085463773 0
    outer loop
      vertex 131.96653769910336 35.103370383381844 0
      vertex 131.71834401786327 34.91085162758827 26.5
      vertex 131.71834401786327 34.91085162758827 0
    endloop
  endfacet
  facet normal 0.6129070585896971 -0.7901550085463773 0
    outer loop
      vertex 131.96653769910336 35.103370383381844 0
      vertex 131.96653769910336 35.103370383381844 26.5
      vertex 131.71834401786327 34.91085162758827 26.5
    endloop
  endfacet
  facet normal 0.5620833759442991 -0.8270805755711228 0
    outer loop
      vertex 132.2263299897313 35.27992504090071 0
      vertex 131.96653769910336 35.103370383381844 26.5
      vertex 131.96653769910336 35.103370383381844 0
    endloop
  endfacet
  facet normal 0.5620833759442991 -0.8270805755711228 0
    outer loop
      vertex 132.2263299897313 35.27992504090071 0
      vertex 132.2263299897313 35.27992504090071 26.5
      vertex 131.96653769910336 35.103370383381844 26.5
    endloop
  endfacet
  facet normal 0.5090414191663081 -0.8607420249837642 0
    outer loop
      vertex 132.49669559299946 35.43981881439686 0
      vertex 132.2263299897313 35.27992504090071 26.5
      vertex 132.2263299897313 35.27992504090071 0
    endloop
  endfacet
  facet normal 0.5090414191663081 -0.8607420249837642 0
    outer loop
      vertex 132.49669559299946 35.43981881439686 0
      vertex 132.49669559299946 35.43981881439686 26.5
      vertex 132.2263299897313 35.27992504090071 26.5
    endloop
  endfacet
  facet normal 0.4539905032608269 -0.8910065223941861 0
    outer loop
      vertex 132.77656750380993 35.58242067694664 0
      vertex 132.49669559299946 35.43981881439686 26.5
      vertex 132.49669559299946 35.43981881439686 0
    endloop
  endfacet
  facet normal 0.4539905032608269 -0.8910065223941861 0
    outer loop
      vertex 132.77656750380993 35.58242067694664 0
      vertex 132.77656750380993 35.58242067694664 26.5
      vertex 132.49669559299946 35.43981881439686 26.5
    endloop
  endfacet
  facet normal 0.39714787774986055 -0.9177546312597837 0
    outer loop
      vertex 133.06484120339155 35.70716784149408 0
      vertex 132.77656750380993 35.58242067694664 26.5
      vertex 132.77656750380993 35.58242067694664 0
    endloop
  endfacet
  facet normal 0.39714787774986055 -0.9177546312597837 0
    outer loop
      vertex 133.06484120339155 35.70716784149408 0
      vertex 133.06484120339155 35.70716784149408 26.5
      vertex 132.77656750380993 35.58242067694664 26.5
    endloop
  endfacet
  facet normal 0.3387379266748971 -0.9408807666394249 0
    outer loop
      vertex 133.36037899553776 35.813567996025085 0
      vertex 133.06484120339155 35.70716784149408 26.5
      vertex 133.06484120339155 35.70716784149408 0
    endloop
  endfacet
  facet normal 0.3387379266748971 -0.9408807666394249 0
    outer loop
      vertex 133.36037899553776 35.813567996025085 0
      vertex 133.36037899553776 35.813567996025085 26.5
      vertex 133.06484120339155 35.70716784149408 26.5
    endloop
  endfacet
  facet normal 0.27899110279347167 -0.9602936866199228 0
    outer loop
      vertex 133.662014529109 35.90120121836662 0
      vertex 133.36037899553776 35.813567996025085 26.5
      vertex 133.36037899553776 35.813567996025085 0
    endloop
  endfacet
  facet normal 0.27899110279347167 -0.9602936866199228 0
    outer loop
      vertex 133.662014529109 35.90120121836662 0
      vertex 133.662014529109 35.90120121836662 26.5
      vertex 133.36037899553776 35.813567996025085 26.5
    endloop
  endfacet
  facet normal 0.2181432477286431 -0.9759167605233552 0
    outer loop
      vertex 133.9685573875904 35.96972166746855 0
      vertex 133.662014529109 35.90120121836662 26.5
      vertex 133.662014529109 35.90120121836662 0
    endloop
  endfacet
  facet normal 0.2181432477286431 -0.9759167605233552 0
    outer loop
      vertex 133.9685573875904 35.96972166746855 0
      vertex 133.9685573875904 35.96972166746855 26.5
      vertex 133.662014529109 35.90120121836662 26.5
    endloop
  endfacet
  facet normal 0.15643447526780158 -0.9876883389752498 0
    outer loop
      vertex 134.27879779785872 36.018858924508095 0
      vertex 133.9685573875904 35.96972166746855 26.5
      vertex 133.9685573875904 35.96972166746855 0
    endloop
  endfacet
  facet normal 0.15643447526780158 -0.9876883389752498 0
    outer loop
      vertex 134.27879779785872 36.018858924508095 0
      vertex 134.27879779785872 36.018858924508095 26.5
      vertex 133.9685573875904 35.96972166746855 26.5
    endloop
  endfacet
  facet normal 0.0941083075692807 -0.9955619651465425 0
    outer loop
      vertex 134.59151136875153 36.04841905832291 0
      vertex 134.27879779785872 36.018858924508095 26.5
      vertex 134.27879779785872 36.018858924508095 0
    endloop
  endfacet
  facet normal 0.0941083075692807 -0.9955619651465425 0
    outer loop
      vertex 134.59151136875153 36.04841905832291 0
      vertex 134.59151136875153 36.04841905832291 26.5
      vertex 134.27879779785872 36.018858924508095 26.5
    endloop
  endfacet
  facet normal 0.03141075613408825 -0.9995065604582518 0
    outer loop
      vertex 134.90546396374702 36.05828541517258 0
      vertex 134.59151136875153 36.04841905832291 26.5
      vertex 134.59151136875153 36.04841905832291 0
    endloop
  endfacet
  facet normal 0.03141075613408825 -0.9995065604582518 0
    outer loop
      vertex 134.90546396374702 36.05828541517258 0
      vertex 134.90546396374702 36.05828541517258 26.5
      vertex 134.59151136875153 36.04841905832291 26.5
    endloop
  endfacet
  facet normal 0 -1 0
    outer loop
      vertex 145.14718333631754 36.05828541517258 0
      vertex 134.90546396374702 36.05828541517258 26.5
      vertex 134.90546396374702 36.05828541517258 0
    endloop
  endfacet
  facet normal 0 -1 0
    outer loop
      vertex 145.14718333631754 36.05828541517258 0
      vertex 145.14718333631754 36.05828541517258 26.5
      vertex 134.90546396374702 36.05828541517258 26.5
    endloop
  endfacet
  facet normal -0.01570732966496496 -0.9998766322876018 0
    outer loop
      vertex 145.30423713475466 36.05581821501255 0
      vertex 145.14718333631754 36.05828541517258 26.5
      vertex 145.14718333631754 36.05828541517258 0
    endloop
  endfacet
  facet normal -0.01570732966496496 -0.9998766322876018 0
    outer loop
      vertex 145.30423713475466 36.05581821501255 0
      vertex 145.30423713475466 36.05581821501255 26.5
      vertex 145.14718333631754 36.05828541517258 26.5
    endloop
  endfacet
  facet normal -0.06279050906174435 -0.9980267290868351 0
    outer loop
      vertex 145.61772491037846 36.03609523922205 0
      vertex 145.30423713475466 36.05581821501255 26.5
      vertex 145.30423713475466 36.05581821501255 0
    endloop
  endfacet
  facet normal -0.06279050906174435 -0.9980267290868351 0
    outer loop
      vertex 145.61772491037846 36.03609523922205 0
      vertex 145.61772491037846 36.03609523922205 26.5
      vertex 145.30423713475466 36.05581821501255 26.5
    endloop
  endfacet
  facet normal -0.12533324343047925 -0.9921147000680901 0
    outer loop
      vertex 145.92935566604137 35.996727116405964 0
      vertex 145.61772491037846 36.03609523922205 26.5
      vertex 145.61772491037846 36.03609523922205 0
    endloop
  endfacet
  facet normal -0.12533324343047925 -0.9921147000680901 0
    outer loop
      vertex 145.92935566604137 35.996727116405964 0
      vertex 145.92935566604137 35.996727116405964 26.5
      vertex 145.61772491037846 36.03609523922205 26.5
    endloop
  endfacet
  facet normal -0.18738132032744775 -0.9822872496333964 0
    outer loop
      vertex 146.23789954930544 35.93786922097206 0
      vertex 145.92935566604137 35.996727116405964 26.5
      vertex 145.92935566604137 35.996727116405964 0
    endloop
  endfacet
  facet normal -0.18738132032744775 -0.9822872496333964 0
    outer loop
      vertex 146.23789954930544 35.93786922097206 0
      vertex 146.23789954930544 35.93786922097206 26.5
      vertex 145.92935566604137 35.996727116405964 26.5
    endloop
  endfacet
  facet normal -0.2486898913099483 -0.9685831600643519 0
    outer loop
      vertex 146.5421388670802 35.85975383967161 0
      vertex 146.23789954930544 35.93786922097206 26.5
      vertex 146.23789954930544 35.93786922097206 0
    endloop
  endfacet
  facet normal -0.2486898913099483 -0.9685831600643519 0
    outer loop
      vertex 146.5421388670802 35.85975383967161 0
      vertex 146.5421388670802 35.85975383967161 26.5
      vertex 146.23789954930544 35.93786922097206 26.5
    endloop
  endfacet
  facet normal -0.30901699195883436 -0.9510565170801962 0
    outer loop
      vertex 146.84087294340134 35.762689255177975 0
      vertex 146.5421388670802 35.85975383967161 26.5
      vertex 146.5421388670802 35.85975383967161 0
    endloop
  endfacet
  facet normal -0.30901699195883436 -0.9510565170801962 0
    outer loop
      vertex 146.84087294340134 35.762689255177975 0
      vertex 146.84087294340134 35.762689255177975 26.5
      vertex 146.5421388670802 35.85975383967161 26.5
    endloop
  endfacet
  facet normal -0.36812455675231015 -0.9297764842777619 0
    outer loop
      vertex 147.13292279094458 35.64705853909254 0
      vertex 146.84087294340134 35.762689255177975 26.5
      vertex 146.84087294340134 35.762689255177975 0
    endloop
  endfacet
  facet normal -0.36812455675231015 -0.9297764842777619 0
    outer loop
      vertex 147.13292279094458 35.64705853909254 0
      vertex 147.13292279094458 35.64705853909254 26.5
      vertex 146.84087294340134 35.762689255177975 26.5
    endloop
  endfacet
  facet normal -0.4257792835299044 -0.9048270562470827 0
    outer loop
      vertex 147.4171358421445 35.51331803202629 0
      vertex 147.13292279094458 35.64705853909254 26.5
      vertex 147.13292279094458 35.64705853909254 0
    endloop
  endfacet
  facet normal -0.4257792835299044 -0.9048270562470827 0
    outer loop
      vertex 147.4171358421445 35.51331803202629 0
      vertex 147.4171358421445 35.51331803202629 26.5
      vertex 147.13292279094458 35.64705853909254 26.5
    endloop
  endfacet
  facet normal -0.4817536730122092 -0.8763066806428246 0
    outer loop
      vertex 147.6923904195428 35.36199554800987 0
      vertex 147.4171358421445 35.51331803202629 26.5
      vertex 147.4171358421445 35.51331803202629 0
    endloop
  endfacet
  facet normal -0.4817536730122092 -0.8763066806428246 0
    outer loop
      vertex 147.6923904195428 35.36199554800987 0
      vertex 147.6923904195428 35.36199554800987 26.5
      vertex 147.4171358421445 35.51331803202629 26.5
    endloop
  endfacet
  facet normal -0.5358268051342203 -0.8443279190573141 0
    outer loop
      vertex 147.95760022848845 35.19368828088045 0
      vertex 147.6923904195428 35.36199554800987 26.5
      vertex 147.6923904195428 35.36199554800987 0
    endloop
  endfacet
  facet normal -0.5358268051342203 -0.8443279190573141 0
    outer loop
      vertex 147.95760022848845 35.19368828088045 0
      vertex 147.95760022848845 35.19368828088045 26.5
      vertex 147.6923904195428 35.36199554800987 26.5
    endloop
  endfacet
  facet normal -0.5877852445479993 -0.8090170000016369 0
    outer loop
      vertex 148.2117186114192 35.009060472249985 0
      vertex 147.95760022848845 35.19368828088045 26.5
      vertex 147.95760022848845 35.19368828088045 0
    endloop
  endfacet
  facet normal -0.5877852445479993 -0.8090170000016369 0
    outer loop
      vertex 148.2117186114192 35.009060472249985 0
      vertex 148.2117186114192 35.009060472249985 26.5
      vertex 147.95760022848845 35.19368828088045 26.5
    endloop
  endfacet
  facet normal -0.6374239913830431 -0.7705132414237346 0
    outer loop
      vertex 148.45374266803265 34.80884075909853 0
      vertex 148.2117186114192 35.009060472249985 26.5
      vertex 148.2117186114192 35.009060472249985 0
    endloop
  endfacet
  facet normal -0.6374239913830431 -0.7705132414237346 0
    outer loop
      vertex 148.45374266803265 34.80884075909853 0
      vertex 148.45374266803265 34.80884075909853 26.5
      vertex 148.2117186114192 35.009060472249985 26.5
    endloop
  endfacet
  facet normal -0.68454709800309 -0.728968634864044 0
    outer loop
      vertex 148.68271724879742 34.593819320201874 0
      vertex 148.45374266803265 34.80884075909853 26.5
      vertex 148.45374266803265 34.80884075909853 0
    endloop
  endfacet
  facet normal -0.68454709800309 -0.728968634864044 0
    outer loop
      vertex 148.68271724879742 34.593819320201874 0
      vertex 148.68271724879742 34.593819320201874 26.5
      vertex 148.45374266803265 34.80884075909853 26.5
    endloop
  endfacet
  facet normal -0.728968634864044 -0.68454709800309 0
    outer loop
      vertex 148.89773868769407 34.3648447394371 0
      vertex 148.68271724879742 34.593819320201874 26.5
      vertex 148.68271724879742 34.593819320201874 0
    endloop
  endfacet
  facet normal -0.728968634864044 -0.68454709800309 0
    outer loop
      vertex 148.89773868769407 34.3648447394371 0
      vertex 148.89773868769407 34.3648447394371 26.5
      vertex 148.68271724879742 34.593819320201874 26.5
    endloop
  endfacet
  facet normal -0.7705132414237346 -0.6374239913830431 0
    outer loop
      vertex 149.09795840084553 34.12282068282366 0
      vertex 148.89773868769407 34.3648447394371 26.5
      vertex 148.89773868769407 34.3648447394371 0
    endloop
  endfacet
  facet normal -0.7705132414237346 -0.6374239913830431 0
    outer loop
      vertex 149.09795840084553 34.12282068282366 0
      vertex 149.09795840084553 34.12282068282366 26.5
      vertex 148.89773868769407 34.3648447394371 26.5
    endloop
  endfacet
  facet normal -0.8090170000016369 -0.5877852445479993 0
    outer loop
      vertex 149.282586209476 33.8687022998929 0
      vertex 149.09795840084553 34.12282068282366 26.5
      vertex 149.09795840084553 34.12282068282366 0
    endloop
  endfacet
  facet normal -0.8090170000016369 -0.5877852445479993 0
    outer loop
      vertex 149.282586209476 33.8687022998929 0
      vertex 149.282586209476 33.8687022998929 26.5
      vertex 149.09795840084553 34.12282068282366 26.5
    endloop
  endfacet
  facet normal -0.8443279190573141 -0.5358268051342203 0
    outer loop
      vertex 149.45089347660542 33.60349249094725 0
      vertex 149.282586209476 33.8687022998929 26.5
      vertex 149.282586209476 33.8687022998929 0
    endloop
  endfacet
  facet normal -0.8443279190573141 -0.5358268051342203 0
    outer loop
      vertex 149.45089347660542 33.60349249094725 0
      vertex 149.45089347660542 33.60349249094725 26.5
      vertex 149.282586209476 33.8687022998929 26.5
    endloop
  endfacet
  facet normal -0.8763066806428246 -0.4817536730122092 0
    outer loop
      vertex 149.60221596062183 33.328237913548946 0
      vertex 149.45089347660542 33.60349249094725 26.5
      vertex 149.45089347660542 33.60349249094725 0
    endloop
  endfacet
  facet normal -0.8763066806428246 -0.4817536730122092 0
    outer loop
      vertex 149.60221596062183 33.328237913548946 0
      vertex 149.60221596062183 33.328237913548946 26.5
      vertex 149.45089347660542 33.60349249094725 26.5
    endloop
  endfacet
  facet normal -0.9048270562470827 -0.4257792835299044 0
    outer loop
      vertex 149.73595646768808 33.04402486234903 0
      vertex 149.60221596062183 33.328237913548946 26.5
      vertex 149.60221596062183 33.328237913548946 0
    endloop
  endfacet
  facet normal -0.9048270562470827 -0.4257792835299044 0
    outer loop
      vertex 149.73595646768808 33.04402486234903 0
      vertex 149.73595646768808 33.04402486234903 26.5
      vertex 149.60221596062183 33.328237913548946 26.5
    endloop
  endfacet
  facet normal -0.9297764842777619 -0.36812455675231015 0
    outer loop
      vertex 149.85158718377352 32.751975014805794 0
      vertex 149.73595646768808 33.04402486234903 26.5
      vertex 149.73595646768808 33.04402486234903 0
    endloop
  endfacet
  facet normal -0.9297764842777619 -0.36812455675231015 0
    outer loop
      vertex 149.85158718377352 32.751975014805794 0
      vertex 149.85158718377352 32.751975014805794 26.5
      vertex 149.73595646768808 33.04402486234903 26.5
    endloop
  endfacet
  facet normal -0.9510565170801962 -0.30901699195883436 0
    outer loop
      vertex 149.94865176826715 32.45324093848467 0
      vertex 149.85158718377352 32.751975014805794 26.5
      vertex 149.85158718377352 32.751975014805794 0
    endloop
  endfacet
  facet normal -0.9510565170801962 -0.30901699195883436 0
    outer loop
      vertex 149.94865176826715 32.45324093848467 0
      vertex 149.94865176826715 32.45324093848467 26.5
      vertex 149.85158718377352 32.751975014805794 26.5
    endloop
  endfacet
  facet normal -0.9685831600643519 -0.2486898913099483 0
    outer loop
      vertex 150.0267671495676 32.149001620709896 0
      vertex 149.94865176826715 32.45324093848467 26.5
      vertex 149.94865176826715 32.45324093848467 0
    endloop
  endfacet
  facet normal -0.9685831600643519 -0.2486898913099483 0
    outer loop
      vertex 150.0267671495676 32.149001620709896 0
      vertex 150.0267671495676 32.149001620709896 26.5
      vertex 149.94865176826715 32.45324093848467 26.5
    endloop
  endfacet
  facet normal -0.9759167621223203 -0.21814324057528464 0
    outer loop
      vertex 150.7492405474186 28.91684142500162 0
      vertex 150.0267671495676 32.149001620709896 26.5
      vertex 150.0267671495676 32.149001620709896 0
    endloop
  endfacet
  facet normal -0.9759167621223203 -0.21814324057528464 0
    outer loop
      vertex 150.7492405474186 28.91684142500162 0
      vertex 150.7492405474186 28.91684142500162 26.5
      vertex 150.0267671495676 32.149001620709896 26.5
    endloop
  endfacet
  facet normal -0.9822872539993233 -0.1873812974404567 0
    outer loop
      vertex 150.80809843540192 28.608297541737556 0
      vertex 150.7492405474186 28.91684142500162 26.5
      vertex 150.7492405474186 28.91684142500162 0
    endloop
  endfacet
  facet normal -0.9822872539993233 -0.1873812974404567 0
    outer loop
      vertex 150.80809843540192 28.608297541737556 0
      vertex 150.80809843540192 28.608297541737556 26.5
      vertex 150.7492405474186 28.91684142500162 26.5
    endloop
  endfacet
  facet normal -0.9876883406431534 -0.1564344647370721 0
    outer loop
      vertex 152.26747484505177 19.394157506525517 0
      vertex 150.80809843540192 28.608297541737556 26.5
      vertex 150.80809843540192 28.608297541737556 0
    endloop
  endfacet
  facet normal -0.9876883406431534 -0.1564344647370721 0
    outer loop
      vertex 152.26747484505177 19.394157506525517 0
      vertex 152.26747484505177 19.394157506525517 26.5
      vertex 150.80809843540192 28.608297541737556 26.5
    endloop
  endfacet
  facet normal -0.9921147000680901 -0.12533324343047925 0
    outer loop
      vertex 152.30684296786785 19.0825267508626 0
      vertex 152.26747484505177 19.394157506525517 26.5
      vertex 152.26747484505177 19.394157506525517 0
    endloop
  endfacet
  facet normal -0.9921147000680901 -0.12533324343047925 0
    outer loop
      vertex 152.30684296786785 19.0825267508626 0
      vertex 152.30684296786785 19.0825267508626 26.5
      vertex 152.26747484505177 19.394157506525517 26.5
    endloop
  endfacet
  facet normal -0.9955619645901137 -0.09410831345568209 0
    outer loop
      vertex 153.18477899581194 9.794933713972569 0
      vertex 152.30684296786785 19.0825267508626 26.5
      vertex 152.30684296786785 19.0825267508626 0
    endloop
  endfacet
  facet normal -0.9955619645901137 -0.09410831345568209 0
    outer loop
      vertex 153.18477899581194 9.794933713972569 0
      vertex 153.18477899581194 9.794933713972569 26.5
      vertex 152.30684296786785 19.0825267508626 26.5
    endloop
  endfacet
  facet normal -0.9980267289933162 -0.062790510548186 0
    outer loop
      vertex 153.20450197160244 9.48144594579935 0
      vertex 153.18477899581194 9.794933713972569 26.5
      vertex 153.18477899581194 9.794933713972569 0
    endloop
  endfacet
  facet normal -0.9980267289933162 -0.062790510548186 0
    outer loop
      vertex 153.20450197160244 9.48144594579935 0
      vertex 153.20450197160244 9.48144594579935 26.5
      vertex 153.18477899581194 9.794933713972569 26.5
    endloop
  endfacet
  facet normal -0.9995065603659941 -0.03141075906977484 0
    outer loop
      vertex 153.49753279983997 0.15705379843711853 0
      vertex 153.20450197160244 9.48144594579935 26.5
      vertex 153.20450197160244 9.48144594579935 0
    endloop
  endfacet
  facet normal -0.9995065603659941 -0.03141075906977484 0
    outer loop
      vertex 153.49753279983997 0.15705379843711853 0
      vertex 153.49753279983997 0.15705379843711853 26.5
      vertex 153.20450197160244 9.48144594579935 26.5
    endloop
  endfacet
  facet normal -1 0 0
    outer loop
      vertex 153.49753279983997 -0.15705379843711853 0
      vertex 153.49753279983997 0.15705379843711853 26.5
      vertex 153.49753279983997 0.15705379843711853 0
    endloop
  endfacet
  facet normal -1 0 0
    outer loop
      vertex 153.49753279983997 -0.15705379843711853 0
      vertex 153.49753279983997 -0.15705379843711853 26.5
      vertex 153.49753279983997 0.15705379843711853 26.5
    endloop
  endfacet
  facet normal -0.9995065603659941 0.03141075906977484 0
    outer loop
      vertex 153.20450197160244 -9.48144594579935 0
      vertex 153.49753279983997 -0.15705379843711853 26.5
      vertex 153.49753279983997 -0.15705379843711853 0
    endloop
  endfacet
  facet normal -0.9995065603659941 0.03141075906977484 0
    outer loop
      vertex 153.20450197160244 -9.48144594579935 0
      vertex 153.20450197160244 -9.48144594579935 26.5
      vertex 153.49753279983997 -0.15705379843711853 26.5
    endloop
  endfacet
  facet normal -0.9980267289933162 0.062790510548186 0
    outer loop
      vertex 153.18477899581194 -9.794933713972569 0
      vertex 153.20450197160244 -9.48144594579935 26.5
      vertex 153.20450197160244 -9.48144594579935 0
    endloop
  endfacet
  facet normal -0.9980267289933162 0.062790510548186 0
    outer loop
      vertex 153.18477899581194 -9.794933713972569 0
      vertex 153.18477899581194 -9.794933713972569 26.5
      vertex 153.20450197160244 -9.48144594579935 26.5
    endloop
  endfacet
  facet normal -0.9955619645901137 0.09410831345568209 0
    outer loop
      vertex 152.30684296786785 -19.0825267508626 0
      vertex 153.18477899581194 -9.794933713972569 26.5
      vertex 153.18477899581194 -9.794933713972569 0
    endloop
  endfacet
  facet normal -0.9955619645901137 0.09410831345568209 0
    outer loop
      vertex 152.30684296786785 -19.0825267508626 0
      vertex 152.30684296786785 -19.0825267508626 26.5
      vertex 153.18477899581194 -9.794933713972569 26.5
    endloop
  endfacet
  facet normal -0.9921147000680901 0.12533324343047925 0
    outer loop
      vertex 152.26747484505177 -19.394157506525517 0
      vertex 152.30684296786785 -19.0825267508626 26.5
      vertex 152.30684296786785 -19.0825267508626 0
    endloop
  endfacet
  facet normal -0.9921147000680901 0.12533324343047925 0
    outer loop
      vertex 152.26747484505177 -19.394157506525517 0
      vertex 152.26747484505177 -19.394157506525517 26.5
      vertex 152.30684296786785 -19.0825267508626 26.5
    endloop
  endfacet
  facet normal -0.9876883406431534 0.1564344647370721 0
    outer loop
      vertex 150.80809843540192 -28.608297541737556 0
      vertex 152.26747484505177 -19.394157506525517 26.5
      vertex 152.26747484505177 -19.394157506525517 0
    endloop
  endfacet
  facet normal -0.9876883406431534 0.1564344647370721 0
    outer loop
      vertex 150.80809843540192 -28.608297541737556 0
      vertex 150.80809843540192 -28.608297541737556 26.5
      vertex 152.26747484505177 -19.394157506525517 26.5
    endloop
  endfacet
  facet normal -0.9822872539993233 0.1873812974404567 0
    outer loop
      vertex 150.7492405474186 -28.91684142500162 0
      vertex 150.80809843540192 -28.608297541737556 26.5
      vertex 150.80809843540192 -28.608297541737556 0
    endloop
  endfacet
  facet normal -0.9822872539993233 0.1873812974404567 0
    outer loop
      vertex 150.7492405474186 -28.91684142500162 0
      vertex 150.7492405474186 -28.91684142500162 26.5
      vertex 150.80809843540192 -28.608297541737556 26.5
    endloop
  endfacet
  facet normal -0.9759167621223203 0.21814324057528464 0
    outer loop
      vertex 150.0267671495676 -32.149001620709896 0
      vertex 150.7492405474186 -28.91684142500162 26.5
      vertex 150.7492405474186 -28.91684142500162 0
    endloop
  endfacet
  facet normal -0.9759167621223203 0.21814324057528464 0
    outer loop
      vertex 150.0267671495676 -32.149001620709896 0
      vertex 150.0267671495676 -32.149001620709896 26.5
      vertex 150.7492405474186 -28.91684142500162 26.5
    endloop
  endfacet
  facet normal -0.9723699118087917 0.233445399631183 0
    outer loop
      vertex 149.99009913951159 -32.3017348498106 0
      vertex 150.0267671495676 -32.149001620709896 26.5
      vertex 150.0267671495676 -32.149001620709896 0
    endloop
  endfacet
  facet normal -0.9723699118087917 0.233445399631183 0
    outer loop
      vertex 149.99009913951159 -32.3017348498106 0
      vertex 149.99009913951159 -32.3017348498106 26.5
      vertex 150.0267671495676 -32.149001620709896 26.5
    endloop
  endfacet
  facet normal -0.9602936866199228 0.27899110279347167 0
    outer loop
      vertex 149.90246591717005 -32.603370383381844 0
      vertex 149.99009913951159 -32.3017348498106 26.5
      vertex 149.99009913951159 -32.3017348498106 0
    endloop
  endfacet
  facet normal -0.9602936866199228 0.27899110279347167 0
    outer loop
      vertex 149.90246591717005 -32.603370383381844 0
      vertex 149.90246591717005 -32.603370383381844 26.5
      vertex 149.99009913951159 -32.3017348498106 26.5
    endloop
  endfacet
  facet normal -0.9408807666394249 0.3387379266748971 0
    outer loop
      vertex 149.79606576263905 -32.89890817552805 0
      vertex 149.90246591717005 -32.603370383381844 26.5
      vertex 149.90246591717005 -32.603370383381844 0
    endloop
  endfacet
  facet normal -0.9408807666394249 0.3387379266748971 0
    outer loop
      vertex 149.79606576263905 -32.89890817552805 0
      vertex 149.79606576263905 -32.89890817552805 26.5
      vertex 149.90246591717005 -32.603370383381844 26.5
    endloop
  endfacet
  facet normal -0.9177546312597837 0.39714787774986055 0
    outer loop
      vertex 149.6713185980916 -33.18718187510967 0
      vertex 149.79606576263905 -32.89890817552805 26.5
      vertex 149.79606576263905 -32.89890817552805 0
    endloop
  endfacet
  facet normal -0.9177546312597837 0.39714787774986055 0
    outer loop
      vertex 149.6713185980916 -33.18718187510967 0
      vertex 149.6713185980916 -33.18718187510967 26.5
      vertex 149.79606576263905 -32.89890817552805 26.5
    endloop
  endfacet
  facet normal -0.8910065223941861 0.4539905032608269 0
    outer loop
      vertex 149.52871673554182 -33.46705378592014 0
      vertex 149.6713185980916 -33.18718187510967 26.5
      vertex 149.6713185980916 -33.18718187510967 0
    endloop
  endfacet
  facet normal -0.8910065223941861 0.4539905032608269 0
    outer loop
      vertex 149.52871673554182 -33.46705378592014 0
      vertex 149.52871673554182 -33.46705378592014 26.5
      vertex 149.6713185980916 -33.18718187510967 26.5
    endloop
  endfacet
  facet normal -0.8607420249837642 0.5090414191663081 0
    outer loop
      vertex 149.36882296204567 -33.73741938918829 0
      vertex 149.52871673554182 -33.46705378592014 26.5
      vertex 149.52871673554182 -33.46705378592014 0
    endloop
  endfacet
  facet normal -0.8607420249837642 0.5090414191663081 0
    outer loop
      vertex 149.36882296204567 -33.73741938918829 0
      vertex 149.36882296204567 -33.73741938918829 26.5
      vertex 149.52871673554182 -33.46705378592014 26.5
    endloop
  endfacet
  facet normal -0.8270805755711228 0.5620833759442991 0
    outer loop
      vertex 149.1922683045268 -33.997211679816246 0
      vertex 149.36882296204567 -33.73741938918829 26.5
      vertex 149.36882296204567 -33.73741938918829 0
    endloop
  endfacet
  facet normal -0.8270805755711228 0.5620833759442991 0
    outer loop
      vertex 149.1922683045268 -33.997211679816246 0
      vertex 149.1922683045268 -33.997211679816246 26.5
      vertex 149.36882296204567 -33.73741938918829 26.5
    endloop
  endfacet
  facet normal -0.7901550085463773 0.6129070585896971 0
    outer loop
      vertex 148.99974954873323 -34.24540536105633 0
      vertex 149.1922683045268 -33.997211679816246 26.5
      vertex 149.1922683045268 -33.997211679816246 0
    endloop
  endfacet
  facet normal -0.7901550085463773 0.6129070585896971 0
    outer loop
      vertex 148.99974954873323 -34.24540536105633 0
      vertex 148.99974954873323 -34.24540536105633 26.5
      vertex 149.1922683045268 -33.997211679816246 26.5
    endloop
  endfacet
  facet normal -0.7501110750636169 0.6613118591609447 0
    outer loop
      vertex 148.7920264750719 -34.48102094233036 0
      vertex 148.99974954873323 -34.24540536105633 26.5
      vertex 148.99974954873323 -34.24540536105633 0
    endloop
  endfacet
  facet normal -0.7501110750636169 0.6613118591609447 0
    outer loop
      vertex 148.7920264750719 -34.48102094233036 0
      vertex 148.7920264750719 -34.48102094233036 26.5
      vertex 148.99974954873323 -34.24540536105633 26.5
    endloop
  endfacet
  facet normal -0.7071067811865476 0.7071067811865476 0
    outer loop
      vertex 148.56991886347532 -34.703128553926945 0
      vertex 148.7920264750719 -34.48102094233036 26.5
      vertex 148.7920264750719 -34.48102094233036 0
    endloop
  endfacet
  facet normal -0.7071067811865476 0.7071067811865476 0
    outer loop
      vertex 148.56991886347532 -34.703128553926945 0
      vertex 148.56991886347532 -34.703128553926945 26.5
      vertex 148.7920264750719 -34.48102094233036 26.5
    endloop
  endfacet
  facet normal -0.6613118591609447 0.7501110750636169 0
    outer loop
      vertex 148.3343032822013 -34.91085162758827 0
      vertex 148.56991886347532 -34.703128553926945 26.5
      vertex 148.56991886347532 -34.703128553926945 0
    endloop
  endfacet
  facet normal -0.6613118591609447 0.7501110750636169 0
    outer loop
      vertex 148.3343032822013 -34.91085162758827 0
      vertex 148.3343032822013 -34.91085162758827 26.5
      vertex 148.56991886347532 -34.703128553926945 26.5
    endloop
  endfacet
  facet normal -0.6129070585896971 0.7901550085463773 0
    outer loop
      vertex 148.0861096009612 -35.103370383381844 0
      vertex 148.3343032822013 -34.91085162758827 26.5
      vertex 148.3343032822013 -34.91085162758827 0
    endloop
  endfacet
  facet normal -0.6129070585896971 0.7901550085463773 0
    outer loop
      vertex 148.0861096009612 -35.103370383381844 0
      vertex 148.0861096009612 -35.103370383381844 26.5
      vertex 148.3343032822013 -34.91085162758827 26.5
    endloop
  endfacet
  facet normal -0.5620833759442991 0.8270805755711228 0
    outer loop
      vertex 147.82631731033325 -35.27992504090071 0
      vertex 148.0861096009612 -35.103370383381844 26.5
      vertex 148.0861096009612 -35.103370383381844 0
    endloop
  endfacet
  facet normal -0.5620833759442991 0.8270805755711228 0
    outer loop
      vertex 147.82631731033325 -35.27992504090071 0
      vertex 147.82631731033325 -35.27992504090071 26.5
      vertex 148.0861096009612 -35.103370383381844 26.5
    endloop
  endfacet
  facet normal -0.5090414191663081 0.8607420249837642 0
    outer loop
      vertex 147.5559517070651 -35.43981881439686 0
      vertex 147.82631731033325 -35.27992504090071 26.5
      vertex 147.82631731033325 -35.27992504090071 0
    endloop
  endfacet
  facet normal -0.5090414191663081 0.8607420249837642 0
    outer loop
      vertex 147.5559517070651 -35.43981881439686 0
      vertex 147.5559517070651 -35.43981881439686 26.5
      vertex 147.82631731033325 -35.27992504090071 26.5
    endloop
  endfacet
  facet normal -0.4539905032608269 0.8910065223941861 0
    outer loop
      vertex 147.27607979625463 -35.58242067694664 0
      vertex 147.5559517070651 -35.43981881439686 26.5
      vertex 147.5559517070651 -35.43981881439686 0
    endloop
  endfacet
  facet normal -0.4539905032608269 0.8910065223941861 0
    outer loop
      vertex 147.27607979625463 -35.58242067694664 0
      vertex 147.27607979625463 -35.58242067694664 26.5
      vertex 147.5559517070651 -35.43981881439686 26.5
    endloop
  endfacet
  facet normal -0.39714787774986055 0.9177546312597837 0
    outer loop
      vertex 146.987806096673 -35.70716784149408 0
      vertex 147.27607979625463 -35.58242067694664 26.5
      vertex 147.27607979625463 -35.58242067694664 0
    endloop
  endfacet
  facet normal -0.39714787774986055 0.9177546312597837 0
    outer loop
      vertex 146.987806096673 -35.70716784149408 0
      vertex 146.987806096673 -35.70716784149408 26.5
      vertex 147.27607979625463 -35.58242067694664 26.5
    endloop
  endfacet
  facet normal -0.3387379266748971 0.9408807666394249 0
    outer loop
      vertex 146.6922683045268 -35.813567996025085 0
      vertex 146.987806096673 -35.70716784149408 26.5
      vertex 146.987806096673 -35.70716784149408 0
    endloop
  endfacet
  facet normal -0.3387379266748971 0.9408807666394249 0
    outer loop
      vertex 146.6922683045268 -35.813567996025085 0
      vertex 146.6922683045268 -35.813567996025085 26.5
      vertex 146.987806096673 -35.70716784149408 26.5
    endloop
  endfacet
  facet normal -0.27899110279347167 0.9602936866199228 0
    outer loop
      vertex 146.39063277095556 -35.90120121836662 0
      vertex 146.6922683045268 -35.813567996025085 26.5
      vertex 146.6922683045268 -35.813567996025085 0
    endloop
  endfacet
  facet normal -0.27899110279347167 0.9602936866199228 0
    outer loop
      vertex 146.39063277095556 -35.90120121836662 0
      vertex 146.39063277095556 -35.90120121836662 26.5
      vertex 146.6922683045268 -35.813567996025085 26.5
    endloop
  endfacet
  facet normal -0.2181432477286431 0.9759167605233552 0
    outer loop
      vertex 146.08408991247416 -35.96972166746855 0
      vertex 146.39063277095556 -35.90120121836662 26.5
      vertex 146.39063277095556 -35.90120121836662 0
    endloop
  endfacet
  facet normal -0.2181432477286431 0.9759167605233552 0
    outer loop
      vertex 146.08408991247416 -35.96972166746855 0
      vertex 146.08408991247416 -35.96972166746855 26.5
      vertex 146.39063277095556 -35.90120121836662 26.5
    endloop
  endfacet
  facet normal -0.15643447526780158 0.9876883389752498 0
    outer loop
      vertex 145.77384950220585 -36.018858924508095 0
      vertex 146.08408991247416 -35.96972166746855 26.5
      vertex 146.08408991247416 -35.96972166746855 0
    endloop
  endfacet
  facet normal -0.15643447526780158 0.9876883389752498 0
    outer loop
      vertex 145.77384950220585 -36.018858924508095 0
      vertex 145.77384950220585 -36.018858924508095 26.5
      vertex 146.08408991247416 -35.96972166746855 26.5
    endloop
  endfacet
  facet normal -0.0941083075692807 0.9955619651465425 0
    outer loop
      vertex 145.46113593131304 -36.04841905832291 0
      vertex 145.77384950220585 -36.018858924508095 26.5
      vertex 145.77384950220585 -36.018858924508095 0
    endloop
  endfacet
  facet normal -0.0941083075692807 0.9955619651465425 0
    outer loop
      vertex 145.46113593131304 -36.04841905832291 0
      vertex 145.46113593131304 -36.04841905832291 26.5
      vertex 145.77384950220585 -36.018858924508095 26.5
    endloop
  endfacet
  facet normal -0.03141075613408825 0.9995065604582518 0
    outer loop
      vertex 145.14718333631754 -36.05828541517258 0
      vertex 145.46113593131304 -36.04841905832291 26.5
      vertex 145.46113593131304 -36.04841905832291 0
    endloop
  endfacet
  facet normal -0.03141075613408825 0.9995065604582518 0
    outer loop
      vertex 145.14718333631754 -36.05828541517258 0
      vertex 145.14718333631754 -36.05828541517258 26.5
      vertex 145.46113593131304 -36.04841905832291 26.5
    endloop
  endfacet
  facet normal 0 1 0
    outer loop
      vertex 134.90546396374702 -36.05828541517258 0
      vertex 145.14718333631754 -36.05828541517258 26.5
      vertex 145.14718333631754 -36.05828541517258 0
    endloop
  endfacet
  facet normal 0 1 0
    outer loop
      vertex 134.90546396374702 -36.05828541517258 0
      vertex 134.90546396374702 -36.05828541517258 26.5
      vertex 145.14718333631754 -36.05828541517258 26.5
    endloop
  endfacet
  facet normal 0.01570732966496496 0.9998766322876018 0
    outer loop
      vertex 134.7484101653099 -36.05581821501255 0
      vertex 134.90546396374702 -36.05828541517258 26.5
      vertex 134.90546396374702 -36.05828541517258 0
    endloop
  endfacet
  facet normal 0.01570732966496496 0.9998766322876018 0
    outer loop
      vertex 134.7484101653099 -36.05581821501255 0
      vertex 134.7484101653099 -36.05581821501255 26.5
      vertex 134.90546396374702 -36.05828541517258 26.5
    endloop
  endfacet
  facet normal 0.062790510548186 0.9980267289933162 0
    outer loop
      vertex 134.4349223971367 -36.03609523922205 0
      vertex 134.7484101653099 -36.05581821501255 26.5
      vertex 134.7484101653099 -36.05581821501255 0
    endloop
  endfacet
  facet normal 0.062790510548186 0.9980267289933162 0
    outer loop
      vertex 134.4349223971367 -36.03609523922205 0
      vertex 134.4349223971367 -36.03609523922205 26.5
      vertex 134.7484101653099 -36.05581821501255 26.5
    endloop
  endfacet
  facet normal 0.1253332404810374 0.9921147004406913 0
    outer loop
      vertex 134.1232916340232 -35.996727116405964 0
      vertex 134.4349223971367 -36.03609523922205 26.5
      vertex 134.4349223971367 -36.03609523922205 0
    endloop
  endfacet
  facet normal 0.1253332404810374 0.9921147004406913 0
    outer loop
      vertex 134.1232916340232 -35.996727116405964 0
      vertex 134.1232916340232 -35.996727116405964 26.5
      vertex 134.4349223971367 -36.03609523922205 26.5
    endloop
  endfacet
  facet normal 0.18738132469337498 0.9822872488005512 0
    outer loop
      vertex 133.8147477582097 -35.93786922097206 0
      vertex 134.1232916340232 -35.996727116405964 26.5
      vertex 134.1232916340232 -35.996727116405964 0
    endloop
  endfacet
  facet normal 0.18738132469337498 0.9822872488005512 0
    outer loop
      vertex 133.8147477582097 -35.93786922097206 0
      vertex 133.8147477582097 -35.93786922097206 26.5
      vertex 134.1232916340232 -35.996727116405964 26.5
    endloop
  endfacet
  facet normal 0.2486898855963892 0.9685831615313447 0
    outer loop
      vertex 133.51050843298435 -35.85975383967161 0
      vertex 133.8147477582097 -35.93786922097206 26.5
      vertex 133.8147477582097 -35.93786922097206 0
    endloop
  endfacet
  facet normal 0.2486898855963892 0.9685831615313447 0
    outer loop
      vertex 133.51050843298435 -35.85975383967161 0
      vertex 133.51050843298435 -35.85975383967161 26.5
      vertex 133.8147477582097 -35.93786922097206 26.5
    endloop
  endfacet
  facet normal 0.30901697747512563 0.9510565217862382 0
    outer loop
      vertex 133.2117743641138 -35.762689262628555 0
      vertex 133.51050843298435 -35.85975383967161 26.5
      vertex 133.51050843298435 -35.85975383967161 0
    endloop
  endfacet
  facet normal 0.30901697747512563 0.9510565217862382 0
    outer loop
      vertex 133.2117743641138 -35.762689262628555 0
      vertex 133.2117743641138 -35.762689262628555 26.5
      vertex 133.51050843298435 -35.85975383967161 26.5
    endloop
  endfacet
  facet normal 0.3681245486336375 0.9297764874921717 0
    outer loop
      vertex 132.91972450912 -35.64705854654312 0
      vertex 133.2117743641138 -35.762689262628555 26.5
      vertex 133.2117743641138 -35.762689262628555 0
    endloop
  endfacet
  facet normal 0.3681245486336375 0.9297764874921717 0
    outer loop
      vertex 132.91972450912 -35.64705854654312 0
      vertex 132.91972450912 -35.64705854654312 26.5
      vertex 133.2117743641138 -35.762689262628555 26.5
    endloop
  endfacet
  facet normal 0.4257793120878425 0.9048270428087369 0
    outer loop
      vertex 132.63551146537066 -35.51331803202629 0
      vertex 132.91972450912 -35.64705854654312 26.5
      vertex 132.91972450912 -35.64705854654312 0
    endloop
  endfacet
  facet normal 0.4257793120878425 0.9048270428087369 0
    outer loop
      vertex 132.63551146537066 -35.51331803202629 0
      vertex 132.63551146537066 -35.51331803202629 26.5
      vertex 132.91972450912 -35.64705854654312 26.5
    endloop
  endfacet
  facet normal 0.4817536629985493 0.8763066861478808 0
    outer loop
      vertex 132.36025688052177 -35.36199554800987 0
      vertex 132.63551146537066 -35.51331803202629 26.5
      vertex 132.63551146537066 -35.51331803202629 0
    endloop
  endfacet
  facet normal 0.4817536629985493 0.8763066861478808 0
    outer loop
      vertex 132.36025688052177 -35.36199554800987 0
      vertex 132.36025688052177 -35.36199554800987 26.5
      vertex 132.63551146537066 -35.51331803202629 26.5
    endloop
  endfacet
  facet normal 0.5358267882245947 0.8443279297884889 0
    outer loop
      vertex 132.09504707157612 -35.19368828833103 0
      vertex 132.36025688052177 -35.36199554800987 26.5
      vertex 132.36025688052177 -35.36199554800987 0
    endloop
  endfacet
  facet normal 0.5358267882245947 0.8443279297884889 0
    outer loop
      vertex 132.09504707157612 -35.19368828833103 0
      vertex 132.09504707157612 -35.19368828833103 26.5
      vertex 132.36025688052177 -35.36199554800987 26.5
    endloop
  endfacet
  facet normal 0.5877852558274517 0.8090169918066352 0
    outer loop
      vertex 131.84092869609594 -35.009060479700565 0
      vertex 132.09504707157612 -35.19368828833103 26.5
      vertex 132.09504707157612 -35.19368828833103 0
    endloop
  endfacet
  facet normal 0.5877852558274517 0.8090169918066352 0
    outer loop
      vertex 131.84092869609594 -35.009060479700565 0
      vertex 131.84092869609594 -35.009060479700565 26.5
      vertex 132.09504707157612 -35.19368828833103 26.5
    endloop
  endfacet
  facet normal 0.6374240054652879 0.7705132297738881 0
    outer loop
      vertex 131.5989046394825 -34.80884075909853 0
      vertex 131.84092869609594 -35.009060479700565 26.5
      vertex 131.84092869609594 -35.009060479700565 0
    endloop
  endfacet
  facet normal 0.6374240054652879 0.7705132297738881 0
    outer loop
      vertex 131.5989046394825 -34.80884075909853 0
      vertex 131.5989046394825 -34.80884075909853 26.5
      vertex 131.84092869609594 -35.009060479700565 26.5
    endloop
  endfacet
  facet normal 0.68454709800309 0.728968634864044 0
    outer loop
      vertex 131.36993005871773 -34.593819320201874 0
      vertex 131.5989046394825 -34.80884075909853 26.5
      vertex 131.5989046394825 -34.80884075909853 0
    endloop
  endfacet
  facet normal 0.68454709800309 0.728968634864044 0
    outer loop
      vertex 131.36993005871773 -34.593819320201874 0
      vertex 131.36993005871773 -34.593819320201874 26.5
      vertex 131.5989046394825 -34.80884075909853 26.5
    endloop
  endfacet
  facet normal 0.7289686230275289 0.6845471106076986 0
    outer loop
      vertex 131.1549086123705 -34.3648447394371 0
      vertex 131.36993005871773 -34.593819320201874 26.5
      vertex 131.36993005871773 -34.593819320201874 0
    endloop
  endfacet
  facet normal 0.7289686230275289 0.6845471106076986 0
    outer loop
      vertex 131.1549086123705 -34.3648447394371 0
      vertex 131.1549086123705 -34.3648447394371 26.5
      vertex 131.36993005871773 -34.593819320201874 26.5
    endloop
  endfacet
  facet normal 0.7705132414237346 0.6374239913830431 0
    outer loop
      vertex 130.95468889921904 -34.12282068282366 0
      vertex 131.1549086123705 -34.3648447394371 26.5
      vertex 131.1549086123705 -34.3648447394371 0
    endloop
  endfacet
  facet normal 0.7705132414237346 0.6374239913830431 0
    outer loop
      vertex 130.95468889921904 -34.12282068282366 0
      vertex 130.95468889921904 -34.12282068282366 26.5
      vertex 131.1549086123705 -34.3648447394371 26.5
    endloop
  endfacet
  facet normal 0.8090170000016369 0.5877852445479993 0
    outer loop
      vertex 130.77006109058857 -33.8687022998929 0
      vertex 130.95468889921904 -34.12282068282366 26.5
      vertex 130.95468889921904 -34.12282068282366 0
    endloop
  endfacet
  facet normal 0.8090170000016369 0.5877852445479993 0
    outer loop
      vertex 130.77006109058857 -33.8687022998929 0
      vertex 130.77006109058857 -33.8687022998929 26.5
      vertex 130.95468889921904 -34.12282068282366 26.5
    endloop
  endfacet
  facet normal 0.8443279297884889 0.5358267882245947 0
    outer loop
      vertex 130.60175383090973 -33.60349249094725 0
      vertex 130.77006109058857 -33.8687022998929 26.5
      vertex 130.77006109058857 -33.8687022998929 0
    endloop
  endfacet
  facet normal 0.8443279297884889 0.5358267882245947 0
    outer loop
      vertex 130.60175383090973 -33.60349249094725 0
      vertex 130.60175383090973 -33.60349249094725 26.5
      vertex 130.77006109058857 -33.8687022998929 26.5
    endloop
  endfacet
  facet normal 0.8763066706291643 0.48175369122698913 0
    outer loop
      vertex 130.45043133944273 -33.328237913548946 0
      vertex 130.60175383090973 -33.60349249094725 26.5
      vertex 130.60175383090973 -33.60349249094725 0
    endloop
  endfacet
  facet normal 0.8763066706291643 0.48175369122698913 0
    outer loop
      vertex 130.45043133944273 -33.328237913548946 0
      vertex 130.45043133944273 -33.328237913548946 26.5
      vertex 130.60175383090973 -33.60349249094725 26.5
    endloop
  endfacet
  facet normal 0.904827051946961 0.42577929266812825 0
    outer loop
      vertex 130.31669083237648 -33.044024869799614 0
      vertex 130.45043133944273 -33.328237913548946 26.5
      vertex 130.45043133944273 -33.328237913548946 0
    endloop
  endfacet
  facet normal 0.904827051946961 0.42577929266812825 0
    outer loop
      vertex 130.31669083237648 -33.044024869799614 0
      vertex 130.31669083237648 -33.044024869799614 26.5
      vertex 130.45043133944273 -33.328237913548946 26.5
    endloop
  endfacet
  facet normal 0.9297764874921717 0.3681245486336375 0
    outer loop
      vertex 130.20106011629105 -32.751975014805794 0
      vertex 130.31669083237648 -33.044024869799614 26.5
      vertex 130.31669083237648 -33.044024869799614 0
    endloop
  endfacet
  facet normal 0.9297764874921717 0.3681245486336375 0
    outer loop
      vertex 130.20106011629105 -32.751975014805794 0
      vertex 130.20106011629105 -32.751975014805794 26.5
      vertex 130.31669083237648 -33.044024869799614 26.5
    endloop
  endfacet
  facet normal 0.9510565148151534 0.3090169989299193 0
    outer loop
      vertex 130.1039955317974 -32.45324094593525 0
      vertex 130.20106011629105 -32.751975014805794 26.5
      vertex 130.20106011629105 -32.751975014805794 0
    endloop
  endfacet
  facet normal 0.9510565148151534 0.3090169989299193 0
    outer loop
      vertex 130.1039955317974 -32.45324094593525 0
      vertex 130.1039955317974 -32.45324094593525 26.5
      vertex 130.20106011629105 -32.751975014805794 26.5
    endloop
  endfacet
  facet normal 0.9685831615313447 0.2486898855963892 0
    outer loop
      vertex 130.02588015049696 -32.149001620709896 0
      vertex 130.1039955317974 -32.45324094593525 26.5
      vertex 130.1039955317974 -32.45324094593525 0
    endloop
  endfacet
  facet normal 0.9685831615313447 0.2486898855963892 0
    outer loop
      vertex 130.02588015049696 -32.149001620709896 0
      vertex 130.02588015049696 -32.149001620709896 26.5
      vertex 130.1039955317974 -32.45324094593525 26.5
    endloop
  endfacet
  facet normal 0.9822872539993233 0.1873812974404567 0
    outer loop
      vertex 129.96702226251364 -31.84045773744583 0
      vertex 130.02588015049696 -32.149001620709896 26.5
      vertex 130.02588015049696 -32.149001620709896 0
    endloop
  endfacet
  facet normal 0.9822872539993233 0.1873812974404567 0
    outer loop
      vertex 129.96702226251364 -31.84045773744583 0
      vertex 129.96702226251364 -31.84045773744583 26.5
      vertex 130.02588015049696 -32.149001620709896 26.5
    endloop
  endfacet
  facet normal 0.9921147000680901 0.12533324343047925 0
    outer loop
      vertex 129.92765413969755 -31.528826981782913 0
      vertex 129.96702226251364 -31.84045773744583 26.5
      vertex 129.96702226251364 -31.84045773744583 0
    endloop
  endfacet
  facet normal 0.9921147000680901 0.12533324343047925 0
    outer loop
      vertex 129.92765413969755 -31.528826981782913 0
      vertex 129.92765413969755 -31.528826981782913 26.5
      vertex 129.96702226251364 -31.84045773744583 26.5
    endloop
  endfacet
  facet normal 0.9980267290868351 0.06279050906174435 0
    outer loop
      vertex 129.90793116390705 -31.215339206159115 0
      vertex 129.92765413969755 -31.528826981782913 26.5
      vertex 129.92765413969755 -31.528826981782913 0
    endloop
  endfacet
  facet normal 0.9980267290868351 0.06279050906174435 0
    outer loop
      vertex 129.90793116390705 -31.215339206159115 0
      vertex 129.90793116390705 -31.215339206159115 26.5
      vertex 129.92765413969755 -31.528826981782913 26.5
    endloop
  endfacet
  facet normal 1 0 0
    outer loop
      vertex 129.90793116390705 -30.90123161673546 0
      vertex 129.90793116390705 -31.215339206159115 26.5
      vertex 129.90793116390705 -31.215339206159115 0
    endloop
  endfacet
  facet normal 1 0 0
    outer loop
      vertex 129.90793116390705 -30.90123161673546 0
      vertex 129.90793116390705 -30.90123161673546 26.5
      vertex 129.90793116390705 -31.215339206159115 26.5
    endloop
  endfacet
  facet normal 0.9980267305908734 -0.06279048515573074 0
    outer loop
      vertex 129.92143939435482 -30.68652432411909 0
      vertex 129.90793116390705 -30.90123161673546 26.5
      vertex 129.90793116390705 -30.90123161673546 0
    endloop
  endfacet
  facet normal 0.9980267305908734 -0.06279048515573074 0
    outer loop
      vertex 129.92143939435482 -30.68652432411909 0
      vertex 129.92143939435482 -30.68652432411909 26.5
      vertex 129.90793116390705 -30.90123161673546 26.5
    endloop
  endfacet
  facet normal 0.975916761573999 -0.21814324302833324 0
    outer loop
      vertex 130.98300685733557 -25.937344536185265 0
      vertex 129.92143939435482 -30.68652432411909 26.5
      vertex 129.92143939435482 -30.68652432411909 0
    endloop
  endfacet
  facet normal 0.975916761573999 -0.21814324302833324 0
    outer loop
      vertex 130.98300685733557 -25.937344536185265 0
      vertex 130.98300685733557 -25.937344536185265 26.5
      vertex 129.92143939435482 -30.68652432411909 26.5
    endloop
  endfacet
  facet normal 0.9822872488005512 -0.18738132469337498 0
    outer loop
      vertex 131.04186475276947 -25.62880066037178 0
      vertex 130.98300685733557 -25.937344536185265 26.5
      vertex 130.98300685733557 -25.937344536185265 0
    endloop
  endfacet
  facet normal 0.9822872488005512 -0.18738132469337498 0
    outer loop
      vertex 131.04186475276947 -25.62880066037178 0
      vertex 131.04186475276947 -25.62880066037178 26.5
      vertex 130.98300685733557 -25.937344536185265 26.5
    endloop
  endfacet
  facet normal 0.9921147004406913 -0.1253332404810374 0
    outer loop
      vertex 131.08123287558556 -25.31716989725828 0
      vertex 131.04186475276947 -25.62880066037178 26.5
      vertex 131.04186475276947 -25.62880066037178 0
    endloop
  endfacet
  facet normal 0.9921147004406913 -0.1253332404810374 0
    outer loop
      vertex 131.08123287558556 -25.31716989725828 0
      vertex 131.08123287558556 -25.31716989725828 26.5
      vertex 131.04186475276947 -25.62880066037178 26.5
    endloop
  endfacet
  facet normal 0.9980267317221864 -0.06279046717401683 0
    outer loop
      vertex 131.0874476134777 -25.21838938444853 0
      vertex 131.08123287558556 -25.31716989725828 26.5
      vertex 131.08123287558556 -25.31716989725828 0
    endloop
  endfacet
  facet normal 0.9980267317221864 -0.06279046717401683 0
    outer loop
      vertex 131.0874476134777 -25.21838938444853 0
      vertex 131.0874476134777 -25.21838938444853 26.5
      vertex 131.08123287558556 -25.31716989725828 26.5
    endloop
  endfacet
  facet normal 0.9759167573772273 -0.21814326180360932 0
    outer loop
      vertex 131.13292327523232 -25.01494298875332 0
      vertex 131.0874476134777 -25.21838938444853 26.5
      vertex 131.0874476134777 -25.21838938444853 0
    endloop
  endfacet
  facet normal 0.9759167573772273 -0.21814326180360932 0
    outer loop
      vertex 131.13292327523232 -25.01494298875332 0
      vertex 131.13292327523232 -25.01494298875332 26.5
      vertex 131.0874476134777 -25.21838938444853 26.5
    endloop
  endfacet
  facet normal 0.9876883403027198 -0.15643446688648588 0
    outer loop
      vertex 131.15958169847727 -24.846628330647945 0
      vertex 131.13292327523232 -25.01494298875332 26.5
      vertex 131.13292327523232 -25.01494298875332 0
    endloop
  endfacet
  facet normal 0.9876883403027198 -0.15643446688648588 0
    outer loop
      vertex 131.15958169847727 -24.846628330647945 0
      vertex 131.15958169847727 -24.846628330647945 26.5
      vertex 131.13292327523232 -25.01494298875332 26.5
    endloop
  endfacet
  facet normal 0 1 0
    outer loop
      vertex 131.10095585137606 -24.846628330647945 0
      vertex 131.15958169847727 -24.846628330647945 26.5
      vertex 131.15958169847727 -24.846628330647945 0
    endloop
  endfacet
  facet normal 0 1 0
    outer loop
      vertex 131.10095585137606 -24.846628330647945 0
      vertex 131.10095585137606 -24.846628330647945 26.5
      vertex 131.15958169847727 -24.846628330647945 26.5
    endloop
  endfacet
  facet normal 1 0 0
    outer loop
      vertex 131.10095585137606 -24.689574539661407 0
      vertex 131.10095585137606 -24.846628330647945 26.5
      vertex 131.10095585137606 -24.846628330647945 0
    endloop
  endfacet
  facet normal 1 0 0
    outer loop
      vertex 131.10095585137606 -24.689574539661407 0
      vertex 131.10095585137606 -24.689574539661407 26.5
      vertex 131.10095585137606 -24.846628330647945 26.5
    endloop
  endfacet
  facet normal 0.9980267290868351 0.06279050906174435 0
    outer loop
      vertex 131.08123287558556 -24.37608676403761 0
      vertex 131.10095585137606 -24.689574539661407 26.5
      vertex 131.10095585137606 -24.689574539661407 0
    endloop
  endfacet
  facet normal 0.9980267290868351 0.06279050906174435 0
    outer loop
      vertex 131.08123287558556 -24.37608676403761 0
      vertex 131.08123287558556 -24.37608676403761 26.5
      vertex 131.10095585137606 -24.689574539661407 26.5
    endloop
  endfacet
  facet normal 0.9921147000680901 0.12533324343047925 0
    outer loop
      vertex 131.04186475276947 -24.06445600837469 0
      vertex 131.08123287558556 -24.37608676403761 26.5
      vertex 131.08123287558556 -24.37608676403761 0
    endloop
  endfacet
  facet normal 0.9921147000680901 0.12533324343047925 0
    outer loop
      vertex 131.04186475276947 -24.06445600837469 0
      vertex 131.04186475276947 -24.06445600837469 26.5
      vertex 131.08123287558556 -24.37608676403761 26.5
    endloop
  endfacet
  facet normal 0.9822872539993233 0.1873812974404567 0
    outer loop
      vertex 130.98300686478615 -23.755912125110626 0
      vertex 131.04186475276947 -24.06445600837469 26.5
      vertex 131.04186475276947 -24.06445600837469 0
    endloop
  endfacet
  facet normal 0.9822872539993233 0.1873812974404567 0
    outer loop
      vertex 130.98300686478615 -23.755912125110626 0
      vertex 130.98300686478615 -23.755912125110626 26.5
      vertex 131.04186475276947 -24.06445600837469 26.5
    endloop
  endfacet
  facet normal 0.9685831615313447 0.2486898855963892 0
    outer loop
      vertex 130.9048914834857 -23.451672799885273 0
      vertex 130.98300686478615 -23.755912125110626 26.5
      vertex 130.98300686478615 -23.755912125110626 0
    endloop
  endfacet
  facet normal 0.9685831615313447 0.2486898855963892 0
    outer loop
      vertex 130.9048914834857 -23.451672799885273 0
      vertex 130.9048914834857 -23.451672799885273 26.5
      vertex 130.98300686478615 -23.755912125110626 26.5
    endloop
  endfacet
  facet normal 0.9510565148151534 0.3090169989299193 0
    outer loop
      vertex 130.80782689899206 -23.15293873101473 0
      vertex 130.9048914834857 -23.451672799885273 26.5
      vertex 130.9048914834857 -23.451672799885273 0
    endloop
  endfacet
  facet normal 0.9510565148151534 0.3090169989299193 0
    outer loop
      vertex 130.80782689899206 -23.15293873101473 0
      vertex 130.80782689899206 -23.15293873101473 26.5
      vertex 130.9048914834857 -23.451672799885273 26.5
    endloop
  endfacet
  facet normal 0.9297764874921717 0.3681245486336375 0
    outer loop
      vertex 130.69219618290663 -22.86088887602091 0
      vertex 130.80782689899206 -23.15293873101473 26.5
      vertex 130.80782689899206 -23.15293873101473 0
    endloop
  endfacet
  facet normal 0.9297764874921717 0.3681245486336375 0
    outer loop
      vertex 130.69219618290663 -22.86088887602091 0
      vertex 130.69219618290663 -22.86088887602091 26.5
      vertex 130.80782689899206 -23.15293873101473 26.5
    endloop
  endfacet
  facet normal 0.904827051946961 0.42577929266812825 0
    outer loop
      vertex 130.55845567584038 -22.576675832271576 0
      vertex 130.69219618290663 -22.86088887602091 26.5
      vertex 130.69219618290663 -22.86088887602091 0
    endloop
  endfacet
  facet normal 0.904827051946961 0.42577929266812825 0
    outer loop
      vertex 130.55845567584038 -22.576675832271576 0
      vertex 130.55845567584038 -22.576675832271576 26.5
      vertex 130.69219618290663 -22.86088887602091 26.5
    endloop
  endfacet
  facet normal 0.8763066706291643 0.48175369122698913 0
    outer loop
      vertex 130.40713318437338 -22.301421254873276 0
      vertex 130.55845567584038 -22.576675832271576 26.5
      vertex 130.55845567584038 -22.576675832271576 0
    endloop
  endfacet
  facet normal 0.8763066706291643 0.48175369122698913 0
    outer loop
      vertex 130.40713318437338 -22.301421254873276 0
      vertex 130.40713318437338 -22.301421254873276 26.5
      vertex 130.55845567584038 -22.576675832271576 26.5
    endloop
  endfacet
  facet normal 0.8443279297884889 0.5358267882245947 0
    outer loop
      vertex 130.23882592469454 -22.03621144592762 0
      vertex 130.40713318437338 -22.301421254873276 26.5
      vertex 130.40713318437338 -22.301421254873276 0
    endloop
  endfacet
  facet normal 0.8443279297884889 0.5358267882245947 0
    outer loop
      vertex 130.23882592469454 -22.03621144592762 0
      vertex 130.23882592469454 -22.03621144592762 26.5
      vertex 130.40713318437338 -22.301421254873276 26.5
    endloop
  endfacet
  facet normal 0.8090170000016369 0.5877852445479993 0
    outer loop
      vertex 130.05419811606407 -21.782093062996864 0
      vertex 130.23882592469454 -22.03621144592762 26.5
      vertex 130.23882592469454 -22.03621144592762 0
    endloop
  endfacet
  facet normal 0.8090170000016369 0.5877852445479993 0
    outer loop
      vertex 130.05419811606407 -21.782093062996864 0
      vertex 130.05419811606407 -21.782093062996864 26.5
      vertex 130.23882592469454 -22.03621144592762 26.5
    endloop
  endfacet
  facet normal 0.7705132414237346 0.6374239913830431 0
    outer loop
      vertex 129.85397840291262 -21.54006900638342 0
      vertex 130.05419811606407 -21.782093062996864 26.5
      vertex 130.05419811606407 -21.782093062996864 0
    endloop
  endfacet
  facet normal 0.7705132414237346 0.6374239913830431 0
    outer loop
      vertex 129.85397840291262 -21.54006900638342 0
      vertex 129.85397840291262 -21.54006900638342 26.5
      vertex 130.05419811606407 -21.782093062996864 26.5
    endloop
  endfacet
  facet normal 0.7289686230275289 0.6845471106076986 0
    outer loop
      vertex 129.63895695656538 -21.31109442561865 0
      vertex 129.85397840291262 -21.54006900638342 26.5
      vertex 129.85397840291262 -21.54006900638342 0
    endloop
  endfacet
  facet normal 0.7289686230275289 0.6845471106076986 0
    outer loop
      vertex 129.63895695656538 -21.31109442561865 0
      vertex 129.63895695656538 -21.31109442561865 26.5
      vertex 129.85397840291262 -21.54006900638342 26.5
    endloop
  endfacet
  facet normal 0.68454709800309 0.728968634864044 0
    outer loop
      vertex 129.4099823758006 -21.096072986721992 0
      vertex 129.63895695656538 -21.31109442561865 26.5
      vertex 129.63895695656538 -21.31109442561865 0
    endloop
  endfacet
  facet normal 0.68454709800309 0.728968634864044 0
    outer loop
      vertex 129.4099823758006 -21.096072986721992 0
      vertex 129.4099823758006 -21.096072986721992 26.5
      vertex 129.63895695656538 -21.31109442561865 26.5
    endloop
  endfacet
  facet normal 0.6374239913830431 0.7705132414237346 0
    outer loop
      vertex 129.16795831918716 -20.895853273570538 0
      vertex 129.4099823758006 -21.096072986721992 26.5
      vertex 129.4099823758006 -21.096072986721992 0
    endloop
  endfacet
  facet normal 0.6374239913830431 0.7705132414237346 0
    outer loop
      vertex 129.16795831918716 -20.895853273570538 0
      vertex 129.16795831918716 -20.895853273570538 26.5
      vertex 129.4099823758006 -21.096072986721992 26.5
    endloop
  endfacet
  facet normal 0.5877852713522856 0.8090169805271825 0
    outer loop
      vertex 128.913839943707 -20.71122545748949 0
      vertex 129.16795831918716 -20.895853273570538 26.5
      vertex 129.16795831918716 -20.895853273570538 0
    endloop
  endfacet
  facet normal 0.5877852713522856 0.8090169805271825 0
    outer loop
      vertex 128.913839943707 -20.71122545748949 0
      vertex 128.913839943707 -20.71122545748949 26.5
      vertex 129.16795831918716 -20.895853273570538 26.5
    endloop
  endfacet
  facet normal 0.5358267882245947 0.8443279297884889 0
    outer loop
      vertex 128.64863013476133 -20.54291819781065 0
      vertex 128.913839943707 -20.71122545748949 26.5
      vertex 128.913839943707 -20.71122545748949 0
    endloop
  endfacet
  facet normal 0.5358267882245947 0.8443279297884889 0
    outer loop
      vertex 128.64863013476133 -20.54291819781065 0
      vertex 128.64863013476133 -20.54291819781065 26.5
      vertex 128.913839943707 -20.71122545748949 26.5
    endloop
  endfacet
  facet normal 0.4817536629985493 0.8763066861478808 0
    outer loop
      vertex 128.37337554991245 -20.39159571379423 0
      vertex 128.64863013476133 -20.54291819781065 26.5
      vertex 128.64863013476133 -20.54291819781065 0
    endloop
  endfacet
  facet normal 0.4817536629985493 0.8763066861478808 0
    outer loop
      vertex 128.37337554991245 -20.39159571379423 0
      vertex 128.37337554991245 -20.39159571379423 26.5
      vertex 128.64863013476133 -20.54291819781065 26.5
    endloop
  endfacet
  facet normal 0.4257793120878425 0.9048270428087369 0
    outer loop
      vertex 128.08916250616312 -20.2578551992774 0
      vertex 128.37337554991245 -20.39159571379423 26.5
      vertex 128.37337554991245 -20.39159571379423 0
    endloop
  endfacet
  facet normal 0.4257793120878425 0.9048270428087369 0
    outer loop
      vertex 128.08916250616312 -20.2578551992774 0
      vertex 128.08916250616312 -20.2578551992774 26.5
      vertex 128.37337554991245 -20.39159571379423 26.5
    endloop
  endfacet
  facet normal 0.3681245486336375 0.9297764874921717 0
    outer loop
      vertex 127.7971126511693 -20.142224483191967 0
      vertex 128.08916250616312 -20.2578551992774 26.5
      vertex 128.08916250616312 -20.2578551992774 0
    endloop
  endfacet
  facet normal 0.3681245486336375 0.9297764874921717 0
    outer loop
      vertex 127.7971126511693 -20.142224483191967 0
      vertex 127.7971126511693 -20.142224483191967 26.5
      vertex 128.08916250616312 -20.2578551992774 26.5
    endloop
  endfacet
  facet normal 0.30901697747512563 0.9510565217862382 0
    outer loop
      vertex 127.49837858229876 -20.04515990614891 0
      vertex 127.7971126511693 -20.142224483191967 26.5
      vertex 127.7971126511693 -20.142224483191967 0
    endloop
  endfacet
  facet normal 0.30901697747512563 0.9510565217862382 0
    outer loop
      vertex 127.49837858229876 -20.04515990614891 0
      vertex 127.49837858229876 -20.04515990614891 26.5
      vertex 127.7971126511693 -20.142224483191967 26.5
    endloop
  endfacet
  facet normal 0.2486898855963892 0.9685831615313447 0
    outer loop
      vertex 127.1941392570734 -19.96704452484846 0
      vertex 127.49837858229876 -20.04515990614891 26.5
      vertex 127.49837858229876 -20.04515990614891 0
    endloop
  endfacet
  facet normal 0.2486898855963892 0.9685831615313447 0
    outer loop
      vertex 127.1941392570734 -19.96704452484846 0
      vertex 127.1941392570734 -19.96704452484846 26.5
      vertex 127.49837858229876 -20.04515990614891 26.5
    endloop
  endfacet
  facet normal 0.18738132469337498 0.9822872488005512 0
    outer loop
      vertex 126.88559538125992 -19.90818662941456 0
      vertex 127.1941392570734 -19.96704452484846 26.5
      vertex 127.1941392570734 -19.96704452484846 0
    endloop
  endfacet
  facet normal 0.18738132469337498 0.9822872488005512 0
    outer loop
      vertex 126.88559538125992 -19.90818662941456 0
      vertex 126.88559538125992 -19.90818662941456 26.5
      vertex 127.1941392570734 -19.96704452484846 26.5
    endloop
  endfacet
  facet normal 0.1253332404810374 0.9921147004406913 0
    outer loop
      vertex 126.57396461814642 -19.868818506598473 0
      vertex 126.88559538125992 -19.90818662941456 26.5
      vertex 126.88559538125992 -19.90818662941456 0
    endloop
  endfacet
  facet normal 0.1253332404810374 0.9921147004406913 0
    outer loop
      vertex 126.57396461814642 -19.868818506598473 0
      vertex 126.57396461814642 -19.868818506598473 26.5
      vertex 126.88559538125992 -19.90818662941456 26.5
    endloop
  endfacet
  facet normal 0.062790510548186 0.9980267289933162 0
    outer loop
      vertex 126.2604768499732 -19.849095530807972 0
      vertex 126.57396461814642 -19.868818506598473 26.5
      vertex 126.57396461814642 -19.868818506598473 0
    endloop
  endfacet
  facet normal 0.062790510548186 0.9980267289933162 0
    outer loop
      vertex 126.2604768499732 -19.849095530807972 0
      vertex 126.2604768499732 -19.849095530807972 26.5
      vertex 126.57396461814642 -19.868818506598473 26.5
    endloop
  endfacet
  facet normal 0.01570732966496496 0.9998766322876018 0
    outer loop
      vertex 126.10342305153608 -19.846628330647945 0
      vertex 126.2604768499732 -19.849095530807972 26.5
      vertex 126.2604768499732 -19.849095530807972 0
    endloop
  endfacet
  facet normal 0.01570732966496496 0.9998766322876018 0
    outer loop
      vertex 126.10342305153608 -19.846628330647945 0
      vertex 126.10342305153608 -19.846628330647945 26.5
      vertex 126.2604768499732 -19.849095530807972 26.5
    endloop
  endfacet
  facet normal 0 1 0
    outer loop
      vertex 122.46761267632246 -19.846628330647945 0
      vertex 126.10342305153608 -19.846628330647945 26.5
      vertex 126.10342305153608 -19.846628330647945 0
    endloop
  endfacet
  facet normal 0 1 0
    outer loop
      vertex 122.46761267632246 -19.846628330647945 0
      vertex 122.46761267632246 -19.846628330647945 26.5
      vertex 126.10342305153608 -19.846628330647945 26.5
    endloop
  endfacet
  facet normal -0.03141075613408825 0.9995065604582518 0
    outer loop
      vertex 122.15366008132696 -19.856494687497616 0
      vertex 122.46761267632246 -19.846628330647945 26.5
      vertex 122.46761267632246 -19.846628330647945 0
    endloop
  endfacet
  facet normal -0.03141075613408825 0.9995065604582518 0
    outer loop
      vertex 122.15366008132696 -19.856494687497616 0
      vertex 122.15366008132696 -19.856494687497616 26.5
      vertex 122.46761267632246 -19.846628330647945 26.5
    endloop
  endfacet
  facet normal -0.0941083075692807 0.9955619651465425 0
    outer loop
      vertex 121.84094651043415 -19.886054821312428 0
      vertex 122.15366008132696 -19.856494687497616 26.5
      vertex 122.15366008132696 -19.856494687497616 0
    endloop
  endfacet
  facet normal -0.0941083075692807 0.9955619651465425 0
    outer loop
      vertex 121.84094651043415 -19.886054821312428 0
      vertex 121.84094651043415 -19.886054821312428 26.5
      vertex 122.15366008132696 -19.856494687497616 26.5
    endloop
  endfacet
  facet normal -0.15643447526780158 0.9876883389752498 0
    outer loop
      vertex 121.53070610016584 -19.935192078351974 0
      vertex 121.84094651043415 -19.886054821312428 26.5
      vertex 121.84094651043415 -19.886054821312428 0
    endloop
  endfacet
  facet normal -0.15643447526780158 0.9876883389752498 0
    outer loop
      vertex 121.53070610016584 -19.935192078351974 0
      vertex 121.53070610016584 -19.935192078351974 26.5
      vertex 121.84094651043415 -19.886054821312428 26.5
    endloop
  endfacet
  facet normal -0.2181432477286431 0.9759167605233552 0
    outer loop
      vertex 121.22416324168444 -20.0037125274539 0
      vertex 121.53070610016584 -19.935192078351974 26.5
      vertex 121.53070610016584 -19.935192078351974 0
    endloop
  endfacet
  facet normal -0.2181432477286431 0.9759167605233552 0
    outer loop
      vertex 121.22416324168444 -20.0037125274539 0
      vertex 121.22416324168444 -20.0037125274539 26.5
      vertex 121.53070610016584 -19.935192078351974 26.5
    endloop
  endfacet
  facet normal -0.27899110279347167 0.9602936866199228 0
    outer loop
      vertex 120.9225277081132 -20.091345749795437 0
      vertex 121.22416324168444 -20.0037125274539 26.5
      vertex 121.22416324168444 -20.0037125274539 0
    endloop
  endfacet
  facet normal -0.27899110279347167 0.9602936866199228 0
    outer loop
      vertex 120.9225277081132 -20.091345749795437 0
      vertex 120.9225277081132 -20.091345749795437 26.5
      vertex 121.22416324168444 -20.0037125274539 26.5
    endloop
  endfacet
  facet normal -0.3387379266748971 0.9408807666394249 0
    outer loop
      vertex 120.62698991596699 -20.19774590432644 0
      vertex 120.9225277081132 -20.091345749795437 26.5
      vertex 120.9225277081132 -20.091345749795437 0
    endloop
  endfacet
  facet normal -0.3387379266748971 0.9408807666394249 0
    outer loop
      vertex 120.62698991596699 -20.19774590432644 0
      vertex 120.62698991596699 -20.19774590432644 26.5
      vertex 120.9225277081132 -20.091345749795437 26.5
    endloop
  endfacet
  facet normal -0.39714787774986055 0.9177546312597837 0
    outer loop
      vertex 120.33871621638536 -20.322493068873882 0
      vertex 120.62698991596699 -20.19774590432644 26.5
      vertex 120.62698991596699 -20.19774590432644 0
    endloop
  endfacet
  facet normal -0.39714787774986055 0.9177546312597837 0
    outer loop
      vertex 120.33871621638536 -20.322493068873882 0
      vertex 120.33871621638536 -20.322493068873882 26.5
      vertex 120.62698991596699 -20.19774590432644 26.5
    endloop
  endfacet
  facet normal -0.4539905032608269 0.8910065223941861 0
    outer loop
      vertex 120.0588443055749 -20.465094931423664 0
      vertex 120.33871621638536 -20.322493068873882 26.5
      vertex 120.33871621638536 -20.322493068873882 0
    endloop
  endfacet
  facet normal -0.4539905032608269 0.8910065223941861 0
    outer loop
      vertex 120.0588443055749 -20.465094931423664 0
      vertex 120.0588443055749 -20.465094931423664 26.5
      vertex 120.33871621638536 -20.322493068873882 26.5
    endloop
  endfacet
  facet normal -0.5090414191663081 0.8607420249837642 0
    outer loop
      vertex 119.78847870230675 -20.624988704919815 0
      vertex 120.0588443055749 -20.465094931423664 26.5
      vertex 120.0588443055749 -20.465094931423664 0
    endloop
  endfacet
  facet normal -0.5090414191663081 0.8607420249837642 0
    outer loop
      vertex 119.78847870230675 -20.624988704919815 0
      vertex 119.78847870230675 -20.624988704919815 26.5
      vertex 120.0588443055749 -20.465094931423664 26.5
    endloop
  endfacet
  facet normal -0.5620833759442991 0.8270805755711228 0
    outer loop
      vertex 119.52868641167879 -20.80154336243868 0
      vertex 119.78847870230675 -20.624988704919815 26.5
      vertex 119.78847870230675 -20.624988704919815 0
    endloop
  endfacet
  facet normal -0.5620833759442991 0.8270805755711228 0
    outer loop
      vertex 119.52868641167879 -20.80154336243868 0
      vertex 119.52868641167879 -20.80154336243868 26.5
      vertex 119.78847870230675 -20.624988704919815 26.5
    endloop
  endfacet
  facet normal -0.6129070585896971 0.7901550085463773 0
    outer loop
      vertex 119.28049273043871 -20.99406211823225 0
      vertex 119.52868641167879 -20.80154336243868 26.5
      vertex 119.52868641167879 -20.80154336243868 0
    endloop
  endfacet
  facet normal -0.6129070585896971 0.7901550085463773 0
    outer loop
      vertex 119.28049273043871 -20.99406211823225 0
      vertex 119.28049273043871 -20.99406211823225 26.5
      vertex 119.52868641167879 -20.80154336243868 26.5
    endloop
  endfacet
  facet normal -0.6613118591609447 0.7501110750636169 0
    outer loop
      vertex 119.04487714916468 -21.201785191893578 0
      vertex 119.28049273043871 -20.99406211823225 26.5
      vertex 119.28049273043871 -20.99406211823225 0
    endloop
  endfacet
  facet normal -0.6613118591609447 0.7501110750636169 0
    outer loop
      vertex 119.04487714916468 -21.201785191893578 0
      vertex 119.04487714916468 -21.201785191893578 26.5
      vertex 119.28049273043871 -20.99406211823225 26.5
    endloop
  endfacet
  facet normal -0.7071067811865476 0.7071067811865476 0
    outer loop
      vertex 118.82276953756809 -21.423892803490162 0
      vertex 119.04487714916468 -21.201785191893578 26.5
      vertex 119.04487714916468 -21.201785191893578 0
    endloop
  endfacet
  facet normal -0.7071067811865476 0.7071067811865476 0
    outer loop
      vertex 118.82276953756809 -21.423892803490162 0
      vertex 118.82276953756809 -21.423892803490162 26.5
      vertex 119.04487714916468 -21.201785191893578 26.5
    endloop
  endfacet
  facet normal -0.7501110750636169 0.6613118591609447 0
    outer loop
      vertex 118.61504646390676 -21.659508384764194 0
      vertex 118.82276953756809 -21.423892803490162 26.5
      vertex 118.82276953756809 -21.423892803490162 0
    endloop
  endfacet
  facet normal -0.7501110750636169 0.6613118591609447 0
    outer loop
      vertex 118.61504646390676 -21.659508384764194 0
      vertex 118.61504646390676 -21.659508384764194 26.5
      vertex 118.82276953756809 -21.423892803490162 26.5
    endloop
  endfacet
  facet normal -0.7901550085463773 0.6129070585896971 0
    outer loop
      vertex 118.4225277081132 -21.907702066004276 0
      vertex 118.61504646390676 -21.659508384764194 26.5
      vertex 118.61504646390676 -21.659508384764194 0
    endloop
  endfacet
  facet normal -0.7901550085463773 0.6129070585896971 0
    outer loop
      vertex 118.4225277081132 -21.907702066004276 0
      vertex 118.4225277081132 -21.907702066004276 26.5
      vertex 118.61504646390676 -21.659508384764194 26.5
    endloop
  endfacet
  facet normal -0.8270805755711228 0.5620833759442991 0
    outer loop
      vertex 118.24597305059433 -22.167494356632233 0
      vertex 118.4225277081132 -21.907702066004276 26.5
      vertex 118.4225277081132 -21.907702066004276 0
    endloop
  endfacet
  facet normal -0.8270805755711228 0.5620833759442991 0
    outer loop
      vertex 118.24597305059433 -22.167494356632233 0
      vertex 118.24597305059433 -22.167494356632233 26.5
      vertex 118.4225277081132 -21.907702066004276 26.5
    endloop
  endfacet
  facet normal -0.8607420249837642 0.5090414191663081 0
    outer loop
      vertex 118.08607927709818 -22.43785995990038 0
      vertex 118.24597305059433 -22.167494356632233 26.5
      vertex 118.24597305059433 -22.167494356632233 0
    endloop
  endfacet
  facet normal -0.8607420249837642 0.5090414191663081 0
    outer loop
      vertex 118.08607927709818 -22.43785995990038 0
      vertex 118.08607927709818 -22.43785995990038 26.5
      vertex 118.24597305059433 -22.167494356632233 26.5
    endloop
  endfacet
  facet normal -0.8910065223941861 0.4539905032608269 0
    outer loop
      vertex 117.9434774145484 -22.71773187071085 0
      vertex 118.08607927709818 -22.43785995990038 26.5
      vertex 118.08607927709818 -22.43785995990038 0
    endloop
  endfacet
  facet normal -0.8910065223941861 0.4539905032608269 0
    outer loop
      vertex 117.9434774145484 -22.71773187071085 0
      vertex 117.9434774145484 -22.71773187071085 26.5
      vertex 118.08607927709818 -22.43785995990038 26.5
    endloop
  endfacet
  facet normal -0.9177546312597837 0.39714787774986055 0
    outer loop
      vertex 117.81873025000095 -23.006005570292473 0
      vertex 117.9434774145484 -22.71773187071085 26.5
      vertex 117.9434774145484 -22.71773187071085 0
    endloop
  endfacet
  facet normal -0.9177546312597837 0.39714787774986055 0
    outer loop
      vertex 117.81873025000095 -23.006005570292473 0
      vertex 117.81873025000095 -23.006005570292473 26.5
      vertex 117.9434774145484 -22.71773187071085 26.5
    endloop
  endfacet
  facet normal -0.9408807666394249 0.3387379266748971 0
    outer loop
      vertex 117.71233009546995 -23.30154336243868 0
      vertex 117.81873025000095 -23.006005570292473 26.5
      vertex 117.81873025000095 -23.006005570292473 0
    endloop
  endfacet
  facet normal -0.9408807666394249 0.3387379266748971 0
    outer loop
      vertex 117.71233009546995 -23.30154336243868 0
      vertex 117.71233009546995 -23.30154336243868 26.5
      vertex 117.81873025000095 -23.006005570292473 26.5
    endloop
  endfacet
  facet normal -0.9602936866199228 0.27899110279347167 0
    outer loop
      vertex 117.62469687312841 -23.603178896009922 0
      vertex 117.71233009546995 -23.30154336243868 26.5
      vertex 117.71233009546995 -23.30154336243868 0
    endloop
  endfacet
  facet normal -0.9602936866199228 0.27899110279347167 0
    outer loop
      vertex 117.62469687312841 -23.603178896009922 0
      vertex 117.62469687312841 -23.603178896009922 26.5
      vertex 117.71233009546995 -23.30154336243868 26.5
    endloop
  endfacet
  facet normal -0.9723699199910556 0.23344536554960396 0
    outer loop
      vertex 117.58802887052298 -23.755912117660046 0
      vertex 117.62469687312841 -23.603178896009922 26.5
      vertex 117.62469687312841 -23.603178896009922 0
    endloop
  endfacet
  facet normal -0.9723699199910556 0.23344536554960396 0
    outer loop
      vertex 117.58802887052298 -23.755912117660046 0
      vertex 117.58802887052298 -23.755912117660046 26.5
      vertex 117.62469687312841 -23.603178896009922 26.5
    endloop
  endfacet
  facet normal -0.9759167617282817 0.2181432423381122 0
    outer loop
      vertex 116.22758848965168 -29.842172488570213 0
      vertex 117.58802887052298 -23.755912117660046 26.5
      vertex 117.58802887052298 -23.755912117660046 0
    endloop
  endfacet
  facet normal -0.9759167617282817 0.2181432423381122 0
    outer loop
      vertex 116.22758848965168 -29.842172488570213 0
      vertex 116.22758848965168 -29.842172488570213 26.5
      vertex 117.58802887052298 -23.755912117660046 26.5
    endloop
  endfacet
  facet normal -0.9602936856170077 0.2789911062455284 0
    outer loop
      vertex 114.12443433701992 -37.081276558339596 0
      vertex 116.22758848965168 -29.842172488570213 26.5
      vertex 116.22758848965168 -29.842172488570213 0
    endloop
  endfacet
  facet normal -0.9602936856170077 0.2789911062455284 0
    outer loop
      vertex 114.12443433701992 -37.081276558339596 0
      vertex 114.12443433701992 -37.081276558339596 26.5
      vertex 116.22758848965168 -29.842172488570213 26.5
    endloop
  endfacet
  facet normal -0.940880768947101 0.33873792026508015 0
    outer loop
      vertex 111.57088321447372 -44.17403765767813 0
      vertex 114.12443433701992 -37.081276558339596 26.5
      vertex 114.12443433701992 -37.081276558339596 0
    endloop
  endfacet
  facet normal -0.940880768947101 0.33873792026508015 0
    outer loop
      vertex 111.57088321447372 -44.17403765767813 0
      vertex 111.57088321447372 -44.17403765767813 26.5
      vertex 114.12443433701992 -37.081276558339596 26.5
    endloop
  endfacet
  facet normal -0.9177546271949416 0.39714788714315685 0
    outer loop
      vertex 111.18823504447937 -45.05828541517258 0
      vertex 111.57088321447372 -44.17403765767813 26.5
      vertex 111.57088321447372 -44.17403765767813 0
    endloop
  endfacet
  facet normal -0.9177546271949416 0.39714788714315685 0
    outer loop
      vertex 111.18823504447937 -45.05828541517258 0
      vertex 111.18823504447937 -45.05828541517258 26.5
      vertex 111.57088321447372 -44.17403765767813 26.5
    endloop
  endfacet
  facet normal 0 -1 0
    outer loop
      vertex 153.04369439184666 -45.05828541517258 0
      vertex 111.18823504447937 -45.05828541517258 26.5
      vertex 111.18823504447937 -45.05828541517258 0
    endloop
  endfacet
  facet normal 0 -1 0
    outer loop
      vertex 153.04369439184666 -45.05828541517258 0
      vertex 153.04369439184666 -45.05828541517258 26.5
      vertex 111.18823504447937 -45.05828541517258 26.5
    endloop
  endfacet
  facet normal 0.031410756320260844 -0.9995065604524009 0
    outer loop
      vertex 153.29485646635294 -45.05039232969284 0
      vertex 153.04369439184666 -45.05828541517258 26.5
      vertex 153.04369439184666 -45.05828541517258 0
    endloop
  endfacet
  facet normal 0.031410756320260844 -0.9995065604524009 0
    outer loop
      vertex 153.29485646635294 -45.05039232969284 0
      vertex 153.29485646635294 -45.05039232969284 26.5
      vertex 153.04369439184666 -45.05828541517258 26.5
    endloop
  endfacet
  facet normal 0 0 1
    outer loop
      vertex 131.13292327523232 -25.01494298875332 26.5
      vertex 131.15958169847727 -24.846628330647945 26.5
      vertex 131.10095585137606 -24.846628330647945 26.5
    endloop
  endfacet
  facet normal 0 0 1
    outer loop
      vertex 131.10342305153608 24.846628330647945 26.5
      vertex 131.15958169847727 24.846628330647945 26.5
      vertex 131.13292327523232 25.01494298875332 26.5
    endloop
  endfacet
  facet normal 0 0 1
    outer loop
      vertex 111.57088321447372 -44.17403765767813 26.5
      vertex 111.18823504447937 -45.05828541517258 26.5
      vertex 153.04369439184666 -45.05828541517258 26.5
    endloop
  endfacet
  facet normal 0 0 1
    outer loop
      vertex 153.04369439184666 45.05828541517258 26.5
      vertex 111.18823504447937 45.05828541517258 26.5
      vertex 111.57088321447372 44.17403765767813 26.5
    endloop
  endfacet
  facet normal 0 0 1
    outer loop
      vertex 131.0874476134777 -25.21838938444853 26.5
      vertex 131.13292327523232 -25.01494298875332 26.5
      vertex 131.10095585137606 -24.846628330647945 26.5
    endloop
  endfacet
  facet normal 0 0 1
    outer loop
      vertex 131.10342305153608 24.846628330647945 26.5
      vertex 131.13292327523232 25.01494298875332 26.5
      vertex 131.08856450766325 25.213392674922943 26.5
    endloop
  endfacet
  facet normal 0 0 1
    outer loop
      vertex 114.12443433701992 -37.081276558339596 26.5
      vertex 111.57088321447372 -44.17403765767813 26.5
      vertex 153.04369439184666 -45.05828541517258 26.5
    endloop
  endfacet
  facet normal 0 0 1
    outer loop
      vertex 153.04369439184666 45.05828541517258 26.5
      vertex 111.57088321447372 44.17403765767813 26.5
      vertex 114.12443433701992 37.081276558339596 26.5
    endloop
  endfacet
  facet normal 0 0 1
    outer loop
      vertex 114.12443433701992 -37.081276558339596 26.5
      vertex 153.04369439184666 -45.05828541517258 26.5
      vertex 153.29485646635294 -45.05039232969284 26.5
    endloop
  endfacet
  facet normal 0 0 1
    outer loop
      vertex 114.12443433701992 -37.081276558339596 26.5
      vertex 153.29485646635294 -45.05039232969284 26.5
      vertex 153.5450273230672 -45.02674422413111 26.5
    endloop
  endfacet
  facet normal 0 0 1
    outer loop
      vertex 114.12443433701992 -37.081276558339596 26.5
      vertex 153.5450273230672 -45.02674422413111 26.5
      vertex 153.7932196483016 -44.987434417009354 26.5
    endloop
  endfacet
  facet normal 0 0 1
    outer loop
      vertex 114.12443433701992 -37.081276558339596 26.5
      vertex 153.7932196483016 -44.987434417009354 26.5
      vertex 154.03845394402742 -44.93261805921793 26.5
    endloop
  endfacet
  facet normal 0 0 1
    outer loop
      vertex 114.12443433701992 -37.081276558339596 26.5
      vertex 154.03845394402742 -44.93261805921793 26.5
      vertex 154.27976237237453 -44.86251147836447 26.5
    endloop
  endfacet
  facet normal 0 0 1
    outer loop
      vertex 114.12443433701992 -37.081276558339596 26.5
      vertex 154.27976237237453 -44.86251147836447 26.5
      vertex 154.51619260013103 -44.777391359210014 26.5
    endloop
  endfacet
  facet normal 0 0 1
    outer loop
      vertex 114.12443433701992 -37.081276558339596 26.5
      vertex 154.51619260013103 -44.777391359210014 26.5
      vertex 154.74681156128645 -44.67759362608194 26.5
    endloop
  endfacet
  facet normal 0 0 1
    outer loop
      vertex 114.12443433701992 -37.081276558339596 26.5
      vertex 154.74681156128645 -44.67759362608194 26.5
      vertex 154.97070908546448 -44.56351213902235 26.5
    endloop
  endfacet
  facet normal 0 0 1
    outer loop
      vertex 114.12443433701992 -37.081276558339596 26.5
      vertex 154.97070908546448 -44.56351213902235 26.5
      vertex 155.18700157105923 -44.435597114264965 26.5
    endloop
  endfacet
  facet normal 0 0 1
    outer loop
      vertex 114.12443433701992 -37.081276558339596 26.5
      vertex 155.18700157105923 -44.435597114264965 26.5
      vertex 155.39483539760113 -44.294353395700455 26.5
    endloop
  endfacet
  facet normal 0 0 1
    outer loop
      vertex 114.12443433701992 -37.081276558339596 26.5
      vertex 155.39483539760113 -44.294353395700455 26.5
      vertex 155.593390353024 -44.14033838361502 26.5
    endloop
  endfacet
  facet normal 0 0 1
    outer loop
      vertex 114.12443433701992 -37.081276558339596 26.5
      vertex 155.593390353024 -44.14033838361502 26.5
      vertex 155.781882815063 -43.97415992617607 26.5
    endloop
  endfacet
  facet normal 0 0 1
    outer loop
      vertex 114.12443433701992 -37.081276558339596 26.5
      vertex 155.781882815063 -43.97415992617607 26.5
      vertex 155.95956890285015 -43.79647383838892 26.5
    endloop
  endfacet
  facet normal 0 0 1
    outer loop
      vertex 114.12443433701992 -37.081276558339596 26.5
      vertex 155.95956890285015 -43.79647383838892 26.5
      vertex 156.1257473602891 -43.607981376349926 26.5
    endloop
  endfacet
  facet normal 0 0 1
    outer loop
      vertex 114.12443433701992 -37.081276558339596 26.5
      vertex 156.1257473602891 -43.607981376349926 26.5
      vertex 156.27976237237453 -43.40942642092705 26.5
    endloop
  endfacet
  facet normal 0 0 1
    outer loop
      vertex 114.12443433701992 -37.081276558339596 26.5
      vertex 156.27976237237453 -43.40942642092705 26.5
      vertex 156.42100609093904 -43.20159259438515 26.5
    endloop
  endfacet
  facet normal 0 0 1
    outer loop
      vertex 114.12443433701992 -37.081276558339596 26.5
      vertex 156.42100609093904 -43.20159259438515 26.5
      vertex 156.54892111569643 -42.9853001087904 26.5
    endloop
  endfacet
  facet normal 0 0 1
    outer loop
      vertex 114.12443433701992 -37.081276558339596 26.5
      vertex 156.54892111569643 -42.9853001087904 26.5
      vertex 156.66300260275602 -42.76140258461237 26.5
    endloop
  endfacet
  facet normal 0 0 1
    outer loop
      vertex 114.12443433701992 -37.081276558339596 26.5
      vertex 156.66300260275602 -42.76140258461237 26.5
      vertex 156.7628003358841 -42.530783623456955 26.5
    endloop
  endfacet
  facet normal 0 0 1
    outer loop
      vertex 114.12443433701992 -37.081276558339596 26.5
      vertex 156.7628003358841 -42.530783623456955 26.5
      vertex 156.84792045503855 -42.294353395700455 26.5
    endloop
  endfacet
  facet normal 0 0 1
    outer loop
      vertex 114.12443433701992 -37.081276558339596 26.5
      vertex 156.84792045503855 -42.294353395700455 26.5
      vertex 156.88486912846565 -42.17424985021353 26.5
    endloop
  endfacet
  facet normal 0 0 1
    outer loop
      vertex 153.16933742165565 45.056311659514904 26.5
      vertex 153.04369439184666 45.05828541517258 26.5
      vertex 114.12443433701992 37.081276558339596 26.5
    endloop
  endfacet
  facet normal 0 0 1
    outer loop
      vertex 153.42012763768435 45.040533274412155 26.5
      vertex 153.16933742165565 45.056311659514904 26.5
      vertex 114.12443433701992 37.081276558339596 26.5
    endloop
  endfacet
  facet normal 0 0 1
    outer loop
      vertex 153.6694322451949 45.00903877615929 26.5
      vertex 153.42012763768435 45.040533274412155 26.5
      vertex 114.12443433701992 37.081276558339596 26.5
    endloop
  endfacet
  facet normal 0 0 1
    outer loop
      vertex 153.91626735031605 44.9619524627924 26.5
      vertex 153.6694322451949 45.00903877615929 26.5
      vertex 114.12443433701992 37.081276558339596 26.5
    endloop
  endfacet
  facet normal 0 0 1
    outer loop
      vertex 154.15965880453587 44.89946015924215 26.5
      vertex 153.91626735031605 44.9619524627924 26.5
      vertex 114.12443433701992 37.081276558339596 26.5
    endloop
  endfacet
  facet normal 0 0 1
    outer loop
      vertex 154.39864606410265 44.821808494627476 26.5
      vertex 154.15965880453587 44.89946015924215 26.5
      vertex 114.12443433701992 37.081276558339596 26.5
    endloop
  endfacet
  facet normal 0 0 1
    outer loop
      vertex 154.63228594511747 44.729303918778896 26.5
      vertex 154.39864606410265 44.821808494627476 26.5
      vertex 114.12443433701992 37.081276558339596 26.5
    endloop
  endfacet
  facet normal 0 0 1
    outer loop
      vertex 154.85965637862682 44.622311517596245 26.5
      vertex 154.63228594511747 44.729303918778896 26.5
      vertex 114.12443433701992 37.081276558339596 26.5
    endloop
  endfacet
  facet normal 0 0 1
    outer loop
      vertex 155.07986004650593 44.50125353038311 26.5
      vertex 154.85965637862682 44.622311517596245 26.5
      vertex 114.12443433701992 37.081276558339596 26.5
    endloop
  endfacet
  facet normal 0 0 1
    outer loop
      vertex 155.2920278981328 44.36660771816969 26.5
      vertex 155.07986004650593 44.50125353038311 26.5
      vertex 114.12443433701992 37.081276558339596 26.5
    endloop
  endfacet
  facet normal 0 0 1
    outer loop
      vertex 155.49532260000706 44.218905471265316 26.5
      vertex 155.2920278981328 44.36660771816969 26.5
      vertex 114.12443433701992 37.081276558339596 26.5
    endloop
  endfacet
  facet normal 0 0 1
    outer loop
      vertex 155.6889418438077 44.05872970074415 26.5
      vertex 155.49532260000706 44.218905471265316 26.5
      vertex 114.12443433701992 37.081276558339596 26.5
    endloop
  endfacet
  facet normal 0 0 1
    outer loop
      vertex 155.87212151288986 43.88671254366636 26.5
      vertex 155.6889418438077 44.05872970074415 26.5
      vertex 114.12443433701992 37.081276558339596 26.5
    endloop
  endfacet
  facet normal 0 0 1
    outer loop
      vertex 156.04413866251707 43.70353288203478 26.5
      vertex 155.87212151288986 43.88671254366636 26.5
      vertex 114.12443433701992 37.081276558339596 26.5
    endloop
  endfacet
  facet normal 0 0 1
    outer loop
      vertex 156.20431443303823 43.50991363823414 26.5
      vertex 156.04413866251707 43.70353288203478 26.5
      vertex 114.12443433701992 37.081276558339596 26.5
    endloop
  endfacet
  facet normal 0 0 1
    outer loop
      vertex 156.3520166799426 43.30661893635988 26.5
      vertex 156.20431443303823 43.50991363823414 26.5
      vertex 114.12443433701992 37.081276558339596 26.5
    endloop
  endfacet
  facet normal 0 0 1
    outer loop
      vertex 156.48666249215603 43.09445108473301 26.5
      vertex 156.3520166799426 43.30661893635988 26.5
      vertex 114.12443433701992 37.081276558339596 26.5
    endloop
  endfacet
  facet normal 0 0 1
    outer loop
      vertex 156.60772048681974 42.874247424304485 26.5
      vertex 156.48666249215603 43.09445108473301 26.5
      vertex 114.12443433701992 37.081276558339596 26.5
    endloop
  endfacet
  facet normal 0 0 1
    outer loop
      vertex 156.7147128880024 42.646876983344555 26.5
      vertex 156.60772048681974 42.874247424304485 26.5
      vertex 114.12443433701992 37.081276558339596 26.5
    endloop
  endfacet
  facet normal 0 0 1
    outer loop
      vertex 156.80721746385098 42.41323710232973 26.5
      vertex 156.7147128880024 42.646876983344555 26.5
      vertex 114.12443433701992 37.081276558339596 26.5
    endloop
  endfacet
  facet normal 0 0 1
    outer loop
      vertex 156.88486912846565 42.17424985021353 26.5
      vertex 156.80721746385098 42.41323710232973 26.5
      vertex 114.12443433701992 37.081276558339596 26.5
    endloop
  endfacet
  facet normal 0 0 1
    outer loop
      vertex 114.12443433701992 -37.081276558339596 26.5
      vertex 156.88486912846565 -42.17424985021353 26.5
      vertex 157.36160577833652 -40.53331155329943 26.5
    endloop
  endfacet
  facet normal 0 0 1
    outer loop
      vertex 157.3616057857871 40.533311538398266 26.5
      vertex 156.88486912846565 42.17424985021353 26.5
      vertex 114.12443433701992 37.081276558339596 26.5
    endloop
  endfacet
  facet normal 0 0 1
    outer loop
      vertex 114.12443433701992 -37.081276558339596 26.5
      vertex 157.36160577833652 -40.53331155329943 26.5
      vertex 157.42409808933735 -40.28992009162903 26.5
    endloop
  endfacet
  facet normal 0 0 1
    outer loop
      vertex 157.42409808933735 40.28992008417845 26.5
      vertex 157.3616057857871 40.533311538398266 26.5
      vertex 114.12443433701992 37.081276558339596 26.5
    endloop
  endfacet
  facet normal 0 0 1
    outer loop
      vertex 131.0935566946864 24.532675735652447 26.5
      vertex 131.10342305153608 24.846628330647945 26.5
      vertex 131.08856450766325 25.213392674922943 26.5
    endloop
  endfacet
  facet normal 0 0 1
    outer loop
      vertex 131.0639965608716 24.219962164759636 26.5
      vertex 131.0935566946864 24.532675735652447 26.5
      vertex 131.08856450766325 25.213392674922943 26.5
    endloop
  endfacet
  facet normal 0 0 1
    outer loop
      vertex 131.01485930383205 23.90972175449133 26.5
      vertex 131.0639965608716 24.219962164759636 26.5
      vertex 131.08856450766325 25.213392674922943 26.5
    endloop
  endfacet
  facet normal 0 0 1
    outer loop
      vertex 130.94633885473013 23.603178896009922 26.5
      vertex 131.01485930383205 23.90972175449133 26.5
      vertex 131.08856450766325 25.213392674922943 26.5
    endloop
  endfacet
  facet normal 0 0 1
    outer loop
      vertex 130.8587056323886 23.30154336243868 26.5
      vertex 130.94633885473013 23.603178896009922 26.5
      vertex 131.08856450766325 25.213392674922943 26.5
    endloop
  endfacet
  facet normal 0 0 1
    outer loop
      vertex 130.7523054778576 23.006005570292473 26.5
      vertex 130.8587056323886 23.30154336243868 26.5
      vertex 131.08856450766325 25.213392674922943 26.5
    endloop
  endfacet
  facet normal 0 0 1
    outer loop
      vertex 130.62755831331015 22.71773187071085 26.5
      vertex 130.7523054778576 23.006005570292473 26.5
      vertex 131.08856450766325 25.213392674922943 26.5
    endloop
  endfacet
  facet normal 0 0 1
    outer loop
      vertex 130.48495645076036 22.43785995990038 26.5
      vertex 130.62755831331015 22.71773187071085 26.5
      vertex 131.08856450766325 25.213392674922943 26.5
    endloop
  endfacet
  facet normal 0 0 1
    outer loop
      vertex 130.3250626772642 22.167494356632233 26.5
      vertex 130.48495645076036 22.43785995990038 26.5
      vertex 131.08856450766325 25.213392674922943 26.5
    endloop
  endfacet
  facet normal 0 0 1
    outer loop
      vertex 130.14850801974535 21.907702066004276 26.5
      vertex 130.3250626772642 22.167494356632233 26.5
      vertex 131.08856450766325 25.213392674922943 26.5
    endloop
  endfacet
  facet normal 0 0 1
    outer loop
      vertex 129.95598926395178 21.659508384764194 26.5
      vertex 130.14850801974535 21.907702066004276 26.5
      vertex 131.08856450766325 25.213392674922943 26.5
    endloop
  endfacet
  facet normal 0 0 1
    outer loop
      vertex 129.74826619029045 21.423892803490162 26.5
      vertex 129.95598926395178 21.659508384764194 26.5
      vertex 131.08856450766325 25.213392674922943 26.5
    endloop
  endfacet
  facet normal 0 0 1
    outer loop
      vertex 129.52615857869387 21.201785191893578 26.5
      vertex 129.74826619029045 21.423892803490162 26.5
      vertex 131.08856450766325 25.213392674922943 26.5
    endloop
  endfacet
  facet normal 0 0 1
    outer loop
      vertex 129.29054299741983 20.99406211823225 26.5
      vertex 129.52615857869387 21.201785191893578 26.5
      vertex 131.08856450766325 25.213392674922943 26.5
    endloop
  endfacet
  facet normal 0 0 1
    outer loop
      vertex 129.04234931617975 20.80154336243868 26.5
      vertex 129.29054299741983 20.99406211823225 26.5
      vertex 131.08856450766325 25.213392674922943 26.5
    endloop
  endfacet
  facet normal 0 0 1
    outer loop
      vertex 128.7825570255518 20.624988704919815 26.5
      vertex 129.04234931617975 20.80154336243868 26.5
      vertex 131.08856450766325 25.213392674922943 26.5
    endloop
  endfacet
  facet normal 0 0 1
    outer loop
      vertex 128.51219142228365 20.465094931423664 26.5
      vertex 128.7825570255518 20.624988704919815 26.5
      vertex 131.08856450766325 25.213392674922943 26.5
    endloop
  endfacet
  facet normal 0 0 1
    outer loop
      vertex 128.23231951147318 20.322493068873882 26.5
      vertex 128.51219142228365 20.465094931423664 26.5
      vertex 131.08856450766325 25.213392674922943 26.5
    endloop
  endfacet
  facet normal 0 0 1
    outer loop
      vertex 127.94404581189156 20.19774590432644 26.5
      vertex 128.23231951147318 20.322493068873882 26.5
      vertex 131.08856450766325 25.213392674922943 26.5
    endloop
  endfacet
  facet normal 0 0 1
    outer loop
      vertex 127.64850801974535 20.091345749795437 26.5
      vertex 127.94404581189156 20.19774590432644 26.5
      vertex 131.08856450766325 25.213392674922943 26.5
    endloop
  endfacet
  facet normal 0 0 1
    outer loop
      vertex 127.3468724861741 20.0037125274539 26.5
      vertex 127.64850801974535 20.091345749795437 26.5
      vertex 131.08856450766325 25.213392674922943 26.5
    endloop
  endfacet
  facet normal 0 0 1
    outer loop
      vertex 127.0403296276927 19.935192078351974 26.5
      vertex 127.3468724861741 20.0037125274539 26.5
      vertex 131.08856450766325 25.213392674922943 26.5
    endloop
  endfacet
  facet normal 0 0 1
    outer loop
      vertex 126.73008921742439 19.886054821312428 26.5
      vertex 127.0403296276927 19.935192078351974 26.5
      vertex 131.08856450766325 25.213392674922943 26.5
    endloop
  endfacet
  facet normal 0 0 1
    outer loop
      vertex 126.41737564653158 19.856494687497616 26.5
      vertex 126.73008921742439 19.886054821312428 26.5
      vertex 131.08856450766325 25.213392674922943 26.5
    endloop
  endfacet
  facet normal 0 0 1
    outer loop
      vertex 126.10342305153608 19.846628330647945 26.5
      vertex 126.41737564653158 19.856494687497616 26.5
      vertex 131.08856450766325 25.213392674922943 26.5
    endloop
  endfacet
  facet normal 0 0 1
    outer loop
      vertex 126.10342305153608 19.846628330647945 26.5
      vertex 131.08856450766325 25.213392674922943 26.5
      vertex 131.0639965608716 25.473294496536255 26.5
    endloop
  endfacet
  facet normal 0 0 1
    outer loop
      vertex 126.10342305153608 19.846628330647945 26.5
      vertex 131.0639965608716 25.473294496536255 26.5
      vertex 131.01485930383205 25.78353490680456 26.5
    endloop
  endfacet
  facet normal 0 0 1
    outer loop
      vertex 126.10342305153608 19.846628330647945 26.5
      vertex 131.01485930383205 25.78353490680456 26.5
      vertex 130.98300685733557 25.937344536185265 26.5
    endloop
  endfacet
  facet normal 0 0 1
    outer loop
      vertex 126.10342305153608 19.846628330647945 26.5
      vertex 130.98300685733557 25.937344536185265 26.5
      vertex 129.92032250016928 30.691521033644676 26.5
    endloop
  endfacet
  facet normal 0 0 1
    outer loop
      vertex 122.46761267632246 19.846628330647945 26.5
      vertex 126.10342305153608 19.846628330647945 26.5
      vertex 129.92032250016928 30.691521033644676 26.5
    endloop
  endfacet
  facet normal 0 0 1
    outer loop
      vertex 122.31055888533592 19.849095530807972 26.5
      vertex 122.46761267632246 19.846628330647945 26.5
      vertex 129.92032250016928 30.691521033644676 26.5
    endloop
  endfacet
  facet normal 0 0 1
    outer loop
      vertex 121.99707110971212 19.868818506598473 26.5
      vertex 122.31055888533592 19.849095530807972 26.5
      vertex 129.92032250016928 30.691521033644676 26.5
    endloop
  endfacet
  facet normal 0 0 1
    outer loop
      vertex 121.6854403540492 19.90818662941456 26.5
      vertex 121.99707110971212 19.868818506598473 26.5
      vertex 129.92032250016928 30.691521033644676 26.5
    endloop
  endfacet
  facet normal 0 0 1
    outer loop
      vertex 121.37689647078514 19.96704451739788 26.5
      vertex 121.6854403540492 19.90818662941456 26.5
      vertex 129.92032250016928 30.691521033644676 26.5
    endloop
  endfacet
  facet normal 0 0 1
    outer loop
      vertex 121.07265714555979 20.04515989869833 26.5
      vertex 121.37689647078514 19.96704451739788 26.5
      vertex 129.92032250016928 30.691521033644676 26.5
    endloop
  endfacet
  facet normal 0 0 1
    outer loop
      vertex 120.77392307668924 20.142224483191967 26.5
      vertex 121.07265714555979 20.04515989869833 26.5
      vertex 129.92032250016928 30.691521033644676 26.5
    endloop
  endfacet
  facet normal 0 0 1
    outer loop
      vertex 120.48187322169542 20.2578551992774 26.5
      vertex 120.77392307668924 20.142224483191967 26.5
      vertex 129.92032250016928 30.691521033644676 26.5
    endloop
  endfacet
  facet normal 0 0 1
    outer loop
      vertex 120.19766017794609 20.39159570634365 26.5
      vertex 120.48187322169542 20.2578551992774 26.5
      vertex 129.92032250016928 30.691521033644676 26.5
    endloop
  endfacet
  facet normal 0 0 1
    outer loop
      vertex 119.92240560054779 20.54291819781065 26.5
      vertex 120.19766017794609 20.39159570634365 26.5
      vertex 129.92032250016928 30.691521033644676 26.5
    endloop
  endfacet
  facet normal 0 0 1
    outer loop
      vertex 119.65719579160213 20.71122545748949 26.5
      vertex 119.92240560054779 20.54291819781065 26.5
      vertex 129.92032250016928 30.691521033644676 26.5
    endloop
  endfacet
  facet normal 0 0 1
    outer loop
      vertex 119.40307740867138 20.895853266119957 26.5
      vertex 119.65719579160213 20.71122545748949 26.5
      vertex 129.92032250016928 30.691521033644676 26.5
    endloop
  endfacet
  facet normal 0 0 1
    outer loop
      vertex 119.16105335205793 21.096072979271412 26.5
      vertex 119.40307740867138 20.895853266119957 26.5
      vertex 129.92032250016928 30.691521033644676 26.5
    endloop
  endfacet
  facet normal 0 0 1
    outer loop
      vertex 118.93207877129316 21.31109442561865 26.5
      vertex 119.16105335205793 21.096072979271412 26.5
      vertex 129.92032250016928 30.691521033644676 26.5
    endloop
  endfacet
  facet normal 0 0 1
    outer loop
      vertex 118.71705733239651 21.54006899893284 26.5
      vertex 118.93207877129316 21.31109442561865 26.5
      vertex 129.92032250016928 30.691521033644676 26.5
    endloop
  endfacet
  facet normal 0 0 1
    outer loop
      vertex 118.51683761924505 21.782093062996864 26.5
      vertex 118.71705733239651 21.54006899893284 26.5
      vertex 129.92032250016928 30.691521033644676 26.5
    endloop
  endfacet
  facet normal 0 0 1
    outer loop
      vertex 118.332209803164 22.03621143847704 26.5
      vertex 118.51683761924505 21.782093062996864 26.5
      vertex 129.92032250016928 30.691521033644676 26.5
    endloop
  endfacet
  facet normal 0 0 1
    outer loop
      vertex 118.16390254348516 22.301421247422695 26.5
      vertex 118.332209803164 22.03621143847704 26.5
      vertex 129.92032250016928 30.691521033644676 26.5
    endloop
  endfacet
  facet normal 0 0 1
    outer loop
      vertex 118.01258005946875 22.576675832271576 26.5
      vertex 118.16390254348516 22.301421247422695 26.5
      vertex 129.92032250016928 30.691521033644676 26.5
    endloop
  endfacet
  facet normal 0 0 1
    outer loop
      vertex 117.8788395524025 22.86088887602091 26.5
      vertex 118.01258005946875 22.576675832271576 26.5
      vertex 129.92032250016928 30.691521033644676 26.5
    endloop
  endfacet
  facet normal 0 0 1
    outer loop
      vertex 117.76320882886648 23.152938723564148 26.5
      vertex 117.8788395524025 22.86088887602091 26.5
      vertex 129.92032250016928 30.691521033644676 26.5
    endloop
  endfacet
  facet normal 0 0 1
    outer loop
      vertex 117.66614425182343 23.451672799885273 26.5
      vertex 117.76320882886648 23.152938723564148 26.5
      vertex 129.92032250016928 30.691521033644676 26.5
    endloop
  endfacet
  facet normal 0 0 1
    outer loop
      vertex 117.58802887052298 23.755912117660046 26.5
      vertex 117.66614425182343 23.451672799885273 26.5
      vertex 129.92032250016928 30.691521033644676 26.5
    endloop
  endfacet
  facet normal 0 0 1
    outer loop
      vertex 116.22758848965168 29.842172488570213 26.5
      vertex 117.58802887052298 23.755912117660046 26.5
      vertex 129.92032250016928 30.691521033644676 26.5
    endloop
  endfacet
  facet normal 0 0 1
    outer loop
      vertex 116.22758848965168 29.842172488570213 26.5
      vertex 129.92032250016928 30.691521033644676 26.5
      vertex 129.9153303205967 30.74433282017708 26.5
    endloop
  endfacet
  facet normal 0 0 1
    outer loop
      vertex 116.22758848965168 29.842172488570213 26.5
      vertex 129.9153303205967 30.74433282017708 26.5
      vertex 129.90546396374702 31.058285415172577 26.5
    endloop
  endfacet
  facet normal 0 0 1
    outer loop
      vertex 116.22758848965168 29.842172488570213 26.5
      vertex 129.90546396374702 31.058285415172577 26.5
      vertex 129.9153303205967 31.372238010168076 26.5
    endloop
  endfacet
  facet normal 0 0 1
    outer loop
      vertex 114.12443433701992 37.081276558339596 26.5
      vertex 116.22758848965168 29.842172488570213 26.5
      vertex 129.9153303205967 31.372238010168076 26.5
    endloop
  endfacet
  facet normal 0 0 1
    outer loop
      vertex 114.12443433701992 37.081276558339596 26.5
      vertex 129.9153303205967 31.372238010168076 26.5
      vertex 129.9448904544115 31.684951581060886 26.5
    endloop
  endfacet
  facet normal 0 0 1
    outer loop
      vertex 114.12443433701992 37.081276558339596 26.5
      vertex 129.9448904544115 31.684951581060886 26.5
      vertex 129.99402771145105 31.995191991329193 26.5
    endloop
  endfacet
  facet normal 0 0 1
    outer loop
      vertex 114.12443433701992 37.081276558339596 26.5
      vertex 129.99402771145105 31.995191991329193 26.5
      vertex 130.06254816055298 32.3017348498106 26.5
    endloop
  endfacet
  facet normal 0 0 1
    outer loop
      vertex 114.12443433701992 37.081276558339596 26.5
      vertex 130.06254816055298 32.3017348498106 26.5
      vertex 130.15018138289452 32.603370383381844 26.5
    endloop
  endfacet
  facet normal 0 0 1
    outer loop
      vertex 114.12443433701992 37.081276558339596 26.5
      vertex 130.15018138289452 32.603370383381844 26.5
      vertex 130.25658153742552 32.89890817552805 26.5
    endloop
  endfacet
  facet normal 0 0 1
    outer loop
      vertex 114.12443433701992 37.081276558339596 26.5
      vertex 130.25658153742552 32.89890817552805 26.5
      vertex 130.38132870197296 33.18718187510967 26.5
    endloop
  endfacet
  facet normal 0 0 1
    outer loop
      vertex 114.12443433701992 37.081276558339596 26.5
      vertex 130.38132870197296 33.18718187510967 26.5
      vertex 130.52393056452274 33.46705378592014 26.5
    endloop
  endfacet
  facet normal 0 0 1
    outer loop
      vertex 114.12443433701992 37.081276558339596 26.5
      vertex 130.52393056452274 33.46705378592014 26.5
      vertex 130.6838243380189 33.73741938918829 26.5
    endloop
  endfacet
  facet normal 0 0 1
    outer loop
      vertex 114.12443433701992 37.081276558339596 26.5
      vertex 130.6838243380189 33.73741938918829 26.5
      vertex 130.86037899553776 33.997211679816246 26.5
    endloop
  endfacet
  facet normal 0 0 1
    outer loop
      vertex 114.12443433701992 37.081276558339596 26.5
      vertex 130.86037899553776 33.997211679816246 26.5
      vertex 131.05289775133133 34.24540536105633 26.5
    endloop
  endfacet
  facet normal 0 0 1
    outer loop
      vertex 114.12443433701992 37.081276558339596 26.5
      vertex 131.05289775133133 34.24540536105633 26.5
      vertex 131.26062082499266 34.48102094233036 26.5
    endloop
  endfacet
  facet normal 0 0 1
    outer loop
      vertex 114.12443433701992 37.081276558339596 26.5
      vertex 131.26062082499266 34.48102094233036 26.5
      vertex 131.48272843658924 34.703128553926945 26.5
    endloop
  endfacet
  facet normal 0 0 1
    outer loop
      vertex 114.12443433701992 37.081276558339596 26.5
      vertex 131.48272843658924 34.703128553926945 26.5
      vertex 131.71834401786327 34.91085162758827 26.5
    endloop
  endfacet
  facet normal 0 0 1
    outer loop
      vertex 114.12443433701992 37.081276558339596 26.5
      vertex 131.71834401786327 34.91085162758827 26.5
      vertex 131.96653769910336 35.103370383381844 26.5
    endloop
  endfacet
  facet normal 0 0 1
    outer loop
      vertex 114.12443433701992 37.081276558339596 26.5
      vertex 131.96653769910336 35.103370383381844 26.5
      vertex 132.2263299897313 35.27992504090071 26.5
    endloop
  endfacet
  facet normal 0 0 1
    outer loop
      vertex 114.12443433701992 37.081276558339596 26.5
      vertex 132.2263299897313 35.27992504090071 26.5
      vertex 132.49669559299946 35.43981881439686 26.5
    endloop
  endfacet
  facet normal 0 0 1
    outer loop
      vertex 114.12443433701992 37.081276558339596 26.5
      vertex 132.49669559299946 35.43981881439686 26.5
      vertex 132.77656750380993 35.58242067694664 26.5
    endloop
  endfacet
  facet normal 0 0 1
    outer loop
      vertex 114.12443433701992 37.081276558339596 26.5
      vertex 132.77656750380993 35.58242067694664 26.5
      vertex 133.06484120339155 35.70716784149408 26.5
    endloop
  endfacet
  facet normal 0 0 1
    outer loop
      vertex 114.12443433701992 37.081276558339596 26.5
      vertex 133.06484120339155 35.70716784149408 26.5
      vertex 133.36037899553776 35.813567996025085 26.5
    endloop
  endfacet
  facet normal 0 0 1
    outer loop
      vertex 114.12443433701992 37.081276558339596 26.5
      vertex 133.36037899553776 35.813567996025085 26.5
      vertex 133.662014529109 35.90120121836662 26.5
    endloop
  endfacet
  facet normal 0 0 1
    outer loop
      vertex 114.12443433701992 37.081276558339596 26.5
      vertex 133.662014529109 35.90120121836662 26.5
      vertex 133.9685573875904 35.96972166746855 26.5
    endloop
  endfacet
  facet normal 0 0 1
    outer loop
      vertex 157.42409808933735 40.28992008417845 26.5
      vertex 114.12443433701992 37.081276558339596 26.5
      vertex 133.9685573875904 35.96972166746855 26.5
    endloop
  endfacet
  facet normal 0 0 1
    outer loop
      vertex 157.42409808933735 40.28992008417845 26.5
      vertex 133.9685573875904 35.96972166746855 26.5
      vertex 134.27879779785872 36.018858924508095 26.5
    endloop
  endfacet
  facet normal 0 0 1
    outer loop
      vertex 157.42409808933735 40.28992008417845 26.5
      vertex 134.27879779785872 36.018858924508095 26.5
      vertex 134.59151136875153 36.04841905832291 26.5
    endloop
  endfacet
  facet normal 0 0 1
    outer loop
      vertex 157.42409808933735 40.28992008417845 26.5
      vertex 134.59151136875153 36.04841905832291 26.5
      vertex 134.90546396374702 36.05828541517258 26.5
    endloop
  endfacet
  facet normal 0 0 1
    outer loop
      vertex 157.42409808933735 40.28992008417845 26.5
      vertex 134.90546396374702 36.05828541517258 26.5
      vertex 145.14718333631754 36.05828541517258 26.5
    endloop
  endfacet
  facet normal 0 0 1
    outer loop
      vertex 157.42409808933735 40.28992008417845 26.5
      vertex 145.14718333631754 36.05828541517258 26.5
      vertex 145.30423713475466 36.05581821501255 26.5
    endloop
  endfacet
  facet normal 0 0 1
    outer loop
      vertex 157.42409808933735 40.28992008417845 26.5
      vertex 145.30423713475466 36.05581821501255 26.5
      vertex 145.61772491037846 36.03609523922205 26.5
    endloop
  endfacet
  facet normal 0 0 1
    outer loop
      vertex 157.42409808933735 40.28992008417845 26.5
      vertex 145.61772491037846 36.03609523922205 26.5
      vertex 145.92935566604137 35.996727116405964 26.5
    endloop
  endfacet
  facet normal 0 0 1
    outer loop
      vertex 157.42409808933735 40.28992008417845 26.5
      vertex 145.92935566604137 35.996727116405964 26.5
      vertex 146.23789954930544 35.93786922097206 26.5
    endloop
  endfacet
  facet normal 0 0 1
    outer loop
      vertex 157.42409808933735 40.28992008417845 26.5
      vertex 146.23789954930544 35.93786922097206 26.5
      vertex 146.5421388670802 35.85975383967161 26.5
    endloop
  endfacet
  facet normal 0 0 1
    outer loop
      vertex 157.42409808933735 40.28992008417845 26.5
      vertex 146.5421388670802 35.85975383967161 26.5
      vertex 146.84087294340134 35.762689255177975 26.5
    endloop
  endfacet
  facet normal 0 0 1
    outer loop
      vertex 157.42409808933735 40.28992008417845 26.5
      vertex 146.84087294340134 35.762689255177975 26.5
      vertex 147.13292279094458 35.64705853909254 26.5
    endloop
  endfacet
  facet normal 0 0 1
    outer loop
      vertex 157.42409808933735 40.28992008417845 26.5
      vertex 147.13292279094458 35.64705853909254 26.5
      vertex 147.4171358421445 35.51331803202629 26.5
    endloop
  endfacet
  facet normal 0 0 1
    outer loop
      vertex 157.42409808933735 40.28992008417845 26.5
      vertex 147.4171358421445 35.51331803202629 26.5
      vertex 147.6923904195428 35.36199554800987 26.5
    endloop
  endfacet
  facet normal 0 0 1
    outer loop
      vertex 157.42409808933735 40.28992008417845 26.5
      vertex 147.6923904195428 35.36199554800987 26.5
      vertex 147.95760022848845 35.19368828088045 26.5
    endloop
  endfacet
  facet normal 0 0 1
    outer loop
      vertex 157.42409808933735 40.28992008417845 26.5
      vertex 147.95760022848845 35.19368828088045 26.5
      vertex 148.2117186114192 35.009060472249985 26.5
    endloop
  endfacet
  facet normal 0 0 1
    outer loop
      vertex 157.42409808933735 40.28992008417845 26.5
      vertex 148.2117186114192 35.009060472249985 26.5
      vertex 148.45374266803265 34.80884075909853 26.5
    endloop
  endfacet
  facet normal 0 0 1
    outer loop
      vertex 157.42409808933735 40.28992008417845 26.5
      vertex 148.45374266803265 34.80884075909853 26.5
      vertex 148.68271724879742 34.593819320201874 26.5
    endloop
  endfacet
  facet normal 0 0 1
    outer loop
      vertex 157.42409808933735 40.28992008417845 26.5
      vertex 148.68271724879742 34.593819320201874 26.5
      vertex 148.89773868769407 34.3648447394371 26.5
    endloop
  endfacet
  facet normal 0 0 1
    outer loop
      vertex 157.42409808933735 40.28992008417845 26.5
      vertex 148.89773868769407 34.3648447394371 26.5
      vertex 149.09795840084553 34.12282068282366 26.5
    endloop
  endfacet
  facet normal 0 0 1
    outer loop
      vertex 157.42409808933735 40.28992008417845 26.5
      vertex 149.09795840084553 34.12282068282366 26.5
      vertex 149.282586209476 33.8687022998929 26.5
    endloop
  endfacet
  facet normal 0 0 1
    outer loop
      vertex 157.42409808933735 40.28992008417845 26.5
      vertex 149.282586209476 33.8687022998929 26.5
      vertex 149.45089347660542 33.60349249094725 26.5
    endloop
  endfacet
  facet normal 0 0 1
    outer loop
      vertex 157.42409808933735 40.28992008417845 26.5
      vertex 149.45089347660542 33.60349249094725 26.5
      vertex 149.60221596062183 33.328237913548946 26.5
    endloop
  endfacet
  facet normal 0 0 1
    outer loop
      vertex 159.5961962863803 30.572511330246925 26.5
      vertex 157.42409808933735 40.28992008417845 26.5
      vertex 149.60221596062183 33.328237913548946 26.5
    endloop
  endfacet
  facet normal 0 0 1
    outer loop
      vertex 159.5961962863803 30.572511330246925 26.5
      vertex 149.60221596062183 33.328237913548946 26.5
      vertex 149.73595646768808 33.04402486234903 26.5
    endloop
  endfacet
  facet normal 0 0 1
    outer loop
      vertex 159.5961962863803 30.572511330246925 26.5
      vertex 149.73595646768808 33.04402486234903 26.5
      vertex 149.85158718377352 32.751975014805794 26.5
    endloop
  endfacet
  facet normal 0 0 1
    outer loop
      vertex 159.5961962863803 30.572511330246925 26.5
      vertex 149.85158718377352 32.751975014805794 26.5
      vertex 149.94865176826715 32.45324093848467 26.5
    endloop
  endfacet
  facet normal 0 0 1
    outer loop
      vertex 159.5961962863803 30.572511330246925 26.5
      vertex 149.94865176826715 32.45324093848467 26.5
      vertex 150.0267671495676 32.149001620709896 26.5
    endloop
  endfacet
  facet normal 0 0 1
    outer loop
      vertex 159.5961962863803 30.572511330246925 26.5
      vertex 150.0267671495676 32.149001620709896 26.5
      vertex 150.7492405474186 28.91684142500162 26.5
    endloop
  endfacet
  facet normal 0 0 1
    outer loop
      vertex 159.5961962863803 30.572511330246925 26.5
      vertex 150.7492405474186 28.91684142500162 26.5
      vertex 150.80809843540192 28.608297541737556 26.5
    endloop
  endfacet
  facet normal 0 0 1
    outer loop
      vertex 159.64328259974718 30.32567622512579 26.5
      vertex 159.5961962863803 30.572511330246925 26.5
      vertex 150.80809843540192 28.608297541737556 26.5
    endloop
  endfacet
  facet normal 0 0 1
    outer loop
      vertex 159.64328259974718 30.32567622512579 26.5
      vertex 150.80809843540192 28.608297541737556 26.5
      vertex 152.26747484505177 19.394157506525517 26.5
    endloop
  endfacet
  facet normal 0 0 1
    outer loop
      vertex 161.20093351602554 20.491055384278297 26.5
      vertex 159.64328259974718 30.32567622512579 26.5
      vertex 152.26747484505177 19.394157506525517 26.5
    endloop
  endfacet
  facet normal 0 0 1
    outer loop
      vertex 161.20093351602554 20.491055384278297 26.5
      vertex 152.26747484505177 19.394157506525517 26.5
      vertex 152.30684296786785 19.0825267508626 26.5
    endloop
  endfacet
  facet normal 0 0 1
    outer loop
      vertex 161.2324280142784 20.24175077676773 26.5
      vertex 161.20093351602554 20.491055384278297 26.5
      vertex 152.30684296786785 19.0825267508626 26.5
    endloop
  endfacet
  facet normal 0 0 1
    outer loop
      vertex 161.2324280142784 20.24175077676773 26.5
      vertex 152.30684296786785 19.0825267508626 26.5
      vertex 153.18477899581194 9.794933713972569 26.5
    endloop
  endfacet
  facet normal 0 0 1
    outer loop
      vertex 162.1694843173027 10.32873059809208 26.5
      vertex 161.2324280142784 20.24175077676773 26.5
      vertex 153.18477899581194 9.794933713972569 26.5
    endloop
  endfacet
  facet normal 0 0 1
    outer loop
      vertex 162.1694843173027 10.32873059809208 26.5
      vertex 153.18477899581194 9.794933713972569 26.5
      vertex 153.20450197160244 9.48144594579935 26.5
    endloop
  endfacet
  facet normal 0 0 1
    outer loop
      vertex 162.18526270240545 10.077940382063389 26.5
      vertex 162.1694843173027 10.32873059809208 26.5
      vertex 153.20450197160244 9.48144594579935 26.5
    endloop
  endfacet
  facet normal 0 0 1
    outer loop
      vertex 162.18526270240545 10.077940382063389 26.5
      vertex 153.20450197160244 9.48144594579935 26.5
      vertex 153.49753279983997 0.15705379843711853 26.5
    endloop
  endfacet
  facet normal 0 0 1
    outer loop
      vertex 162.49802624434233 0.1256430372595787 26.5
      vertex 162.18526270240545 10.077940382063389 26.5
      vertex 153.49753279983997 0.15705379843711853 26.5
    endloop
  endfacet
  facet normal 0 0 1
    outer loop
      vertex 162.49802624434233 0.1256430372595787 26.5
      vertex 153.49753279983997 0.15705379843711853 26.5
      vertex 153.49753279983997 -0.15705379843711853 26.5
    endloop
  endfacet
  facet normal 0 0 1
    outer loop
      vertex 162.49802624434233 -0.1256430372595787 26.5
      vertex 162.49802624434233 0.1256430372595787 26.5
      vertex 153.49753279983997 -0.15705379843711853 26.5
    endloop
  endfacet
  facet normal 0 0 1
    outer loop
      vertex 162.49802624434233 -0.1256430372595787 26.5
      vertex 153.49753279983997 -0.15705379843711853 26.5
      vertex 153.20450197160244 -9.48144594579935 26.5
    endloop
  endfacet
  facet normal 0 0 1
    outer loop
      vertex 162.18526270240545 -10.077940382063389 26.5
      vertex 162.49802624434233 -0.1256430372595787 26.5
      vertex 153.20450197160244 -9.48144594579935 26.5
    endloop
  endfacet
  facet normal 0 0 1
    outer loop
      vertex 162.18526270240545 -10.077940382063389 26.5
      vertex 153.20450197160244 -9.48144594579935 26.5
      vertex 153.18477899581194 -9.794933713972569 26.5
    endloop
  endfacet
  facet normal 0 0 1
    outer loop
      vertex 162.1694843173027 -10.32873059809208 26.5
      vertex 162.18526270240545 -10.077940382063389 26.5
      vertex 153.18477899581194 -9.794933713972569 26.5
    endloop
  endfacet
  facet normal 0 0 1
    outer loop
      vertex 162.1694843173027 -10.32873059809208 26.5
      vertex 153.18477899581194 -9.794933713972569 26.5
      vertex 152.30684296786785 -19.0825267508626 26.5
    endloop
  endfacet
  facet normal 0 0 1
    outer loop
      vertex 161.2324280142784 -20.24175077676773 26.5
      vertex 162.1694843173027 -10.32873059809208 26.5
      vertex 152.30684296786785 -19.0825267508626 26.5
    endloop
  endfacet
  facet normal 0 0 1
    outer loop
      vertex 161.2324280142784 -20.24175077676773 26.5
      vertex 152.30684296786785 -19.0825267508626 26.5
      vertex 152.26747484505177 -19.394157506525517 26.5
    endloop
  endfacet
  facet normal 0 0 1
    outer loop
      vertex 161.20093351602554 -20.491055384278297 26.5
      vertex 161.2324280142784 -20.24175077676773 26.5
      vertex 152.26747484505177 -19.394157506525517 26.5
    endloop
  endfacet
  facet normal 0 0 1
    outer loop
      vertex 161.20093351602554 -20.491055384278297 26.5
      vertex 152.26747484505177 -19.394157506525517 26.5
      vertex 150.80809843540192 -28.608297541737556 26.5
    endloop
  endfacet
  facet normal 0 0 1
    outer loop
      vertex 159.64328259974718 -30.32567622512579 26.5
      vertex 161.20093351602554 -20.491055384278297 26.5
      vertex 150.80809843540192 -28.608297541737556 26.5
    endloop
  endfacet
  facet normal 0 0 1
    outer loop
      vertex 159.64328259974718 -30.32567622512579 26.5
      vertex 150.80809843540192 -28.608297541737556 26.5
      vertex 150.7492405474186 -28.91684142500162 26.5
    endloop
  endfacet
  facet normal 0 0 1
    outer loop
      vertex 159.5961962863803 -30.572511330246925 26.5
      vertex 159.64328259974718 -30.32567622512579 26.5
      vertex 150.7492405474186 -28.91684142500162 26.5
    endloop
  endfacet
  facet normal 0 0 1
    outer loop
      vertex 159.5961962863803 -30.572511330246925 26.5
      vertex 150.7492405474186 -28.91684142500162 26.5
      vertex 150.0267671495676 -32.149001620709896 26.5
    endloop
  endfacet
  facet normal 0 0 1
    outer loop
      vertex 157.42409808933735 -40.28992009162903 26.5
      vertex 159.5961962863803 -30.572511330246925 26.5
      vertex 150.0267671495676 -32.149001620709896 26.5
    endloop
  endfacet
  facet normal 0 0 1
    outer loop
      vertex 157.42409808933735 -40.28992009162903 26.5
      vertex 150.0267671495676 -32.149001620709896 26.5
      vertex 149.99009913951159 -32.3017348498106 26.5
    endloop
  endfacet
  facet normal 0 0 1
    outer loop
      vertex 157.42409808933735 -40.28992009162903 26.5
      vertex 149.99009913951159 -32.3017348498106 26.5
      vertex 149.90246591717005 -32.603370383381844 26.5
    endloop
  endfacet
  facet normal 0 0 1
    outer loop
      vertex 157.42409808933735 -40.28992009162903 26.5
      vertex 149.90246591717005 -32.603370383381844 26.5
      vertex 149.79606576263905 -32.89890817552805 26.5
    endloop
  endfacet
  facet normal 0 0 1
    outer loop
      vertex 157.42409808933735 -40.28992009162903 26.5
      vertex 149.79606576263905 -32.89890817552805 26.5
      vertex 149.6713185980916 -33.18718187510967 26.5
    endloop
  endfacet
  facet normal 0 0 1
    outer loop
      vertex 157.42409808933735 -40.28992009162903 26.5
      vertex 149.6713185980916 -33.18718187510967 26.5
      vertex 149.52871673554182 -33.46705378592014 26.5
    endloop
  endfacet
  facet normal 0 0 1
    outer loop
      vertex 157.42409808933735 -40.28992009162903 26.5
      vertex 149.52871673554182 -33.46705378592014 26.5
      vertex 149.36882296204567 -33.73741938918829 26.5
    endloop
  endfacet
  facet normal 0 0 1
    outer loop
      vertex 157.42409808933735 -40.28992009162903 26.5
      vertex 149.36882296204567 -33.73741938918829 26.5
      vertex 149.1922683045268 -33.997211679816246 26.5
    endloop
  endfacet
  facet normal 0 0 1
    outer loop
      vertex 157.42409808933735 -40.28992009162903 26.5
      vertex 149.1922683045268 -33.997211679816246 26.5
      vertex 148.99974954873323 -34.24540536105633 26.5
    endloop
  endfacet
  facet normal 0 0 1
    outer loop
      vertex 157.42409808933735 -40.28992009162903 26.5
      vertex 148.99974954873323 -34.24540536105633 26.5
      vertex 148.7920264750719 -34.48102094233036 26.5
    endloop
  endfacet
  facet normal 0 0 1
    outer loop
      vertex 157.42409808933735 -40.28992009162903 26.5
      vertex 148.7920264750719 -34.48102094233036 26.5
      vertex 148.56991886347532 -34.703128553926945 26.5
    endloop
  endfacet
  facet normal 0 0 1
    outer loop
      vertex 157.42409808933735 -40.28992009162903 26.5
      vertex 148.56991886347532 -34.703128553926945 26.5
      vertex 148.3343032822013 -34.91085162758827 26.5
    endloop
  endfacet
  facet normal 0 0 1
    outer loop
      vertex 157.42409808933735 -40.28992009162903 26.5
      vertex 148.3343032822013 -34.91085162758827 26.5
      vertex 148.0861096009612 -35.103370383381844 26.5
    endloop
  endfacet
  facet normal 0 0 1
    outer loop
      vertex 157.42409808933735 -40.28992009162903 26.5
      vertex 148.0861096009612 -35.103370383381844 26.5
      vertex 147.82631731033325 -35.27992504090071 26.5
    endloop
  endfacet
  facet normal 0 0 1
    outer loop
      vertex 157.42409808933735 -40.28992009162903 26.5
      vertex 147.82631731033325 -35.27992504090071 26.5
      vertex 147.5559517070651 -35.43981881439686 26.5
    endloop
  endfacet
  facet normal 0 0 1
    outer loop
      vertex 157.42409808933735 -40.28992009162903 26.5
      vertex 147.5559517070651 -35.43981881439686 26.5
      vertex 147.27607979625463 -35.58242067694664 26.5
    endloop
  endfacet
  facet normal 0 0 1
    outer loop
      vertex 157.42409808933735 -40.28992009162903 26.5
      vertex 147.27607979625463 -35.58242067694664 26.5
      vertex 146.987806096673 -35.70716784149408 26.5
    endloop
  endfacet
  facet normal 0 0 1
    outer loop
      vertex 157.42409808933735 -40.28992009162903 26.5
      vertex 146.987806096673 -35.70716784149408 26.5
      vertex 146.6922683045268 -35.813567996025085 26.5
    endloop
  endfacet
  facet normal 0 0 1
    outer loop
      vertex 157.42409808933735 -40.28992009162903 26.5
      vertex 146.6922683045268 -35.813567996025085 26.5
      vertex 146.39063277095556 -35.90120121836662 26.5
    endloop
  endfacet
  facet normal 0 0 1
    outer loop
      vertex 157.42409808933735 -40.28992009162903 26.5
      vertex 146.39063277095556 -35.90120121836662 26.5
      vertex 146.08408991247416 -35.96972166746855 26.5
    endloop
  endfacet
  facet normal 0 0 1
    outer loop
      vertex 157.42409808933735 -40.28992009162903 26.5
      vertex 146.08408991247416 -35.96972166746855 26.5
      vertex 145.77384950220585 -36.018858924508095 26.5
    endloop
  endfacet
  facet normal 0 0 1
    outer loop
      vertex 157.42409808933735 -40.28992009162903 26.5
      vertex 145.77384950220585 -36.018858924508095 26.5
      vertex 145.46113593131304 -36.04841905832291 26.5
    endloop
  endfacet
  facet normal 0 0 1
    outer loop
      vertex 157.42409808933735 -40.28992009162903 26.5
      vertex 145.46113593131304 -36.04841905832291 26.5
      vertex 145.14718333631754 -36.05828541517258 26.5
    endloop
  endfacet
  facet normal 0 0 1
    outer loop
      vertex 157.42409808933735 -40.28992009162903 26.5
      vertex 145.14718333631754 -36.05828541517258 26.5
      vertex 134.90546396374702 -36.05828541517258 26.5
    endloop
  endfacet
  facet normal 0 0 1
    outer loop
      vertex 114.12443433701992 -37.081276558339596 26.5
      vertex 157.42409808933735 -40.28992009162903 26.5
      vertex 134.90546396374702 -36.05828541517258 26.5
    endloop
  endfacet
  facet normal 0 0 1
    outer loop
      vertex 114.12443433701992 -37.081276558339596 26.5
      vertex 134.90546396374702 -36.05828541517258 26.5
      vertex 134.7484101653099 -36.05581821501255 26.5
    endloop
  endfacet
  facet normal 0 0 1
    outer loop
      vertex 114.12443433701992 -37.081276558339596 26.5
      vertex 134.7484101653099 -36.05581821501255 26.5
      vertex 134.4349223971367 -36.03609523922205 26.5
    endloop
  endfacet
  facet normal 0 0 1
    outer loop
      vertex 114.12443433701992 -37.081276558339596 26.5
      vertex 134.4349223971367 -36.03609523922205 26.5
      vertex 134.1232916340232 -35.996727116405964 26.5
    endloop
  endfacet
  facet normal 0 0 1
    outer loop
      vertex 114.12443433701992 -37.081276558339596 26.5
      vertex 134.1232916340232 -35.996727116405964 26.5
      vertex 133.8147477582097 -35.93786922097206 26.5
    endloop
  endfacet
  facet normal 0 0 1
    outer loop
      vertex 114.12443433701992 -37.081276558339596 26.5
      vertex 133.8147477582097 -35.93786922097206 26.5
      vertex 133.51050843298435 -35.85975383967161 26.5
    endloop
  endfacet
  facet normal 0 0 1
    outer loop
      vertex 114.12443433701992 -37.081276558339596 26.5
      vertex 133.51050843298435 -35.85975383967161 26.5
      vertex 133.2117743641138 -35.762689262628555 26.5
    endloop
  endfacet
  facet normal 0 0 1
    outer loop
      vertex 114.12443433701992 -37.081276558339596 26.5
      vertex 133.2117743641138 -35.762689262628555 26.5
      vertex 132.91972450912 -35.64705854654312 26.5
    endloop
  endfacet
  facet normal 0 0 1
    outer loop
      vertex 114.12443433701992 -37.081276558339596 26.5
      vertex 132.91972450912 -35.64705854654312 26.5
      vertex 132.63551146537066 -35.51331803202629 26.5
    endloop
  endfacet
  facet normal 0 0 1
    outer loop
      vertex 114.12443433701992 -37.081276558339596 26.5
      vertex 132.63551146537066 -35.51331803202629 26.5
      vertex 132.36025688052177 -35.36199554800987 26.5
    endloop
  endfacet
  facet normal 0 0 1
    outer loop
      vertex 114.12443433701992 -37.081276558339596 26.5
      vertex 132.36025688052177 -35.36199554800987 26.5
      vertex 132.09504707157612 -35.19368828833103 26.5
    endloop
  endfacet
  facet normal 0 0 1
    outer loop
      vertex 114.12443433701992 -37.081276558339596 26.5
      vertex 132.09504707157612 -35.19368828833103 26.5
      vertex 131.84092869609594 -35.009060479700565 26.5
    endloop
  endfacet
  facet normal 0 0 1
    outer loop
      vertex 114.12443433701992 -37.081276558339596 26.5
      vertex 131.84092869609594 -35.009060479700565 26.5
      vertex 131.5989046394825 -34.80884075909853 26.5
    endloop
  endfacet
  facet normal 0 0 1
    outer loop
      vertex 114.12443433701992 -37.081276558339596 26.5
      vertex 131.5989046394825 -34.80884075909853 26.5
      vertex 131.36993005871773 -34.593819320201874 26.5
    endloop
  endfacet
  facet normal 0 0 1
    outer loop
      vertex 114.12443433701992 -37.081276558339596 26.5
      vertex 131.36993005871773 -34.593819320201874 26.5
      vertex 131.1549086123705 -34.3648447394371 26.5
    endloop
  endfacet
  facet normal 0 0 1
    outer loop
      vertex 114.12443433701992 -37.081276558339596 26.5
      vertex 131.1549086123705 -34.3648447394371 26.5
      vertex 130.95468889921904 -34.12282068282366 26.5
    endloop
  endfacet
  facet normal 0 0 1
    outer loop
      vertex 114.12443433701992 -37.081276558339596 26.5
      vertex 130.95468889921904 -34.12282068282366 26.5
      vertex 130.77006109058857 -33.8687022998929 26.5
    endloop
  endfacet
  facet normal 0 0 1
    outer loop
      vertex 114.12443433701992 -37.081276558339596 26.5
      vertex 130.77006109058857 -33.8687022998929 26.5
      vertex 130.60175383090973 -33.60349249094725 26.5
    endloop
  endfacet
  facet normal 0 0 1
    outer loop
      vertex 114.12443433701992 -37.081276558339596 26.5
      vertex 130.60175383090973 -33.60349249094725 26.5
      vertex 130.45043133944273 -33.328237913548946 26.5
    endloop
  endfacet
  facet normal 0 0 1
    outer loop
      vertex 114.12443433701992 -37.081276558339596 26.5
      vertex 130.45043133944273 -33.328237913548946 26.5
      vertex 130.31669083237648 -33.044024869799614 26.5
    endloop
  endfacet
  facet normal 0 0 1
    outer loop
      vertex 114.12443433701992 -37.081276558339596 26.5
      vertex 130.31669083237648 -33.044024869799614 26.5
      vertex 130.20106011629105 -32.751975014805794 26.5
    endloop
  endfacet
  facet normal 0 0 1
    outer loop
      vertex 116.22758848965168 -29.842172488570213 26.5
      vertex 114.12443433701992 -37.081276558339596 26.5
      vertex 130.20106011629105 -32.751975014805794 26.5
    endloop
  endfacet
  facet normal 0 0 1
    outer loop
      vertex 116.22758848965168 -29.842172488570213 26.5
      vertex 130.20106011629105 -32.751975014805794 26.5
      vertex 130.1039955317974 -32.45324094593525 26.5
    endloop
  endfacet
  facet normal 0 0 1
    outer loop
      vertex 116.22758848965168 -29.842172488570213 26.5
      vertex 130.1039955317974 -32.45324094593525 26.5
      vertex 130.02588015049696 -32.149001620709896 26.5
    endloop
  endfacet
  facet normal 0 0 1
    outer loop
      vertex 116.22758848965168 -29.842172488570213 26.5
      vertex 130.02588015049696 -32.149001620709896 26.5
      vertex 129.96702226251364 -31.84045773744583 26.5
    endloop
  endfacet
  facet normal 0 0 1
    outer loop
      vertex 116.22758848965168 -29.842172488570213 26.5
      vertex 129.96702226251364 -31.84045773744583 26.5
      vertex 129.92765413969755 -31.528826981782913 26.5
    endloop
  endfacet
  facet normal 0 0 1
    outer loop
      vertex 116.22758848965168 -29.842172488570213 26.5
      vertex 129.92765413969755 -31.528826981782913 26.5
      vertex 129.90793116390705 -31.215339206159115 26.5
    endloop
  endfacet
  facet normal 0 0 1
    outer loop
      vertex 116.22758848965168 -29.842172488570213 26.5
      vertex 129.90793116390705 -31.215339206159115 26.5
      vertex 129.90793116390705 -30.90123161673546 26.5
    endloop
  endfacet
  facet normal 0 0 1
    outer loop
      vertex 116.22758848965168 -29.842172488570213 26.5
      vertex 129.90793116390705 -30.90123161673546 26.5
      vertex 129.92143939435482 -30.68652432411909 26.5
    endloop
  endfacet
  facet normal 0 0 1
    outer loop
      vertex 117.58802887052298 -23.755912117660046 26.5
      vertex 116.22758848965168 -29.842172488570213 26.5
      vertex 129.92143939435482 -30.68652432411909 26.5
    endloop
  endfacet
  facet normal 0 0 1
    outer loop
      vertex 117.62469687312841 -23.603178896009922 26.5
      vertex 117.58802887052298 -23.755912117660046 26.5
      vertex 129.92143939435482 -30.68652432411909 26.5
    endloop
  endfacet
  facet normal 0 0 1
    outer loop
      vertex 117.71233009546995 -23.30154336243868 26.5
      vertex 117.62469687312841 -23.603178896009922 26.5
      vertex 129.92143939435482 -30.68652432411909 26.5
    endloop
  endfacet
  facet normal 0 0 1
    outer loop
      vertex 117.81873025000095 -23.006005570292473 26.5
      vertex 117.71233009546995 -23.30154336243868 26.5
      vertex 129.92143939435482 -30.68652432411909 26.5
    endloop
  endfacet
  facet normal 0 0 1
    outer loop
      vertex 117.9434774145484 -22.71773187071085 26.5
      vertex 117.81873025000095 -23.006005570292473 26.5
      vertex 129.92143939435482 -30.68652432411909 26.5
    endloop
  endfacet
  facet normal 0 0 1
    outer loop
      vertex 118.08607927709818 -22.43785995990038 26.5
      vertex 117.9434774145484 -22.71773187071085 26.5
      vertex 129.92143939435482 -30.68652432411909 26.5
    endloop
  endfacet
  facet normal 0 0 1
    outer loop
      vertex 118.24597305059433 -22.167494356632233 26.5
      vertex 118.08607927709818 -22.43785995990038 26.5
      vertex 129.92143939435482 -30.68652432411909 26.5
    endloop
  endfacet
  facet normal 0 0 1
    outer loop
      vertex 118.4225277081132 -21.907702066004276 26.5
      vertex 118.24597305059433 -22.167494356632233 26.5
      vertex 129.92143939435482 -30.68652432411909 26.5
    endloop
  endfacet
  facet normal 0 0 1
    outer loop
      vertex 118.61504646390676 -21.659508384764194 26.5
      vertex 118.4225277081132 -21.907702066004276 26.5
      vertex 129.92143939435482 -30.68652432411909 26.5
    endloop
  endfacet
  facet normal 0 0 1
    outer loop
      vertex 118.82276953756809 -21.423892803490162 26.5
      vertex 118.61504646390676 -21.659508384764194 26.5
      vertex 129.92143939435482 -30.68652432411909 26.5
    endloop
  endfacet
  facet normal 0 0 1
    outer loop
      vertex 119.04487714916468 -21.201785191893578 26.5
      vertex 118.82276953756809 -21.423892803490162 26.5
      vertex 129.92143939435482 -30.68652432411909 26.5
    endloop
  endfacet
  facet normal 0 0 1
    outer loop
      vertex 119.28049273043871 -20.99406211823225 26.5
      vertex 119.04487714916468 -21.201785191893578 26.5
      vertex 129.92143939435482 -30.68652432411909 26.5
    endloop
  endfacet
  facet normal 0 0 1
    outer loop
      vertex 119.52868641167879 -20.80154336243868 26.5
      vertex 119.28049273043871 -20.99406211823225 26.5
      vertex 129.92143939435482 -30.68652432411909 26.5
    endloop
  endfacet
  facet normal 0 0 1
    outer loop
      vertex 119.78847870230675 -20.624988704919815 26.5
      vertex 119.52868641167879 -20.80154336243868 26.5
      vertex 129.92143939435482 -30.68652432411909 26.5
    endloop
  endfacet
  facet normal 0 0 1
    outer loop
      vertex 120.0588443055749 -20.465094931423664 26.5
      vertex 119.78847870230675 -20.624988704919815 26.5
      vertex 129.92143939435482 -30.68652432411909 26.5
    endloop
  endfacet
  facet normal 0 0 1
    outer loop
      vertex 120.33871621638536 -20.322493068873882 26.5
      vertex 120.0588443055749 -20.465094931423664 26.5
      vertex 129.92143939435482 -30.68652432411909 26.5
    endloop
  endfacet
  facet normal 0 0 1
    outer loop
      vertex 120.62698991596699 -20.19774590432644 26.5
      vertex 120.33871621638536 -20.322493068873882 26.5
      vertex 129.92143939435482 -30.68652432411909 26.5
    endloop
  endfacet
  facet normal 0 0 1
    outer loop
      vertex 120.9225277081132 -20.091345749795437 26.5
      vertex 120.62698991596699 -20.19774590432644 26.5
      vertex 129.92143939435482 -30.68652432411909 26.5
    endloop
  endfacet
  facet normal 0 0 1
    outer loop
      vertex 121.22416324168444 -20.0037125274539 26.5
      vertex 120.9225277081132 -20.091345749795437 26.5
      vertex 129.92143939435482 -30.68652432411909 26.5
    endloop
  endfacet
  facet normal 0 0 1
    outer loop
      vertex 121.53070610016584 -19.935192078351974 26.5
      vertex 121.22416324168444 -20.0037125274539 26.5
      vertex 129.92143939435482 -30.68652432411909 26.5
    endloop
  endfacet
  facet normal 0 0 1
    outer loop
      vertex 121.84094651043415 -19.886054821312428 26.5
      vertex 121.53070610016584 -19.935192078351974 26.5
      vertex 129.92143939435482 -30.68652432411909 26.5
    endloop
  endfacet
  facet normal 0 0 1
    outer loop
      vertex 122.15366008132696 -19.856494687497616 26.5
      vertex 121.84094651043415 -19.886054821312428 26.5
      vertex 129.92143939435482 -30.68652432411909 26.5
    endloop
  endfacet
  facet normal 0 0 1
    outer loop
      vertex 122.46761267632246 -19.846628330647945 26.5
      vertex 122.15366008132696 -19.856494687497616 26.5
      vertex 129.92143939435482 -30.68652432411909 26.5
    endloop
  endfacet
  facet normal 0 0 1
    outer loop
      vertex 122.46761267632246 -19.846628330647945 26.5
      vertex 129.92143939435482 -30.68652432411909 26.5
      vertex 130.98300685733557 -25.937344536185265 26.5
    endloop
  endfacet
  facet normal 0 0 1
    outer loop
      vertex 122.46761267632246 -19.846628330647945 26.5
      vertex 130.98300685733557 -25.937344536185265 26.5
      vertex 131.04186475276947 -25.62880066037178 26.5
    endloop
  endfacet
  facet normal 0 0 1
    outer loop
      vertex 122.46761267632246 -19.846628330647945 26.5
      vertex 131.04186475276947 -25.62880066037178 26.5
      vertex 131.08123287558556 -25.31716989725828 26.5
    endloop
  endfacet
  facet normal 0 0 1
    outer loop
      vertex 122.46761267632246 -19.846628330647945 26.5
      vertex 131.08123287558556 -25.31716989725828 26.5
      vertex 131.0874476134777 -25.21838938444853 26.5
    endloop
  endfacet
  facet normal 0 0 1
    outer loop
      vertex 122.46761267632246 -19.846628330647945 26.5
      vertex 131.0874476134777 -25.21838938444853 26.5
      vertex 131.10095585137606 -24.846628330647945 26.5
    endloop
  endfacet
  facet normal 0 0 1
    outer loop
      vertex 122.46761267632246 -19.846628330647945 26.5
      vertex 131.10095585137606 -24.846628330647945 26.5
      vertex 131.10095585137606 -24.689574539661407 26.5
    endloop
  endfacet
  facet normal 0 0 1
    outer loop
      vertex 122.46761267632246 -19.846628330647945 26.5
      vertex 131.10095585137606 -24.689574539661407 26.5
      vertex 131.08123287558556 -24.37608676403761 26.5
    endloop
  endfacet
  facet normal 0 0 1
    outer loop
      vertex 122.46761267632246 -19.846628330647945 26.5
      vertex 131.08123287558556 -24.37608676403761 26.5
      vertex 131.04186475276947 -24.06445600837469 26.5
    endloop
  endfacet
  facet normal 0 0 1
    outer loop
      vertex 122.46761267632246 -19.846628330647945 26.5
      vertex 131.04186475276947 -24.06445600837469 26.5
      vertex 130.98300686478615 -23.755912125110626 26.5
    endloop
  endfacet
  facet normal 0 0 1
    outer loop
      vertex 122.46761267632246 -19.846628330647945 26.5
      vertex 130.98300686478615 -23.755912125110626 26.5
      vertex 130.9048914834857 -23.451672799885273 26.5
    endloop
  endfacet
  facet normal 0 0 1
    outer loop
      vertex 122.46761267632246 -19.846628330647945 26.5
      vertex 130.9048914834857 -23.451672799885273 26.5
      vertex 130.80782689899206 -23.15293873101473 26.5
    endloop
  endfacet
  facet normal 0 0 1
    outer loop
      vertex 122.46761267632246 -19.846628330647945 26.5
      vertex 130.80782689899206 -23.15293873101473 26.5
      vertex 130.69219618290663 -22.86088887602091 26.5
    endloop
  endfacet
  facet normal 0 0 1
    outer loop
      vertex 122.46761267632246 -19.846628330647945 26.5
      vertex 130.69219618290663 -22.86088887602091 26.5
      vertex 130.55845567584038 -22.576675832271576 26.5
    endloop
  endfacet
  facet normal 0 0 1
    outer loop
      vertex 122.46761267632246 -19.846628330647945 26.5
      vertex 130.55845567584038 -22.576675832271576 26.5
      vertex 130.40713318437338 -22.301421254873276 26.5
    endloop
  endfacet
  facet normal 0 0 1
    outer loop
      vertex 122.46761267632246 -19.846628330647945 26.5
      vertex 130.40713318437338 -22.301421254873276 26.5
      vertex 130.23882592469454 -22.03621144592762 26.5
    endloop
  endfacet
  facet normal 0 0 1
    outer loop
      vertex 126.10342305153608 -19.846628330647945 26.5
      vertex 122.46761267632246 -19.846628330647945 26.5
      vertex 130.23882592469454 -22.03621144592762 26.5
    endloop
  endfacet
  facet normal 0 0 1
    outer loop
      vertex 126.2604768499732 -19.849095530807972 26.5
      vertex 126.10342305153608 -19.846628330647945 26.5
      vertex 130.23882592469454 -22.03621144592762 26.5
    endloop
  endfacet
  facet normal 0 0 1
    outer loop
      vertex 126.57396461814642 -19.868818506598473 26.5
      vertex 126.2604768499732 -19.849095530807972 26.5
      vertex 130.23882592469454 -22.03621144592762 26.5
    endloop
  endfacet
  facet normal 0 0 1
    outer loop
      vertex 126.88559538125992 -19.90818662941456 26.5
      vertex 126.57396461814642 -19.868818506598473 26.5
      vertex 130.23882592469454 -22.03621144592762 26.5
    endloop
  endfacet
  facet normal 0 0 1
    outer loop
      vertex 127.1941392570734 -19.96704452484846 26.5
      vertex 126.88559538125992 -19.90818662941456 26.5
      vertex 130.23882592469454 -22.03621144592762 26.5
    endloop
  endfacet
  facet normal 0 0 1
    outer loop
      vertex 127.1941392570734 -19.96704452484846 26.5
      vertex 130.23882592469454 -22.03621144592762 26.5
      vertex 130.05419811606407 -21.782093062996864 26.5
    endloop
  endfacet
  facet normal 0 0 1
    outer loop
      vertex 127.49837858229876 -20.04515990614891 26.5
      vertex 127.1941392570734 -19.96704452484846 26.5
      vertex 130.05419811606407 -21.782093062996864 26.5
    endloop
  endfacet
  facet normal 0 0 1
    outer loop
      vertex 127.49837858229876 -20.04515990614891 26.5
      vertex 130.05419811606407 -21.782093062996864 26.5
      vertex 129.85397840291262 -21.54006900638342 26.5
    endloop
  endfacet
  facet normal 0 0 1
    outer loop
      vertex 127.49837858229876 -20.04515990614891 26.5
      vertex 129.85397840291262 -21.54006900638342 26.5
      vertex 129.63895695656538 -21.31109442561865 26.5
    endloop
  endfacet
  facet normal 0 0 1
    outer loop
      vertex 127.49837858229876 -20.04515990614891 26.5
      vertex 129.63895695656538 -21.31109442561865 26.5
      vertex 129.4099823758006 -21.096072986721992 26.5
    endloop
  endfacet
  facet normal 0 0 1
    outer loop
      vertex 127.7971126511693 -20.142224483191967 26.5
      vertex 127.49837858229876 -20.04515990614891 26.5
      vertex 129.4099823758006 -21.096072986721992 26.5
    endloop
  endfacet
  facet normal 0 0 1
    outer loop
      vertex 127.7971126511693 -20.142224483191967 26.5
      vertex 129.4099823758006 -21.096072986721992 26.5
      vertex 129.16795831918716 -20.895853273570538 26.5
    endloop
  endfacet
  facet normal 0 0 1
    outer loop
      vertex 128.08916250616312 -20.2578551992774 26.5
      vertex 127.7971126511693 -20.142224483191967 26.5
      vertex 129.16795831918716 -20.895853273570538 26.5
    endloop
  endfacet
  facet normal 0 0 1
    outer loop
      vertex 128.08916250616312 -20.2578551992774 26.5
      vertex 129.16795831918716 -20.895853273570538 26.5
      vertex 128.913839943707 -20.71122545748949 26.5
    endloop
  endfacet
  facet normal 0 0 1
    outer loop
      vertex 128.913839943707 -20.71122545748949 26.5
      vertex 128.64863013476133 -20.54291819781065 26.5
      vertex 128.37337554991245 -20.39159571379423 26.5
    endloop
  endfacet
  facet normal 0 0 1
    outer loop
      vertex 128.08916250616312 -20.2578551992774 26.5
      vertex 128.913839943707 -20.71122545748949 26.5
      vertex 128.37337554991245 -20.39159571379423 26.5
    endloop
  endfacet
  facet normal 0 0 -1
    outer loop
      vertex 131.10095585137606 -24.846628330647945 0
      vertex 131.15958169847727 -24.846628330647945 0
      vertex 131.13292327523232 -25.01494298875332 0
    endloop
  endfacet
  facet normal 0 0 -1
    outer loop
      vertex 131.13292327523232 25.01494298875332 0
      vertex 131.15958169847727 24.846628330647945 0
      vertex 131.10342305153608 24.846628330647945 0
    endloop
  endfacet
  facet normal 0 0 -1
    outer loop
      vertex 153.04369439184666 -45.05828541517258 0
      vertex 111.18823504447937 -45.05828541517258 0
      vertex 111.57088321447372 -44.17403765767813 0
    endloop
  endfacet
  facet normal 0 0 -1
    outer loop
      vertex 111.57088321447372 44.17403765767813 0
      vertex 111.18823504447937 45.05828541517258 0
      vertex 153.04369439184666 45.05828541517258 0
    endloop
  endfacet
  facet normal 0 0 -1
    outer loop
      vertex 131.10095585137606 -24.846628330647945 0
      vertex 131.13292327523232 -25.01494298875332 0
      vertex 131.0874476134777 -25.21838938444853 0
    endloop
  endfacet
  facet normal 0 0 -1
    outer loop
      vertex 131.08856450766325 25.213392674922943 0
      vertex 131.13292327523232 25.01494298875332 0
      vertex 131.10342305153608 24.846628330647945 0
    endloop
  endfacet
  facet normal 0 0 -1
    outer loop
      vertex 153.04369439184666 -45.05828541517258 0
      vertex 111.57088321447372 -44.17403765767813 0
      vertex 114.12443433701992 -37.081276558339596 0
    endloop
  endfacet
  facet normal 0 0 -1
    outer loop
      vertex 114.12443433701992 37.081276558339596 0
      vertex 111.57088321447372 44.17403765767813 0
      vertex 153.04369439184666 45.05828541517258 0
    endloop
  endfacet
  facet normal 0 0 -1
    outer loop
      vertex 153.29485646635294 -45.05039232969284 0
      vertex 153.04369439184666 -45.05828541517258 0
      vertex 114.12443433701992 -37.081276558339596 0
    endloop
  endfacet
  facet normal 0 0 -1
    outer loop
      vertex 153.5450273230672 -45.02674422413111 0
      vertex 153.29485646635294 -45.05039232969284 0
      vertex 114.12443433701992 -37.081276558339596 0
    endloop
  endfacet
  facet normal 0 0 -1
    outer loop
      vertex 153.7932196483016 -44.987434417009354 0
      vertex 153.5450273230672 -45.02674422413111 0
      vertex 114.12443433701992 -37.081276558339596 0
    endloop
  endfacet
  facet normal 0 0 -1
    outer loop
      vertex 154.03845394402742 -44.93261805921793 0
      vertex 153.7932196483016 -44.987434417009354 0
      vertex 114.12443433701992 -37.081276558339596 0
    endloop
  endfacet
  facet normal 0 0 -1
    outer loop
      vertex 154.27976237237453 -44.86251147836447 0
      vertex 154.03845394402742 -44.93261805921793 0
      vertex 114.12443433701992 -37.081276558339596 0
    endloop
  endfacet
  facet normal 0 0 -1
    outer loop
      vertex 154.51619260013103 -44.777391359210014 0
      vertex 154.27976237237453 -44.86251147836447 0
      vertex 114.12443433701992 -37.081276558339596 0
    endloop
  endfacet
  facet normal 0 0 -1
    outer loop
      vertex 154.74681156128645 -44.67759362608194 0
      vertex 154.51619260013103 -44.777391359210014 0
      vertex 114.12443433701992 -37.081276558339596 0
    endloop
  endfacet
  facet normal 0 0 -1
    outer loop
      vertex 154.97070908546448 -44.56351213902235 0
      vertex 154.74681156128645 -44.67759362608194 0
      vertex 114.12443433701992 -37.081276558339596 0
    endloop
  endfacet
  facet normal 0 0 -1
    outer loop
      vertex 155.18700157105923 -44.435597114264965 0
      vertex 154.97070908546448 -44.56351213902235 0
      vertex 114.12443433701992 -37.081276558339596 0
    endloop
  endfacet
  facet normal 0 0 -1
    outer loop
      vertex 155.39483539760113 -44.294353395700455 0
      vertex 155.18700157105923 -44.435597114264965 0
      vertex 114.12443433701992 -37.081276558339596 0
    endloop
  endfacet
  facet normal 0 0 -1
    outer loop
      vertex 155.593390353024 -44.14033838361502 0
      vertex 155.39483539760113 -44.294353395700455 0
      vertex 114.12443433701992 -37.081276558339596 0
    endloop
  endfacet
  facet normal 0 0 -1
    outer loop
      vertex 155.781882815063 -43.97415992617607 0
      vertex 155.593390353024 -44.14033838361502 0
      vertex 114.12443433701992 -37.081276558339596 0
    endloop
  endfacet
  facet normal 0 0 -1
    outer loop
      vertex 155.95956890285015 -43.79647383838892 0
      vertex 155.781882815063 -43.97415992617607 0
      vertex 114.12443433701992 -37.081276558339596 0
    endloop
  endfacet
  facet normal 0 0 -1
    outer loop
      vertex 156.1257473602891 -43.607981376349926 0
      vertex 155.95956890285015 -43.79647383838892 0
      vertex 114.12443433701992 -37.081276558339596 0
    endloop
  endfacet
  facet normal 0 0 -1
    outer loop
      vertex 156.27976237237453 -43.40942642092705 0
      vertex 156.1257473602891 -43.607981376349926 0
      vertex 114.12443433701992 -37.081276558339596 0
    endloop
  endfacet
  facet normal 0 0 -1
    outer loop
      vertex 156.42100609093904 -43.20159259438515 0
      vertex 156.27976237237453 -43.40942642092705 0
      vertex 114.12443433701992 -37.081276558339596 0
    endloop
  endfacet
  facet normal 0 0 -1
    outer loop
      vertex 156.54892111569643 -42.9853001087904 0
      vertex 156.42100609093904 -43.20159259438515 0
      vertex 114.12443433701992 -37.081276558339596 0
    endloop
  endfacet
  facet normal 0 0 -1
    outer loop
      vertex 156.66300260275602 -42.76140258461237 0
      vertex 156.54892111569643 -42.9853001087904 0
      vertex 114.12443433701992 -37.081276558339596 0
    endloop
  endfacet
  facet normal 0 0 -1
    outer loop
      vertex 156.7628003358841 -42.530783623456955 0
      vertex 156.66300260275602 -42.76140258461237 0
      vertex 114.12443433701992 -37.081276558339596 0
    endloop
  endfacet
  facet normal 0 0 -1
    outer loop
      vertex 156.84792045503855 -42.294353395700455 0
      vertex 156.7628003358841 -42.530783623456955 0
      vertex 114.12443433701992 -37.081276558339596 0
    endloop
  endfacet
  facet normal 0 0 -1
    outer loop
      vertex 156.88486912846565 -42.17424985021353 0
      vertex 156.84792045503855 -42.294353395700455 0
      vertex 114.12443433701992 -37.081276558339596 0
    endloop
  endfacet
  facet normal 0 0 -1
    outer loop
      vertex 114.12443433701992 37.081276558339596 0
      vertex 153.04369439184666 45.05828541517258 0
      vertex 153.16933742165565 45.056311659514904 0
    endloop
  endfacet
  facet normal 0 0 -1
    outer loop
      vertex 114.12443433701992 37.081276558339596 0
      vertex 153.16933742165565 45.056311659514904 0
      vertex 153.42012763768435 45.040533274412155 0
    endloop
  endfacet
  facet normal 0 0 -1
    outer loop
      vertex 114.12443433701992 37.081276558339596 0
      vertex 153.42012763768435 45.040533274412155 0
      vertex 153.6694322451949 45.00903877615929 0
    endloop
  endfacet
  facet normal 0 0 -1
    outer loop
      vertex 114.12443433701992 37.081276558339596 0
      vertex 153.6694322451949 45.00903877615929 0
      vertex 153.91626735031605 44.9619524627924 0
    endloop
  endfacet
  facet normal 0 0 -1
    outer loop
      vertex 114.12443433701992 37.081276558339596 0
      vertex 153.91626735031605 44.9619524627924 0
      vertex 154.15965880453587 44.89946015924215 0
    endloop
  endfacet
  facet normal 0 0 -1
    outer loop
      vertex 114.12443433701992 37.081276558339596 0
      vertex 154.15965880453587 44.89946015924215 0
      vertex 154.39864606410265 44.821808494627476 0
    endloop
  endfacet
  facet normal 0 0 -1
    outer loop
      vertex 114.12443433701992 37.081276558339596 0
      vertex 154.39864606410265 44.821808494627476 0
      vertex 154.63228594511747 44.729303918778896 0
    endloop
  endfacet
  facet normal 0 0 -1
    outer loop
      vertex 114.12443433701992 37.081276558339596 0
      vertex 154.63228594511747 44.729303918778896 0
      vertex 154.85965637862682 44.622311517596245 0
    endloop
  endfacet
  facet normal 0 0 -1
    outer loop
      vertex 114.12443433701992 37.081276558339596 0
      vertex 154.85965637862682 44.622311517596245 0
      vertex 155.07986004650593 44.50125353038311 0
    endloop
  endfacet
  facet normal 0 0 -1
    outer loop
      vertex 114.12443433701992 37.081276558339596 0
      vertex 155.07986004650593 44.50125353038311 0
      vertex 155.2920278981328 44.36660771816969 0
    endloop
  endfacet
  facet normal 0 0 -1
    outer loop
      vertex 114.12443433701992 37.081276558339596 0
      vertex 155.2920278981328 44.36660771816969 0
      vertex 155.49532260000706 44.218905471265316 0
    endloop
  endfacet
  facet normal 0 0 -1
    outer loop
      vertex 114.12443433701992 37.081276558339596 0
      vertex 155.49532260000706 44.218905471265316 0
      vertex 155.6889418438077 44.05872970074415 0
    endloop
  endfacet
  facet normal 0 0 -1
    outer loop
      vertex 114.12443433701992 37.081276558339596 0
      vertex 155.6889418438077 44.05872970074415 0
      vertex 155.87212151288986 43.88671254366636 0
    endloop
  endfacet
  facet normal 0 0 -1
    outer loop
      vertex 114.12443433701992 37.081276558339596 0
      vertex 155.87212151288986 43.88671254366636 0
      vertex 156.04413866251707 43.70353288203478 0
    endloop
  endfacet
  facet normal 0 0 -1
    outer loop
      vertex 114.12443433701992 37.081276558339596 0
      vertex 156.04413866251707 43.70353288203478 0
      vertex 156.20431443303823 43.50991363823414 0
    endloop
  endfacet
  facet normal 0 0 -1
    outer loop
      vertex 114.12443433701992 37.081276558339596 0
      vertex 156.20431443303823 43.50991363823414 0
      vertex 156.3520166799426 43.30661893635988 0
    endloop
  endfacet
  facet normal 0 0 -1
    outer loop
      vertex 114.12443433701992 37.081276558339596 0
      vertex 156.3520166799426 43.30661893635988 0
      vertex 156.48666249215603 43.09445108473301 0
    endloop
  endfacet
  facet normal 0 0 -1
    outer loop
      vertex 114.12443433701992 37.081276558339596 0
      vertex 156.48666249215603 43.09445108473301 0
      vertex 156.60772048681974 42.874247424304485 0
    endloop
  endfacet
  facet normal 0 0 -1
    outer loop
      vertex 114.12443433701992 37.081276558339596 0
      vertex 156.60772048681974 42.874247424304485 0
      vertex 156.7147128880024 42.646876983344555 0
    endloop
  endfacet
  facet normal 0 0 -1
    outer loop
      vertex 114.12443433701992 37.081276558339596 0
      vertex 156.7147128880024 42.646876983344555 0
      vertex 156.80721746385098 42.41323710232973 0
    endloop
  endfacet
  facet normal 0 0 -1
    outer loop
      vertex 114.12443433701992 37.081276558339596 0
      vertex 156.80721746385098 42.41323710232973 0
      vertex 156.88486912846565 42.17424985021353 0
    endloop
  endfacet
  facet normal 0 0 -1
    outer loop
      vertex 157.36160577833652 -40.53331155329943 0
      vertex 156.88486912846565 -42.17424985021353 0
      vertex 114.12443433701992 -37.081276558339596 0
    endloop
  endfacet
  facet normal 0 0 -1
    outer loop
      vertex 114.12443433701992 37.081276558339596 0
      vertex 156.88486912846565 42.17424985021353 0
      vertex 157.3616057857871 40.533311538398266 0
    endloop
  endfacet
  facet normal 0 0 -1
    outer loop
      vertex 157.42409808933735 -40.28992009162903 0
      vertex 157.36160577833652 -40.53331155329943 0
      vertex 114.12443433701992 -37.081276558339596 0
    endloop
  endfacet
  facet normal 0 0 -1
    outer loop
      vertex 114.12443433701992 37.081276558339596 0
      vertex 157.3616057857871 40.533311538398266 0
      vertex 157.42409808933735 40.28992008417845 0
    endloop
  endfacet
  facet normal 0 0 -1
    outer loop
      vertex 131.08856450766325 25.213392674922943 0
      vertex 131.10342305153608 24.846628330647945 0
      vertex 131.0935566946864 24.532675735652447 0
    endloop
  endfacet
  facet normal 0 0 -1
    outer loop
      vertex 131.08856450766325 25.213392674922943 0
      vertex 131.0935566946864 24.532675735652447 0
      vertex 131.0639965608716 24.219962164759636 0
    endloop
  endfacet
  facet normal 0 0 -1
    outer loop
      vertex 131.08856450766325 25.213392674922943 0
      vertex 131.0639965608716 24.219962164759636 0
      vertex 131.01485930383205 23.90972175449133 0
    endloop
  endfacet
  facet normal 0 0 -1
    outer loop
      vertex 131.08856450766325 25.213392674922943 0
      vertex 131.01485930383205 23.90972175449133 0
      vertex 130.94633885473013 23.603178896009922 0
    endloop
  endfacet
  facet normal 0 0 -1
    outer loop
      vertex 131.08856450766325 25.213392674922943 0
      vertex 130.94633885473013 23.603178896009922 0
      vertex 130.8587056323886 23.30154336243868 0
    endloop
  endfacet
  facet normal 0 0 -1
    outer loop
      vertex 131.08856450766325 25.213392674922943 0
      vertex 130.8587056323886 23.30154336243868 0
      vertex 130.7523054778576 23.006005570292473 0
    endloop
  endfacet
  facet normal 0 0 -1
    outer loop
      vertex 131.08856450766325 25.213392674922943 0
      vertex 130.7523054778576 23.006005570292473 0
      vertex 130.62755831331015 22.71773187071085 0
    endloop
  endfacet
  facet normal 0 0 -1
    outer loop
      vertex 131.08856450766325 25.213392674922943 0
      vertex 130.62755831331015 22.71773187071085 0
      vertex 130.48495645076036 22.43785995990038 0
    endloop
  endfacet
  facet normal 0 0 -1
    outer loop
      vertex 131.08856450766325 25.213392674922943 0
      vertex 130.48495645076036 22.43785995990038 0
      vertex 130.3250626772642 22.167494356632233 0
    endloop
  endfacet
  facet normal 0 0 -1
    outer loop
      vertex 131.08856450766325 25.213392674922943 0
      vertex 130.3250626772642 22.167494356632233 0
      vertex 130.14850801974535 21.907702066004276 0
    endloop
  endfacet
  facet normal 0 0 -1
    outer loop
      vertex 131.08856450766325 25.213392674922943 0
      vertex 130.14850801974535 21.907702066004276 0
      vertex 129.95598926395178 21.659508384764194 0
    endloop
  endfacet
  facet normal 0 0 -1
    outer loop
      vertex 131.08856450766325 25.213392674922943 0
      vertex 129.95598926395178 21.659508384764194 0
      vertex 129.74826619029045 21.423892803490162 0
    endloop
  endfacet
  facet normal 0 0 -1
    outer loop
      vertex 131.08856450766325 25.213392674922943 0
      vertex 129.74826619029045 21.423892803490162 0
      vertex 129.52615857869387 21.201785191893578 0
    endloop
  endfacet
  facet normal 0 0 -1
    outer loop
      vertex 131.08856450766325 25.213392674922943 0
      vertex 129.52615857869387 21.201785191893578 0
      vertex 129.29054299741983 20.99406211823225 0
    endloop
  endfacet
  facet normal 0 0 -1
    outer loop
      vertex 131.08856450766325 25.213392674922943 0
      vertex 129.29054299741983 20.99406211823225 0
      vertex 129.04234931617975 20.80154336243868 0
    endloop
  endfacet
  facet normal 0 0 -1
    outer loop
      vertex 131.08856450766325 25.213392674922943 0
      vertex 129.04234931617975 20.80154336243868 0
      vertex 128.7825570255518 20.624988704919815 0
    endloop
  endfacet
  facet normal 0 0 -1
    outer loop
      vertex 131.08856450766325 25.213392674922943 0
      vertex 128.7825570255518 20.624988704919815 0
      vertex 128.51219142228365 20.465094931423664 0
    endloop
  endfacet
  facet normal 0 0 -1
    outer loop
      vertex 131.08856450766325 25.213392674922943 0
      vertex 128.51219142228365 20.465094931423664 0
      vertex 128.23231951147318 20.322493068873882 0
    endloop
  endfacet
  facet normal 0 0 -1
    outer loop
      vertex 131.08856450766325 25.213392674922943 0
      vertex 128.23231951147318 20.322493068873882 0
      vertex 127.94404581189156 20.19774590432644 0
    endloop
  endfacet
  facet normal 0 0 -1
    outer loop
      vertex 131.08856450766325 25.213392674922943 0
      vertex 127.94404581189156 20.19774590432644 0
      vertex 127.64850801974535 20.091345749795437 0
    endloop
  endfacet
  facet normal 0 0 -1
    outer loop
      vertex 131.08856450766325 25.213392674922943 0
      vertex 127.64850801974535 20.091345749795437 0
      vertex 127.3468724861741 20.0037125274539 0
    endloop
  endfacet
  facet normal 0 0 -1
    outer loop
      vertex 131.08856450766325 25.213392674922943 0
      vertex 127.3468724861741 20.0037125274539 0
      vertex 127.0403296276927 19.935192078351974 0
    endloop
  endfacet
  facet normal 0 0 -1
    outer loop
      vertex 131.08856450766325 25.213392674922943 0
      vertex 127.0403296276927 19.935192078351974 0
      vertex 126.73008921742439 19.886054821312428 0
    endloop
  endfacet
  facet normal 0 0 -1
    outer loop
      vertex 131.08856450766325 25.213392674922943 0
      vertex 126.73008921742439 19.886054821312428 0
      vertex 126.41737564653158 19.856494687497616 0
    endloop
  endfacet
  facet normal 0 0 -1
    outer loop
      vertex 131.08856450766325 25.213392674922943 0
      vertex 126.41737564653158 19.856494687497616 0
      vertex 126.10342305153608 19.846628330647945 0
    endloop
  endfacet
  facet normal 0 0 -1
    outer loop
      vertex 131.0639965608716 25.473294496536255 0
      vertex 131.08856450766325 25.213392674922943 0
      vertex 126.10342305153608 19.846628330647945 0
    endloop
  endfacet
  facet normal 0 0 -1
    outer loop
      vertex 131.01485930383205 25.78353490680456 0
      vertex 131.0639965608716 25.473294496536255 0
      vertex 126.10342305153608 19.846628330647945 0
    endloop
  endfacet
  facet normal 0 0 -1
    outer loop
      vertex 130.98300685733557 25.937344536185265 0
      vertex 131.01485930383205 25.78353490680456 0
      vertex 126.10342305153608 19.846628330647945 0
    endloop
  endfacet
  facet normal 0 0 -1
    outer loop
      vertex 129.92032250016928 30.691521033644676 0
      vertex 130.98300685733557 25.937344536185265 0
      vertex 126.10342305153608 19.846628330647945 0
    endloop
  endfacet
  facet normal 0 0 -1
    outer loop
      vertex 129.92032250016928 30.691521033644676 0
      vertex 126.10342305153608 19.846628330647945 0
      vertex 122.46761267632246 19.846628330647945 0
    endloop
  endfacet
  facet normal 0 0 -1
    outer loop
      vertex 129.92032250016928 30.691521033644676 0
      vertex 122.46761267632246 19.846628330647945 0
      vertex 122.31055888533592 19.849095530807972 0
    endloop
  endfacet
  facet normal 0 0 -1
    outer loop
      vertex 129.92032250016928 30.691521033644676 0
      vertex 122.31055888533592 19.849095530807972 0
      vertex 121.99707110971212 19.868818506598473 0
    endloop
  endfacet
  facet normal 0 0 -1
    outer loop
      vertex 129.92032250016928 30.691521033644676 0
      vertex 121.99707110971212 19.868818506598473 0
      vertex 121.6854403540492 19.90818662941456 0
    endloop
  endfacet
  facet normal 0 0 -1
    outer loop
      vertex 129.92032250016928 30.691521033644676 0
      vertex 121.6854403540492 19.90818662941456 0
      vertex 121.37689647078514 19.96704451739788 0
    endloop
  endfacet
  facet normal 0 0 -1
    outer loop
      vertex 129.92032250016928 30.691521033644676 0
      vertex 121.37689647078514 19.96704451739788 0
      vertex 121.07265714555979 20.04515989869833 0
    endloop
  endfacet
  facet normal 0 0 -1
    outer loop
      vertex 129.92032250016928 30.691521033644676 0
      vertex 121.07265714555979 20.04515989869833 0
      vertex 120.77392307668924 20.142224483191967 0
    endloop
  endfacet
  facet normal 0 0 -1
    outer loop
      vertex 129.92032250016928 30.691521033644676 0
      vertex 120.77392307668924 20.142224483191967 0
      vertex 120.48187322169542 20.2578551992774 0
    endloop
  endfacet
  facet normal 0 0 -1
    outer loop
      vertex 129.92032250016928 30.691521033644676 0
      vertex 120.48187322169542 20.2578551992774 0
      vertex 120.19766017794609 20.39159570634365 0
    endloop
  endfacet
  facet normal 0 0 -1
    outer loop
      vertex 129.92032250016928 30.691521033644676 0
      vertex 120.19766017794609 20.39159570634365 0
      vertex 119.92240560054779 20.54291819781065 0
    endloop
  endfacet
  facet normal 0 0 -1
    outer loop
      vertex 129.92032250016928 30.691521033644676 0
      vertex 119.92240560054779 20.54291819781065 0
      vertex 119.65719579160213 20.71122545748949 0
    endloop
  endfacet
  facet normal 0 0 -1
    outer loop
      vertex 129.92032250016928 30.691521033644676 0
      vertex 119.65719579160213 20.71122545748949 0
      vertex 119.40307740867138 20.895853266119957 0
    endloop
  endfacet
  facet normal 0 0 -1
    outer loop
      vertex 129.92032250016928 30.691521033644676 0
      vertex 119.40307740867138 20.895853266119957 0
      vertex 119.16105335205793 21.096072979271412 0
    endloop
  endfacet
  facet normal 0 0 -1
    outer loop
      vertex 129.92032250016928 30.691521033644676 0
      vertex 119.16105335205793 21.096072979271412 0
      vertex 118.93207877129316 21.31109442561865 0
    endloop
  endfacet
  facet normal 0 0 -1
    outer loop
      vertex 129.92032250016928 30.691521033644676 0
      vertex 118.93207877129316 21.31109442561865 0
      vertex 118.71705733239651 21.54006899893284 0
    endloop
  endfacet
  facet normal 0 0 -1
    outer loop
      vertex 129.92032250016928 30.691521033644676 0
      vertex 118.71705733239651 21.54006899893284 0
      vertex 118.51683761924505 21.782093062996864 0
    endloop
  endfacet
  facet normal 0 0 -1
    outer loop
      vertex 129.92032250016928 30.691521033644676 0
      vertex 118.51683761924505 21.782093062996864 0
      vertex 118.332209803164 22.03621143847704 0
    endloop
  endfacet
  facet normal 0 0 -1
    outer loop
      vertex 129.92032250016928 30.691521033644676 0
      vertex 118.332209803164 22.03621143847704 0
      vertex 118.16390254348516 22.301421247422695 0
    endloop
  endfacet
  facet normal 0 0 -1
    outer loop
      vertex 129.92032250016928 30.691521033644676 0
      vertex 118.16390254348516 22.301421247422695 0
      vertex 118.01258005946875 22.576675832271576 0
    endloop
  endfacet
  facet normal 0 0 -1
    outer loop
      vertex 129.92032250016928 30.691521033644676 0
      vertex 118.01258005946875 22.576675832271576 0
      vertex 117.8788395524025 22.86088887602091 0
    endloop
  endfacet
  facet normal 0 0 -1
    outer loop
      vertex 129.92032250016928 30.691521033644676 0
      vertex 117.8788395524025 22.86088887602091 0
      vertex 117.76320882886648 23.152938723564148 0
    endloop
  endfacet
  facet normal 0 0 -1
    outer loop
      vertex 129.92032250016928 30.691521033644676 0
      vertex 117.76320882886648 23.152938723564148 0
      vertex 117.66614425182343 23.451672799885273 0
    endloop
  endfacet
  facet normal 0 0 -1
    outer loop
      vertex 129.92032250016928 30.691521033644676 0
      vertex 117.66614425182343 23.451672799885273 0
      vertex 117.58802887052298 23.755912117660046 0
    endloop
  endfacet
  facet normal 0 0 -1
    outer loop
      vertex 129.92032250016928 30.691521033644676 0
      vertex 117.58802887052298 23.755912117660046 0
      vertex 116.22758848965168 29.842172488570213 0
    endloop
  endfacet
  facet normal 0 0 -1
    outer loop
      vertex 129.9153303205967 30.74433282017708 0
      vertex 129.92032250016928 30.691521033644676 0
      vertex 116.22758848965168 29.842172488570213 0
    endloop
  endfacet
  facet normal 0 0 -1
    outer loop
      vertex 129.90546396374702 31.058285415172577 0
      vertex 129.9153303205967 30.74433282017708 0
      vertex 116.22758848965168 29.842172488570213 0
    endloop
  endfacet
  facet normal 0 0 -1
    outer loop
      vertex 129.9153303205967 31.372238010168076 0
      vertex 129.90546396374702 31.058285415172577 0
      vertex 116.22758848965168 29.842172488570213 0
    endloop
  endfacet
  facet normal 0 0 -1
    outer loop
      vertex 129.9153303205967 31.372238010168076 0
      vertex 116.22758848965168 29.842172488570213 0
      vertex 114.12443433701992 37.081276558339596 0
    endloop
  endfacet
  facet normal 0 0 -1
    outer loop
      vertex 129.9448904544115 31.684951581060886 0
      vertex 129.9153303205967 31.372238010168076 0
      vertex 114.12443433701992 37.081276558339596 0
    endloop
  endfacet
  facet normal 0 0 -1
    outer loop
      vertex 129.99402771145105 31.995191991329193 0
      vertex 129.9448904544115 31.684951581060886 0
      vertex 114.12443433701992 37.081276558339596 0
    endloop
  endfacet
  facet normal 0 0 -1
    outer loop
      vertex 130.06254816055298 32.3017348498106 0
      vertex 129.99402771145105 31.995191991329193 0
      vertex 114.12443433701992 37.081276558339596 0
    endloop
  endfacet
  facet normal 0 0 -1
    outer loop
      vertex 130.15018138289452 32.603370383381844 0
      vertex 130.06254816055298 32.3017348498106 0
      vertex 114.12443433701992 37.081276558339596 0
    endloop
  endfacet
  facet normal 0 0 -1
    outer loop
      vertex 130.25658153742552 32.89890817552805 0
      vertex 130.15018138289452 32.603370383381844 0
      vertex 114.12443433701992 37.081276558339596 0
    endloop
  endfacet
  facet normal 0 0 -1
    outer loop
      vertex 130.38132870197296 33.18718187510967 0
      vertex 130.25658153742552 32.89890817552805 0
      vertex 114.12443433701992 37.081276558339596 0
    endloop
  endfacet
  facet normal 0 0 -1
    outer loop
      vertex 130.52393056452274 33.46705378592014 0
      vertex 130.38132870197296 33.18718187510967 0
      vertex 114.12443433701992 37.081276558339596 0
    endloop
  endfacet
  facet normal 0 0 -1
    outer loop
      vertex 130.6838243380189 33.73741938918829 0
      vertex 130.52393056452274 33.46705378592014 0
      vertex 114.12443433701992 37.081276558339596 0
    endloop
  endfacet
  facet normal 0 0 -1
    outer loop
      vertex 130.86037899553776 33.997211679816246 0
      vertex 130.6838243380189 33.73741938918829 0
      vertex 114.12443433701992 37.081276558339596 0
    endloop
  endfacet
  facet normal 0 0 -1
    outer loop
      vertex 131.05289775133133 34.24540536105633 0
      vertex 130.86037899553776 33.997211679816246 0
      vertex 114.12443433701992 37.081276558339596 0
    endloop
  endfacet
  facet normal 0 0 -1
    outer loop
      vertex 131.26062082499266 34.48102094233036 0
      vertex 131.05289775133133 34.24540536105633 0
      vertex 114.12443433701992 37.081276558339596 0
    endloop
  endfacet
  facet normal 0 0 -1
    outer loop
      vertex 131.48272843658924 34.703128553926945 0
      vertex 131.26062082499266 34.48102094233036 0
      vertex 114.12443433701992 37.081276558339596 0
    endloop
  endfacet
  facet normal 0 0 -1
    outer loop
      vertex 131.71834401786327 34.91085162758827 0
      vertex 131.48272843658924 34.703128553926945 0
      vertex 114.12443433701992 37.081276558339596 0
    endloop
  endfacet
  facet normal 0 0 -1
    outer loop
      vertex 131.96653769910336 35.103370383381844 0
      vertex 131.71834401786327 34.91085162758827 0
      vertex 114.12443433701992 37.081276558339596 0
    endloop
  endfacet
  facet normal 0 0 -1
    outer loop
      vertex 132.2263299897313 35.27992504090071 0
      vertex 131.96653769910336 35.103370383381844 0
      vertex 114.12443433701992 37.081276558339596 0
    endloop
  endfacet
  facet normal 0 0 -1
    outer loop
      vertex 132.49669559299946 35.43981881439686 0
      vertex 132.2263299897313 35.27992504090071 0
      vertex 114.12443433701992 37.081276558339596 0
    endloop
  endfacet
  facet normal 0 0 -1
    outer loop
      vertex 132.77656750380993 35.58242067694664 0
      vertex 132.49669559299946 35.43981881439686 0
      vertex 114.12443433701992 37.081276558339596 0
    endloop
  endfacet
  facet normal 0 0 -1
    outer loop
      vertex 133.06484120339155 35.70716784149408 0
      vertex 132.77656750380993 35.58242067694664 0
      vertex 114.12443433701992 37.081276558339596 0
    endloop
  endfacet
  facet normal 0 0 -1
    outer loop
      vertex 133.36037899553776 35.813567996025085 0
      vertex 133.06484120339155 35.70716784149408 0
      vertex 114.12443433701992 37.081276558339596 0
    endloop
  endfacet
  facet normal 0 0 -1
    outer loop
      vertex 133.662014529109 35.90120121836662 0
      vertex 133.36037899553776 35.813567996025085 0
      vertex 114.12443433701992 37.081276558339596 0
    endloop
  endfacet
  facet normal 0 0 -1
    outer loop
      vertex 133.9685573875904 35.96972166746855 0
      vertex 133.662014529109 35.90120121836662 0
      vertex 114.12443433701992 37.081276558339596 0
    endloop
  endfacet
  facet normal 0 0 -1
    outer loop
      vertex 133.9685573875904 35.96972166746855 0
      vertex 114.12443433701992 37.081276558339596 0
      vertex 157.42409808933735 40.28992008417845 0
    endloop
  endfacet
  facet normal 0 0 -1
    outer loop
      vertex 134.27879779785872 36.018858924508095 0
      vertex 133.9685573875904 35.96972166746855 0
      vertex 157.42409808933735 40.28992008417845 0
    endloop
  endfacet
  facet normal 0 0 -1
    outer loop
      vertex 134.59151136875153 36.04841905832291 0
      vertex 134.27879779785872 36.018858924508095 0
      vertex 157.42409808933735 40.28992008417845 0
    endloop
  endfacet
  facet normal 0 0 -1
    outer loop
      vertex 134.90546396374702 36.05828541517258 0
      vertex 134.59151136875153 36.04841905832291 0
      vertex 157.42409808933735 40.28992008417845 0
    endloop
  endfacet
  facet normal 0 0 -1
    outer loop
      vertex 145.14718333631754 36.05828541517258 0
      vertex 134.90546396374702 36.05828541517258 0
      vertex 157.42409808933735 40.28992008417845 0
    endloop
  endfacet
  facet normal 0 0 -1
    outer loop
      vertex 145.30423713475466 36.05581821501255 0
      vertex 145.14718333631754 36.05828541517258 0
      vertex 157.42409808933735 40.28992008417845 0
    endloop
  endfacet
  facet normal 0 0 -1
    outer loop
      vertex 145.61772491037846 36.03609523922205 0
      vertex 145.30423713475466 36.05581821501255 0
      vertex 157.42409808933735 40.28992008417845 0
    endloop
  endfacet
  facet normal 0 0 -1
    outer loop
      vertex 145.92935566604137 35.996727116405964 0
      vertex 145.61772491037846 36.03609523922205 0
      vertex 157.42409808933735 40.28992008417845 0
    endloop
  endfacet
  facet normal 0 0 -1
    outer loop
      vertex 146.23789954930544 35.93786922097206 0
      vertex 145.92935566604137 35.996727116405964 0
      vertex 157.42409808933735 40.28992008417845 0
    endloop
  endfacet
  facet normal 0 0 -1
    outer loop
      vertex 146.5421388670802 35.85975383967161 0
      vertex 146.23789954930544 35.93786922097206 0
      vertex 157.42409808933735 40.28992008417845 0
    endloop
  endfacet
  facet normal 0 0 -1
    outer loop
      vertex 146.84087294340134 35.762689255177975 0
      vertex 146.5421388670802 35.85975383967161 0
      vertex 157.42409808933735 40.28992008417845 0
    endloop
  endfacet
  facet normal 0 0 -1
    outer loop
      vertex 147.13292279094458 35.64705853909254 0
      vertex 146.84087294340134 35.762689255177975 0
      vertex 157.42409808933735 40.28992008417845 0
    endloop
  endfacet
  facet normal 0 0 -1
    outer loop
      vertex 147.4171358421445 35.51331803202629 0
      vertex 147.13292279094458 35.64705853909254 0
      vertex 157.42409808933735 40.28992008417845 0
    endloop
  endfacet
  facet normal 0 0 -1
    outer loop
      vertex 147.6923904195428 35.36199554800987 0
      vertex 147.4171358421445 35.51331803202629 0
      vertex 157.42409808933735 40.28992008417845 0
    endloop
  endfacet
  facet normal 0 0 -1
    outer loop
      vertex 147.95760022848845 35.19368828088045 0
      vertex 147.6923904195428 35.36199554800987 0
      vertex 157.42409808933735 40.28992008417845 0
    endloop
  endfacet
  facet normal 0 0 -1
    outer loop
      vertex 148.2117186114192 35.009060472249985 0
      vertex 147.95760022848845 35.19368828088045 0
      vertex 157.42409808933735 40.28992008417845 0
    endloop
  endfacet
  facet normal 0 0 -1
    outer loop
      vertex 148.45374266803265 34.80884075909853 0
      vertex 148.2117186114192 35.009060472249985 0
      vertex 157.42409808933735 40.28992008417845 0
    endloop
  endfacet
  facet normal 0 0 -1
    outer loop
      vertex 148.68271724879742 34.593819320201874 0
      vertex 148.45374266803265 34.80884075909853 0
      vertex 157.42409808933735 40.28992008417845 0
    endloop
  endfacet
  facet normal 0 0 -1
    outer loop
      vertex 148.89773868769407 34.3648447394371 0
      vertex 148.68271724879742 34.593819320201874 0
      vertex 157.42409808933735 40.28992008417845 0
    endloop
  endfacet
  facet normal 0 0 -1
    outer loop
      vertex 149.09795840084553 34.12282068282366 0
      vertex 148.89773868769407 34.3648447394371 0
      vertex 157.42409808933735 40.28992008417845 0
    endloop
  endfacet
  facet normal 0 0 -1
    outer loop
      vertex 149.282586209476 33.8687022998929 0
      vertex 149.09795840084553 34.12282068282366 0
      vertex 157.42409808933735 40.28992008417845 0
    endloop
  endfacet
  facet normal 0 0 -1
    outer loop
      vertex 149.45089347660542 33.60349249094725 0
      vertex 149.282586209476 33.8687022998929 0
      vertex 157.42409808933735 40.28992008417845 0
    endloop
  endfacet
  facet normal 0 0 -1
    outer loop
      vertex 149.60221596062183 33.328237913548946 0
      vertex 149.45089347660542 33.60349249094725 0
      vertex 157.42409808933735 40.28992008417845 0
    endloop
  endfacet
  facet normal 0 0 -1
    outer loop
      vertex 149.60221596062183 33.328237913548946 0
      vertex 157.42409808933735 40.28992008417845 0
      vertex 159.5961962863803 30.572511330246925 0
    endloop
  endfacet
  facet normal 0 0 -1
    outer loop
      vertex 149.73595646768808 33.04402486234903 0
      vertex 149.60221596062183 33.328237913548946 0
      vertex 159.5961962863803 30.572511330246925 0
    endloop
  endfacet
  facet normal 0 0 -1
    outer loop
      vertex 149.85158718377352 32.751975014805794 0
      vertex 149.73595646768808 33.04402486234903 0
      vertex 159.5961962863803 30.572511330246925 0
    endloop
  endfacet
  facet normal 0 0 -1
    outer loop
      vertex 149.94865176826715 32.45324093848467 0
      vertex 149.85158718377352 32.751975014805794 0
      vertex 159.5961962863803 30.572511330246925 0
    endloop
  endfacet
  facet normal 0 0 -1
    outer loop
      vertex 150.0267671495676 32.149001620709896 0
      vertex 149.94865176826715 32.45324093848467 0
      vertex 159.5961962863803 30.572511330246925 0
    endloop
  endfacet
  facet normal 0 0 -1
    outer loop
      vertex 150.7492405474186 28.91684142500162 0
      vertex 150.0267671495676 32.149001620709896 0
      vertex 159.5961962863803 30.572511330246925 0
    endloop
  endfacet
  facet normal 0 0 -1
    outer loop
      vertex 150.80809843540192 28.608297541737556 0
      vertex 150.7492405474186 28.91684142500162 0
      vertex 159.5961962863803 30.572511330246925 0
    endloop
  endfacet
  facet normal 0 0 -1
    outer loop
      vertex 150.80809843540192 28.608297541737556 0
      vertex 159.5961962863803 30.572511330246925 0
      vertex 159.64328259974718 30.32567622512579 0
    endloop
  endfacet
  facet normal 0 0 -1
    outer loop
      vertex 152.26747484505177 19.394157506525517 0
      vertex 150.80809843540192 28.608297541737556 0
      vertex 159.64328259974718 30.32567622512579 0
    endloop
  endfacet
  facet normal 0 0 -1
    outer loop
      vertex 152.26747484505177 19.394157506525517 0
      vertex 159.64328259974718 30.32567622512579 0
      vertex 161.20093351602554 20.491055384278297 0
    endloop
  endfacet
  facet normal 0 0 -1
    outer loop
      vertex 152.30684296786785 19.0825267508626 0
      vertex 152.26747484505177 19.394157506525517 0
      vertex 161.20093351602554 20.491055384278297 0
    endloop
  endfacet
  facet normal 0 0 -1
    outer loop
      vertex 152.30684296786785 19.0825267508626 0
      vertex 161.20093351602554 20.491055384278297 0
      vertex 161.2324280142784 20.24175077676773 0
    endloop
  endfacet
  facet normal 0 0 -1
    outer loop
      vertex 153.18477899581194 9.794933713972569 0
      vertex 152.30684296786785 19.0825267508626 0
      vertex 161.2324280142784 20.24175077676773 0
    endloop
  endfacet
  facet normal 0 0 -1
    outer loop
      vertex 153.18477899581194 9.794933713972569 0
      vertex 161.2324280142784 20.24175077676773 0
      vertex 162.1694843173027 10.32873059809208 0
    endloop
  endfacet
  facet normal 0 0 -1
    outer loop
      vertex 153.20450197160244 9.48144594579935 0
      vertex 153.18477899581194 9.794933713972569 0
      vertex 162.1694843173027 10.32873059809208 0
    endloop
  endfacet
  facet normal 0 0 -1
    outer loop
      vertex 153.20450197160244 9.48144594579935 0
      vertex 162.1694843173027 10.32873059809208 0
      vertex 162.18526270240545 10.077940382063389 0
    endloop
  endfacet
  facet normal 0 0 -1
    outer loop
      vertex 153.49753279983997 0.15705379843711853 0
      vertex 153.20450197160244 9.48144594579935 0
      vertex 162.18526270240545 10.077940382063389 0
    endloop
  endfacet
  facet normal 0 0 -1
    outer loop
      vertex 153.49753279983997 0.15705379843711853 0
      vertex 162.18526270240545 10.077940382063389 0
      vertex 162.49802624434233 0.1256430372595787 0
    endloop
  endfacet
  facet normal 0 0 -1
    outer loop
      vertex 153.49753279983997 -0.15705379843711853 0
      vertex 153.49753279983997 0.15705379843711853 0
      vertex 162.49802624434233 0.1256430372595787 0
    endloop
  endfacet
  facet normal 0 0 -1
    outer loop
      vertex 153.49753279983997 -0.15705379843711853 0
      vertex 162.49802624434233 0.1256430372595787 0
      vertex 162.49802624434233 -0.1256430372595787 0
    endloop
  endfacet
  facet normal 0 0 -1
    outer loop
      vertex 153.20450197160244 -9.48144594579935 0
      vertex 153.49753279983997 -0.15705379843711853 0
      vertex 162.49802624434233 -0.1256430372595787 0
    endloop
  endfacet
  facet normal 0 0 -1
    outer loop
      vertex 153.20450197160244 -9.48144594579935 0
      vertex 162.49802624434233 -0.1256430372595787 0
      vertex 162.18526270240545 -10.077940382063389 0
    endloop
  endfacet
  facet normal 0 0 -1
    outer loop
      vertex 153.18477899581194 -9.794933713972569 0
      vertex 153.20450197160244 -9.48144594579935 0
      vertex 162.18526270240545 -10.077940382063389 0
    endloop
  endfacet
  facet normal 0 0 -1
    outer loop
      vertex 153.18477899581194 -9.794933713972569 0
      vertex 162.18526270240545 -10.077940382063389 0
      vertex 162.1694843173027 -10.32873059809208 0
    endloop
  endfacet
  facet normal 0 0 -1
    outer loop
      vertex 152.30684296786785 -19.0825267508626 0
      vertex 153.18477899581194 -9.794933713972569 0
      vertex 162.1694843173027 -10.32873059809208 0
    endloop
  endfacet
  facet normal 0 0 -1
    outer loop
      vertex 152.30684296786785 -19.0825267508626 0
      vertex 162.1694843173027 -10.32873059809208 0
      vertex 161.2324280142784 -20.24175077676773 0
    endloop
  endfacet
  facet normal 0 0 -1
    outer loop
      vertex 152.26747484505177 -19.394157506525517 0
      vertex 152.30684296786785 -19.0825267508626 0
      vertex 161.2324280142784 -20.24175077676773 0
    endloop
  endfacet
  facet normal 0 0 -1
    outer loop
      vertex 152.26747484505177 -19.394157506525517 0
      vertex 161.2324280142784 -20.24175077676773 0
      vertex 161.20093351602554 -20.491055384278297 0
    endloop
  endfacet
  facet normal 0 0 -1
    outer loop
      vertex 150.80809843540192 -28.608297541737556 0
      vertex 152.26747484505177 -19.394157506525517 0
      vertex 161.20093351602554 -20.491055384278297 0
    endloop
  endfacet
  facet normal 0 0 -1
    outer loop
      vertex 150.80809843540192 -28.608297541737556 0
      vertex 161.20093351602554 -20.491055384278297 0
      vertex 159.64328259974718 -30.32567622512579 0
    endloop
  endfacet
  facet normal 0 0 -1
    outer loop
      vertex 150.7492405474186 -28.91684142500162 0
      vertex 150.80809843540192 -28.608297541737556 0
      vertex 159.64328259974718 -30.32567622512579 0
    endloop
  endfacet
  facet normal 0 0 -1
    outer loop
      vertex 150.7492405474186 -28.91684142500162 0
      vertex 159.64328259974718 -30.32567622512579 0
      vertex 159.5961962863803 -30.572511330246925 0
    endloop
  endfacet
  facet normal 0 0 -1
    outer loop
      vertex 150.0267671495676 -32.149001620709896 0
      vertex 150.7492405474186 -28.91684142500162 0
      vertex 159.5961962863803 -30.572511330246925 0
    endloop
  endfacet
  facet normal 0 0 -1
    outer loop
      vertex 150.0267671495676 -32.149001620709896 0
      vertex 159.5961962863803 -30.572511330246925 0
      vertex 157.42409808933735 -40.28992009162903 0
    endloop
  endfacet
  facet normal 0 0 -1
    outer loop
      vertex 149.99009913951159 -32.3017348498106 0
      vertex 150.0267671495676 -32.149001620709896 0
      vertex 157.42409808933735 -40.28992009162903 0
    endloop
  endfacet
  facet normal 0 0 -1
    outer loop
      vertex 149.90246591717005 -32.603370383381844 0
      vertex 149.99009913951159 -32.3017348498106 0
      vertex 157.42409808933735 -40.28992009162903 0
    endloop
  endfacet
  facet normal 0 0 -1
    outer loop
      vertex 149.79606576263905 -32.89890817552805 0
      vertex 149.90246591717005 -32.603370383381844 0
      vertex 157.42409808933735 -40.28992009162903 0
    endloop
  endfacet
  facet normal 0 0 -1
    outer loop
      vertex 149.6713185980916 -33.18718187510967 0
      vertex 149.79606576263905 -32.89890817552805 0
      vertex 157.42409808933735 -40.28992009162903 0
    endloop
  endfacet
  facet normal 0 0 -1
    outer loop
      vertex 149.52871673554182 -33.46705378592014 0
      vertex 149.6713185980916 -33.18718187510967 0
      vertex 157.42409808933735 -40.28992009162903 0
    endloop
  endfacet
  facet normal 0 0 -1
    outer loop
      vertex 149.36882296204567 -33.73741938918829 0
      vertex 149.52871673554182 -33.46705378592014 0
      vertex 157.42409808933735 -40.28992009162903 0
    endloop
  endfacet
  facet normal 0 0 -1
    outer loop
      vertex 149.1922683045268 -33.997211679816246 0
      vertex 149.36882296204567 -33.73741938918829 0
      vertex 157.42409808933735 -40.28992009162903 0
    endloop
  endfacet
  facet normal 0 0 -1
    outer loop
      vertex 148.99974954873323 -34.24540536105633 0
      vertex 149.1922683045268 -33.997211679816246 0
      vertex 157.42409808933735 -40.28992009162903 0
    endloop
  endfacet
  facet normal 0 0 -1
    outer loop
      vertex 148.7920264750719 -34.48102094233036 0
      vertex 148.99974954873323 -34.24540536105633 0
      vertex 157.42409808933735 -40.28992009162903 0
    endloop
  endfacet
  facet normal 0 0 -1
    outer loop
      vertex 148.56991886347532 -34.703128553926945 0
      vertex 148.7920264750719 -34.48102094233036 0
      vertex 157.42409808933735 -40.28992009162903 0
    endloop
  endfacet
  facet normal 0 0 -1
    outer loop
      vertex 148.3343032822013 -34.91085162758827 0
      vertex 148.56991886347532 -34.703128553926945 0
      vertex 157.42409808933735 -40.28992009162903 0
    endloop
  endfacet
  facet normal 0 0 -1
    outer loop
      vertex 148.0861096009612 -35.103370383381844 0
      vertex 148.3343032822013 -34.91085162758827 0
      vertex 157.42409808933735 -40.28992009162903 0
    endloop
  endfacet
  facet normal 0 0 -1
    outer loop
      vertex 147.82631731033325 -35.27992504090071 0
      vertex 148.0861096009612 -35.103370383381844 0
      vertex 157.42409808933735 -40.28992009162903 0
    endloop
  endfacet
  facet normal 0 0 -1
    outer loop
      vertex 147.5559517070651 -35.43981881439686 0
      vertex 147.82631731033325 -35.27992504090071 0
      vertex 157.42409808933735 -40.28992009162903 0
    endloop
  endfacet
  facet normal 0 0 -1
    outer loop
      vertex 147.27607979625463 -35.58242067694664 0
      vertex 147.5559517070651 -35.43981881439686 0
      vertex 157.42409808933735 -40.28992009162903 0
    endloop
  endfacet
  facet normal 0 0 -1
    outer loop
      vertex 146.987806096673 -35.70716784149408 0
      vertex 147.27607979625463 -35.58242067694664 0
      vertex 157.42409808933735 -40.28992009162903 0
    endloop
  endfacet
  facet normal 0 0 -1
    outer loop
      vertex 146.6922683045268 -35.813567996025085 0
      vertex 146.987806096673 -35.70716784149408 0
      vertex 157.42409808933735 -40.28992009162903 0
    endloop
  endfacet
  facet normal 0 0 -1
    outer loop
      vertex 146.39063277095556 -35.90120121836662 0
      vertex 146.6922683045268 -35.813567996025085 0
      vertex 157.42409808933735 -40.28992009162903 0
    endloop
  endfacet
  facet normal 0 0 -1
    outer loop
      vertex 146.08408991247416 -35.96972166746855 0
      vertex 146.39063277095556 -35.90120121836662 0
      vertex 157.42409808933735 -40.28992009162903 0
    endloop
  endfacet
  facet normal 0 0 -1
    outer loop
      vertex 145.77384950220585 -36.018858924508095 0
      vertex 146.08408991247416 -35.96972166746855 0
      vertex 157.42409808933735 -40.28992009162903 0
    endloop
  endfacet
  facet normal 0 0 -1
    outer loop
      vertex 145.46113593131304 -36.04841905832291 0
      vertex 145.77384950220585 -36.018858924508095 0
      vertex 157.42409808933735 -40.28992009162903 0
    endloop
  endfacet
  facet normal 0 0 -1
    outer loop
      vertex 145.14718333631754 -36.05828541517258 0
      vertex 145.46113593131304 -36.04841905832291 0
      vertex 157.42409808933735 -40.28992009162903 0
    endloop
  endfacet
  facet normal 0 0 -1
    outer loop
      vertex 134.90546396374702 -36.05828541517258 0
      vertex 145.14718333631754 -36.05828541517258 0
      vertex 157.42409808933735 -40.28992009162903 0
    endloop
  endfacet
  facet normal 0 0 -1
    outer loop
      vertex 134.90546396374702 -36.05828541517258 0
      vertex 157.42409808933735 -40.28992009162903 0
      vertex 114.12443433701992 -37.081276558339596 0
    endloop
  endfacet
  facet normal 0 0 -1
    outer loop
      vertex 134.7484101653099 -36.05581821501255 0
      vertex 134.90546396374702 -36.05828541517258 0
      vertex 114.12443433701992 -37.081276558339596 0
    endloop
  endfacet
  facet normal 0 0 -1
    outer loop
      vertex 134.4349223971367 -36.03609523922205 0
      vertex 134.7484101653099 -36.05581821501255 0
      vertex 114.12443433701992 -37.081276558339596 0
    endloop
  endfacet
  facet normal 0 0 -1
    outer loop
      vertex 134.1232916340232 -35.996727116405964 0
      vertex 134.4349223971367 -36.03609523922205 0
      vertex 114.12443433701992 -37.081276558339596 0
    endloop
  endfacet
  facet normal 0 0 -1
    outer loop
      vertex 133.8147477582097 -35.93786922097206 0
      vertex 134.1232916340232 -35.996727116405964 0
      vertex 114.12443433701992 -37.081276558339596 0
    endloop
  endfacet
  facet normal 0 0 -1
    outer loop
      vertex 133.51050843298435 -35.85975383967161 0
      vertex 133.8147477582097 -35.93786922097206 0
      vertex 114.12443433701992 -37.081276558339596 0
    endloop
  endfacet
  facet normal 0 0 -1
    outer loop
      vertex 133.2117743641138 -35.762689262628555 0
      vertex 133.51050843298435 -35.85975383967161 0
      vertex 114.12443433701992 -37.081276558339596 0
    endloop
  endfacet
  facet normal 0 0 -1
    outer loop
      vertex 132.91972450912 -35.64705854654312 0
      vertex 133.2117743641138 -35.762689262628555 0
      vertex 114.12443433701992 -37.081276558339596 0
    endloop
  endfacet
  facet normal 0 0 -1
    outer loop
      vertex 132.63551146537066 -35.51331803202629 0
      vertex 132.91972450912 -35.64705854654312 0
      vertex 114.12443433701992 -37.081276558339596 0
    endloop
  endfacet
  facet normal 0 0 -1
    outer loop
      vertex 132.36025688052177 -35.36199554800987 0
      vertex 132.63551146537066 -35.51331803202629 0
      vertex 114.12443433701992 -37.081276558339596 0
    endloop
  endfacet
  facet normal 0 0 -1
    outer loop
      vertex 132.09504707157612 -35.19368828833103 0
      vertex 132.36025688052177 -35.36199554800987 0
      vertex 114.12443433701992 -37.081276558339596 0
    endloop
  endfacet
  facet normal 0 0 -1
    outer loop
      vertex 131.84092869609594 -35.009060479700565 0
      vertex 132.09504707157612 -35.19368828833103 0
      vertex 114.12443433701992 -37.081276558339596 0
    endloop
  endfacet
  facet normal 0 0 -1
    outer loop
      vertex 131.5989046394825 -34.80884075909853 0
      vertex 131.84092869609594 -35.009060479700565 0
      vertex 114.12443433701992 -37.081276558339596 0
    endloop
  endfacet
  facet normal 0 0 -1
    outer loop
      vertex 131.36993005871773 -34.593819320201874 0
      vertex 131.5989046394825 -34.80884075909853 0
      vertex 114.12443433701992 -37.081276558339596 0
    endloop
  endfacet
  facet normal 0 0 -1
    outer loop
      vertex 131.1549086123705 -34.3648447394371 0
      vertex 131.36993005871773 -34.593819320201874 0
      vertex 114.12443433701992 -37.081276558339596 0
    endloop
  endfacet
  facet normal 0 0 -1
    outer loop
      vertex 130.95468889921904 -34.12282068282366 0
      vertex 131.1549086123705 -34.3648447394371 0
      vertex 114.12443433701992 -37.081276558339596 0
    endloop
  endfacet
  facet normal 0 0 -1
    outer loop
      vertex 130.77006109058857 -33.8687022998929 0
      vertex 130.95468889921904 -34.12282068282366 0
      vertex 114.12443433701992 -37.081276558339596 0
    endloop
  endfacet
  facet normal 0 0 -1
    outer loop
      vertex 130.60175383090973 -33.60349249094725 0
      vertex 130.77006109058857 -33.8687022998929 0
      vertex 114.12443433701992 -37.081276558339596 0
    endloop
  endfacet
  facet normal 0 0 -1
    outer loop
      vertex 130.45043133944273 -33.328237913548946 0
      vertex 130.60175383090973 -33.60349249094725 0
      vertex 114.12443433701992 -37.081276558339596 0
    endloop
  endfacet
  facet normal 0 0 -1
    outer loop
      vertex 130.31669083237648 -33.044024869799614 0
      vertex 130.45043133944273 -33.328237913548946 0
      vertex 114.12443433701992 -37.081276558339596 0
    endloop
  endfacet
  facet normal 0 0 -1
    outer loop
      vertex 130.20106011629105 -32.751975014805794 0
      vertex 130.31669083237648 -33.044024869799614 0
      vertex 114.12443433701992 -37.081276558339596 0
    endloop
  endfacet
  facet normal 0 0 -1
    outer loop
      vertex 130.20106011629105 -32.751975014805794 0
      vertex 114.12443433701992 -37.081276558339596 0
      vertex 116.22758848965168 -29.842172488570213 0
    endloop
  endfacet
  facet normal 0 0 -1
    outer loop
      vertex 130.1039955317974 -32.45324094593525 0
      vertex 130.20106011629105 -32.751975014805794 0
      vertex 116.22758848965168 -29.842172488570213 0
    endloop
  endfacet
  facet normal 0 0 -1
    outer loop
      vertex 130.02588015049696 -32.149001620709896 0
      vertex 130.1039955317974 -32.45324094593525 0
      vertex 116.22758848965168 -29.842172488570213 0
    endloop
  endfacet
  facet normal 0 0 -1
    outer loop
      vertex 129.96702226251364 -31.84045773744583 0
      vertex 130.02588015049696 -32.149001620709896 0
      vertex 116.22758848965168 -29.842172488570213 0
    endloop
  endfacet
  facet normal 0 0 -1
    outer loop
      vertex 129.92765413969755 -31.528826981782913 0
      vertex 129.96702226251364 -31.84045773744583 0
      vertex 116.22758848965168 -29.842172488570213 0
    endloop
  endfacet
  facet normal 0 0 -1
    outer loop
      vertex 129.90793116390705 -31.215339206159115 0
      vertex 129.92765413969755 -31.528826981782913 0
      vertex 116.22758848965168 -29.842172488570213 0
    endloop
  endfacet
  facet normal 0 0 -1
    outer loop
      vertex 129.90793116390705 -30.90123161673546 0
      vertex 129.90793116390705 -31.215339206159115 0
      vertex 116.22758848965168 -29.842172488570213 0
    endloop
  endfacet
  facet normal 0 0 -1
    outer loop
      vertex 129.92143939435482 -30.68652432411909 0
      vertex 129.90793116390705 -30.90123161673546 0
      vertex 116.22758848965168 -29.842172488570213 0
    endloop
  endfacet
  facet normal 0 0 -1
    outer loop
      vertex 129.92143939435482 -30.68652432411909 0
      vertex 116.22758848965168 -29.842172488570213 0
      vertex 117.58802887052298 -23.755912117660046 0
    endloop
  endfacet
  facet normal 0 0 -1
    outer loop
      vertex 129.92143939435482 -30.68652432411909 0
      vertex 117.58802887052298 -23.755912117660046 0
      vertex 117.62469687312841 -23.603178896009922 0
    endloop
  endfacet
  facet normal 0 0 -1
    outer loop
      vertex 129.92143939435482 -30.68652432411909 0
      vertex 117.62469687312841 -23.603178896009922 0
      vertex 117.71233009546995 -23.30154336243868 0
    endloop
  endfacet
  facet normal 0 0 -1
    outer loop
      vertex 129.92143939435482 -30.68652432411909 0
      vertex 117.71233009546995 -23.30154336243868 0
      vertex 117.81873025000095 -23.006005570292473 0
    endloop
  endfacet
  facet normal 0 0 -1
    outer loop
      vertex 129.92143939435482 -30.68652432411909 0
      vertex 117.81873025000095 -23.006005570292473 0
      vertex 117.9434774145484 -22.71773187071085 0
    endloop
  endfacet
  facet normal 0 0 -1
    outer loop
      vertex 129.92143939435482 -30.68652432411909 0
      vertex 117.9434774145484 -22.71773187071085 0
      vertex 118.08607927709818 -22.43785995990038 0
    endloop
  endfacet
  facet normal 0 0 -1
    outer loop
      vertex 129.92143939435482 -30.68652432411909 0
      vertex 118.08607927709818 -22.43785995990038 0
      vertex 118.24597305059433 -22.167494356632233 0
    endloop
  endfacet
  facet normal 0 0 -1
    outer loop
      vertex 129.92143939435482 -30.68652432411909 0
      vertex 118.24597305059433 -22.167494356632233 0
      vertex 118.4225277081132 -21.907702066004276 0
    endloop
  endfacet
  facet normal 0 0 -1
    outer loop
      vertex 129.92143939435482 -30.68652432411909 0
      vertex 118.4225277081132 -21.907702066004276 0
      vertex 118.61504646390676 -21.659508384764194 0
    endloop
  endfacet
  facet normal 0 0 -1
    outer loop
      vertex 129.92143939435482 -30.68652432411909 0
      vertex 118.61504646390676 -21.659508384764194 0
      vertex 118.82276953756809 -21.423892803490162 0
    endloop
  endfacet
  facet normal 0 0 -1
    outer loop
      vertex 129.92143939435482 -30.68652432411909 0
      vertex 118.82276953756809 -21.423892803490162 0
      vertex 119.04487714916468 -21.201785191893578 0
    endloop
  endfacet
  facet normal 0 0 -1
    outer loop
      vertex 129.92143939435482 -30.68652432411909 0
      vertex 119.04487714916468 -21.201785191893578 0
      vertex 119.28049273043871 -20.99406211823225 0
    endloop
  endfacet
  facet normal 0 0 -1
    outer loop
      vertex 129.92143939435482 -30.68652432411909 0
      vertex 119.28049273043871 -20.99406211823225 0
      vertex 119.52868641167879 -20.80154336243868 0
    endloop
  endfacet
  facet normal 0 0 -1
    outer loop
      vertex 129.92143939435482 -30.68652432411909 0
      vertex 119.52868641167879 -20.80154336243868 0
      vertex 119.78847870230675 -20.624988704919815 0
    endloop
  endfacet
  facet normal 0 0 -1
    outer loop
      vertex 129.92143939435482 -30.68652432411909 0
      vertex 119.78847870230675 -20.624988704919815 0
      vertex 120.0588443055749 -20.465094931423664 0
    endloop
  endfacet
  facet normal 0 0 -1
    outer loop
      vertex 129.92143939435482 -30.68652432411909 0
      vertex 120.0588443055749 -20.465094931423664 0
      vertex 120.33871621638536 -20.322493068873882 0
    endloop
  endfacet
  facet normal 0 0 -1
    outer loop
      vertex 129.92143939435482 -30.68652432411909 0
      vertex 120.33871621638536 -20.322493068873882 0
      vertex 120.62698991596699 -20.19774590432644 0
    endloop
  endfacet
  facet normal 0 0 -1
    outer loop
      vertex 129.92143939435482 -30.68652432411909 0
      vertex 120.62698991596699 -20.19774590432644 0
      vertex 120.9225277081132 -20.091345749795437 0
    endloop
  endfacet
  facet normal 0 0 -1
    outer loop
      vertex 129.92143939435482 -30.68652432411909 0
      vertex 120.9225277081132 -20.091345749795437 0
      vertex 121.22416324168444 -20.0037125274539 0
    endloop
  endfacet
  facet normal 0 0 -1
    outer loop
      vertex 129.92143939435482 -30.68652432411909 0
      vertex 121.22416324168444 -20.0037125274539 0
      vertex 121.53070610016584 -19.935192078351974 0
    endloop
  endfacet
  facet normal 0 0 -1
    outer loop
      vertex 129.92143939435482 -30.68652432411909 0
      vertex 121.53070610016584 -19.935192078351974 0
      vertex 121.84094651043415 -19.886054821312428 0
    endloop
  endfacet
  facet normal 0 0 -1
    outer loop
      vertex 129.92143939435482 -30.68652432411909 0
      vertex 121.84094651043415 -19.886054821312428 0
      vertex 122.15366008132696 -19.856494687497616 0
    endloop
  endfacet
  facet normal 0 0 -1
    outer loop
      vertex 129.92143939435482 -30.68652432411909 0
      vertex 122.15366008132696 -19.856494687497616 0
      vertex 122.46761267632246 -19.846628330647945 0
    endloop
  endfacet
  facet normal 0 0 -1
    outer loop
      vertex 130.98300685733557 -25.937344536185265 0
      vertex 129.92143939435482 -30.68652432411909 0
      vertex 122.46761267632246 -19.846628330647945 0
    endloop
  endfacet
  facet normal 0 0 -1
    outer loop
      vertex 131.04186475276947 -25.62880066037178 0
      vertex 130.98300685733557 -25.937344536185265 0
      vertex 122.46761267632246 -19.846628330647945 0
    endloop
  endfacet
  facet normal 0 0 -1
    outer loop
      vertex 131.08123287558556 -25.31716989725828 0
      vertex 131.04186475276947 -25.62880066037178 0
      vertex 122.46761267632246 -19.846628330647945 0
    endloop
  endfacet
  facet normal 0 0 -1
    outer loop
      vertex 131.0874476134777 -25.21838938444853 0
      vertex 131.08123287558556 -25.31716989725828 0
      vertex 122.46761267632246 -19.846628330647945 0
    endloop
  endfacet
  facet normal 0 0 -1
    outer loop
      vertex 131.10095585137606 -24.846628330647945 0
      vertex 131.0874476134777 -25.21838938444853 0
      vertex 122.46761267632246 -19.846628330647945 0
    endloop
  endfacet
  facet normal 0 0 -1
    outer loop
      vertex 131.10095585137606 -24.689574539661407 0
      vertex 131.10095585137606 -24.846628330647945 0
      vertex 122.46761267632246 -19.846628330647945 0
    endloop
  endfacet
  facet normal 0 0 -1
    outer loop
      vertex 131.08123287558556 -24.37608676403761 0
      vertex 131.10095585137606 -24.689574539661407 0
      vertex 122.46761267632246 -19.846628330647945 0
    endloop
  endfacet
  facet normal 0 0 -1
    outer loop
      vertex 131.04186475276947 -24.06445600837469 0
      vertex 131.08123287558556 -24.37608676403761 0
      vertex 122.46761267632246 -19.846628330647945 0
    endloop
  endfacet
  facet normal 0 0 -1
    outer loop
      vertex 130.98300686478615 -23.755912125110626 0
      vertex 131.04186475276947 -24.06445600837469 0
      vertex 122.46761267632246 -19.846628330647945 0
    endloop
  endfacet
  facet normal 0 0 -1
    outer loop
      vertex 130.9048914834857 -23.451672799885273 0
      vertex 130.98300686478615 -23.755912125110626 0
      vertex 122.46761267632246 -19.846628330647945 0
    endloop
  endfacet
  facet normal 0 0 -1
    outer loop
      vertex 130.80782689899206 -23.15293873101473 0
      vertex 130.9048914834857 -23.451672799885273 0
      vertex 122.46761267632246 -19.846628330647945 0
    endloop
  endfacet
  facet normal 0 0 -1
    outer loop
      vertex 130.69219618290663 -22.86088887602091 0
      vertex 130.80782689899206 -23.15293873101473 0
      vertex 122.46761267632246 -19.846628330647945 0
    endloop
  endfacet
  facet normal 0 0 -1
    outer loop
      vertex 130.55845567584038 -22.576675832271576 0
      vertex 130.69219618290663 -22.86088887602091 0
      vertex 122.46761267632246 -19.846628330647945 0
    endloop
  endfacet
  facet normal 0 0 -1
    outer loop
      vertex 130.40713318437338 -22.301421254873276 0
      vertex 130.55845567584038 -22.576675832271576 0
      vertex 122.46761267632246 -19.846628330647945 0
    endloop
  endfacet
  facet normal 0 0 -1
    outer loop
      vertex 130.23882592469454 -22.03621144592762 0
      vertex 130.40713318437338 -22.301421254873276 0
      vertex 122.46761267632246 -19.846628330647945 0
    endloop
  endfacet
  facet normal 0 0 -1
    outer loop
      vertex 130.23882592469454 -22.03621144592762 0
      vertex 122.46761267632246 -19.846628330647945 0
      vertex 126.10342305153608 -19.846628330647945 0
    endloop
  endfacet
  facet normal 0 0 -1
    outer loop
      vertex 130.23882592469454 -22.03621144592762 0
      vertex 126.10342305153608 -19.846628330647945 0
      vertex 126.2604768499732 -19.849095530807972 0
    endloop
  endfacet
  facet normal 0 0 -1
    outer loop
      vertex 130.23882592469454 -22.03621144592762 0
      vertex 126.2604768499732 -19.849095530807972 0
      vertex 126.57396461814642 -19.868818506598473 0
    endloop
  endfacet
  facet normal 0 0 -1
    outer loop
      vertex 130.23882592469454 -22.03621144592762 0
      vertex 126.57396461814642 -19.868818506598473 0
      vertex 126.88559538125992 -19.90818662941456 0
    endloop
  endfacet
  facet normal 0 0 -1
    outer loop
      vertex 130.23882592469454 -22.03621144592762 0
      vertex 126.88559538125992 -19.90818662941456 0
      vertex 127.1941392570734 -19.96704452484846 0
    endloop
  endfacet
  facet normal 0 0 -1
    outer loop
      vertex 130.05419811606407 -21.782093062996864 0
      vertex 130.23882592469454 -22.03621144592762 0
      vertex 127.1941392570734 -19.96704452484846 0
    endloop
  endfacet
  facet normal 0 0 -1
    outer loop
      vertex 130.05419811606407 -21.782093062996864 0
      vertex 127.1941392570734 -19.96704452484846 0
      vertex 127.49837858229876 -20.04515990614891 0
    endloop
  endfacet
  facet normal 0 0 -1
    outer loop
      vertex 129.85397840291262 -21.54006900638342 0
      vertex 130.05419811606407 -21.782093062996864 0
      vertex 127.49837858229876 -20.04515990614891 0
    endloop
  endfacet
  facet normal 0 0 -1
    outer loop
      vertex 129.63895695656538 -21.31109442561865 0
      vertex 129.85397840291262 -21.54006900638342 0
      vertex 127.49837858229876 -20.04515990614891 0
    endloop
  endfacet
  facet normal 0 0 -1
    outer loop
      vertex 129.4099823758006 -21.096072986721992 0
      vertex 129.63895695656538 -21.31109442561865 0
      vertex 127.49837858229876 -20.04515990614891 0
    endloop
  endfacet
  facet normal 0 0 -1
    outer loop
      vertex 129.4099823758006 -21.096072986721992 0
      vertex 127.49837858229876 -20.04515990614891 0
      vertex 127.7971126511693 -20.142224483191967 0
    endloop
  endfacet
  facet normal 0 0 -1
    outer loop
      vertex 129.16795831918716 -20.895853273570538 0
      vertex 129.4099823758006 -21.096072986721992 0
      vertex 127.7971126511693 -20.142224483191967 0
    endloop
  endfacet
  facet normal 0 0 -1
    outer loop
      vertex 129.16795831918716 -20.895853273570538 0
      vertex 127.7971126511693 -20.142224483191967 0
      vertex 128.08916250616312 -20.2578551992774 0
    endloop
  endfacet
  facet normal 0 0 -1
    outer loop
      vertex 128.913839943707 -20.71122545748949 0
      vertex 129.16795831918716 -20.895853273570538 0
      vertex 128.08916250616312 -20.2578551992774 0
    endloop
  endfacet
  facet normal 0 0 -1
    outer loop
      vertex 128.37337554991245 -20.39159571379423 0
      vertex 128.64863013476133 -20.54291819781065 0
      vertex 128.913839943707 -20.71122545748949 0
    endloop
  endfacet
  facet normal 0 0 -1
    outer loop
      vertex 128.37337554991245 -20.39159571379423 0
      vertex 128.913839943707 -20.71122545748949 0
      vertex 128.08916250616312 -20.2578551992774 0
    endloop
  endfacet
endsolid OpenSCAD_Model
